{
  "type": "FeatureCollection",
  "features": [
    {
      "type": "Feature",
      "properties": {
        "id": "22339C83FE82FD0F",
        "name": "District 22",
        "description": "Postal code starting with 60, 61, 62, 63 and 64.\n\nJurong: https://www.penang-traveltips.com/singapore/jurong.htm\nPioneer: https://www.penang-traveltips.com/singapore/pioneer.htm\nTuas: https://www.penang-traveltips.com/singapore/tuas.htm",
        "postalSectors": [
          60,
          61,
          62,
          63
        ],
        "districtNumber": 22
      },
      "geometry": {
        "coordinates": [
          [
            [
              103.6525726,
              1.3753047
            ],
            [
              103.650856,
              1.3741892
            ],
            [
              103.6493969,
              1.371615
            ],
            [
              103.6451054,
              1.3589157
            ],
            [
              103.6415863,
              1.3577144
            ],
            [
              103.6384106,
              1.3515363
            ],
            [
              103.635664,
              1.3517079
            ],
            [
              103.6342049,
              1.3493912
            ],
            [
              103.6343765,
              1.3462163
            ],
            [
              103.6359215,
              1.3451008
            ],
            [
              103.6348915,
              1.3429556
            ],
            [
              103.6342049,
              1.3413253
            ],
            [
              103.6264801,
              1.3178998
            ],
            [
              103.6187553,
              1.2971342
            ],
            [
              103.6180687,
              1.2973916
            ],
            [
              103.6171246,
              1.2940451
            ],
            [
              103.6178112,
              1.2929296
            ],
            [
              103.6196995,
              1.2894114
            ],
            [
              103.6184978,
              1.2881243
            ],
            [
              103.6188412,
              1.2841771
            ],
            [
              103.6183262,
              1.2813454
            ],
            [
              103.6161804,
              1.2791143
            ],
            [
              103.6112022,
              1.2772265
            ],
            [
              103.6094856,
              1.270705
            ],
            [
              103.6084557,
              1.2689888
            ],
            [
              103.6068249,
              1.2646125
            ],
            [
              103.6094856,
              1.2647841
            ],
            [
              103.6096573,
              1.2613517
            ],
            [
              103.6054516,
              1.2610943
            ],
            [
              103.6051941,
              1.2599788
            ],
            [
              103.6088848,
              1.2600646
            ],
            [
              103.6090565,
              1.2558599
            ],
            [
              103.6116314,
              1.2550876
            ],
            [
              103.6116314,
              1.2528565
            ],
            [
              103.6086273,
              1.253114
            ],
            [
              103.6087132,
              1.2464208
            ],
            [
              103.612318,
              1.2465066
            ],
            [
              103.6122322,
              1.2440181
            ],
            [
              103.6059666,
              1.243589
            ],
            [
              103.6052799,
              1.2411863
            ],
            [
              103.6081982,
              1.2405857
            ],
            [
              103.6105156,
              1.2410147
            ],
            [
              103.6073304950717,
              1.2379587842925717
            ],
            [
              103.60664047745239,
              1.2355587732819702
            ],
            [
              103.60662381138891,
              1.2341499
            ],
            [
              103.60619471138885,
              1.2331700270139994
            ],
            [
              103.60638030776286,
              1.2256878852847168
            ],
            [
              103.6057091,
              1.2236809
            ],
            [
              103.6053658,
              1.2225654
            ],
            [
              103.6069107,
              1.2192187
            ],
            [
              103.6415863,
              1.2099511
            ],
            [
              103.6435604,
              1.2097795
            ],
            [
              103.644762,
              1.2127829
            ],
            [
              103.641243,
              1.2117531
            ],
            [
              103.67224525421422,
              1.2192597455102774
            ],
            [
              103.69134593092564,
              1.2399690619092931
            ],
            [
              103.68532076788368,
              1.2588546687102822
            ],
            [
              103.68159213051422,
              1.2629242245553531
            ],
            [
              103.68519152100896,
              1.2682472555406172
            ],
            [
              103.6941845337911,
              1.2603298308287276
            ],
            [
              103.69630676805926,
              1.2502682304003496
            ],
            [
              103.71422285887016,
              1.260519013435528
            ],
            [
              103.70478045472294,
              1.2658765973204662
            ],
            [
              103.70707438106544,
              1.2690227850949838
            ],
            [
              103.72256422631517,
              1.260416678074653
            ],
            [
              103.7339190409965,
              1.2660335958270323
            ],
            [
              103.74021164865877,
              1.273937123828942
            ],
            [
              103.72517817615022,
              1.288284347633262
            ],
            [
              103.71678382320533,
              1.2925593471944004
            ],
            [
              103.70586103167199,
              1.2926220079621298
            ],
            [
              103.68485279290582,
              1.2899857712127727
            ],
            [
              103.66498546363881,
              1.2794143029196237
            ],
            [
              103.650341,
              1.2810021
            ],
            [
              103.64905675053228,
              1.2872195550179786
            ],
            [
              103.6385822,
              1.3081177
            ],
            [
              103.6365223,
              1.3098339
            ],
            [
              103.6353207,
              1.3118075
            ],
            [
              103.6373806,
              1.3154114
            ],
            [
              103.6436462,
              1.3106919
            ],
            [
              103.6499977,
              1.3167843
            ],
            [
              103.651886,
              1.3157546
            ],
            [
              103.6458778,
              1.3088042
            ],
            [
              103.6490536,
              1.3052002
            ],
            [
              103.6483669,
              1.3042563
            ],
            [
              103.6488819,
              1.3033124
            ],
            [
              103.6560917,
              1.3109494
            ],
            [
              103.6572933,
              1.3100913
            ],
            [
              103.6491394,
              1.3015104
            ],
            [
              103.6546326,
              1.2955467
            ],
            [
              103.6649323,
              1.2908273
            ],
            [
              103.6661339,
              1.2890253
            ],
            [
              103.6639023,
              1.2871375
            ],
            [
              103.6641598,
              1.2865368
            ],
            [
              103.6710262,
              1.2918999
            ],
            [
              103.6733007,
              1.2937448
            ],
            [
              103.676734,
              1.2964477
            ],
            [
              103.6786652,
              1.2964048
            ],
            [
              103.6829138,
              1.2982068
            ],
            [
              103.6882353,
              1.2997514
            ],
            [
              103.6931705,
              1.2994939
            ],
            [
              103.6994791,
              1.2992794
            ],
            [
              103.699522,
              1.3016392
            ],
            [
              103.711195,
              1.3021111
            ],
            [
              103.7111521,
              1.2991507
            ],
            [
              103.7117958,
              1.2992794
            ],
            [
              103.7282753,
              1.2993652
            ],
            [
              103.7306786,
              1.3006953
            ],
            [
              103.743639,
              1.2978636
            ],
            [
              103.7493896,
              1.2959758
            ],
            [
              103.7526941,
              1.2964048
            ],
            [
              103.7560844,
              1.2974774
            ],
            [
              103.7535095,
              1.304857
            ],
            [
              103.7518787,
              1.307517
            ],
            [
              103.7474155,
              1.3102629
            ],
            [
              103.7448406,
              1.3090616
            ],
            [
              103.7419224,
              1.3123652
            ],
            [
              103.7414932,
              1.3139527
            ],
            [
              103.7498188,
              1.3168701
            ],
            [
              103.7520504,
              1.3209031
            ],
            [
              103.7523937,
              1.3230483
            ],
            [
              103.7541103,
              1.3242496
            ],
            [
              103.7541103,
              1.32588
            ],
            [
              103.7559342,
              1.3266951
            ],
            [
              103.7550652,
              1.3281968
            ],
            [
              103.7506342,
              1.3293337
            ],
            [
              103.7502051,
              1.3353081
            ],
            [
              103.7566209,
              1.335721
            ],
            [
              103.7569213,
              1.3344071
            ],
            [
              103.757844,
              1.3336456
            ],
            [
              103.758434,
              1.3349327
            ],
            [
              103.7596464,
              1.3357049
            ],
            [
              103.7520504,
              1.3396091
            ],
            [
              103.7442398,
              1.3444143
            ],
            [
              103.7410641,
              1.3451866
            ],
            [
              103.73806,
              1.3457873
            ],
            [
              103.7384892,
              1.3483615
            ],
            [
              103.7372017,
              1.3516221
            ],
            [
              103.7338543,
              1.3594305
            ],
            [
              103.7332535,
              1.3664667
            ],
            [
              103.7214088,
              1.3648363
            ],
            [
              103.7112808,
              1.3618331
            ],
            [
              103.7080193,
              1.3638925
            ],
            [
              103.7019253,
              1.3638925
            ],
            [
              103.6984921,
              1.3667241
            ],
            [
              103.6905098,
              1.3688692
            ],
            [
              103.6864758,
              1.3634634
            ],
            [
              103.6775494,
              1.3619189
            ],
            [
              103.6616707,
              1.3628628
            ],
            [
              103.6565208,
              1.3732454
            ],
            [
              103.6525726,
              1.3753047
            ]
          ]
        ],
        "type": "Polygon"
      }
    },
    {
      "type": "Feature",
      "properties": {
        "id": "223329F6AEEA82D3",
        "name": "District 1",
        "postalSectors": [
          "01",
          "02",
          "03",
          "04",
          "05",
          "06"
        ],
        "description": "Postal codes starting with 01, 02, 03, 04, 05 and 06.\n\nRaffles Place: https://www.penang-traveltips.com/singapore/raffles-place.htm\nMarina Bay: https://www.penang-traveltips.com/singapore/marina-bay.htm\nMarina South: https://www.penang-traveltips.com/singapore/marina-south.htm\nChinatown: https://www.penang-traveltips.com/singapore/chinatown.htm\nBoat Quay: https://www.penang-traveltips.com/singapore/boat-quay.htm",
        "districtNumber": 1
      },
      "geometry": {
        "coordinates": [
          [
            [
              103.8515067,
              1.2866226
            ],
            [
              103.8510025,
              1.2870946
            ],
            [
              103.8497901,
              1.2887678
            ],
            [
              103.8489318,
              1.2897117
            ],
            [
              103.8480091,
              1.2900121
            ],
            [
              103.8466573,
              1.2901408
            ],
            [
              103.845005,
              1.2894758
            ],
            [
              103.8447154,
              1.2899048
            ],
            [
              103.8446724,
              1.290602
            ],
            [
              103.8439107,
              1.2912349
            ],
            [
              103.8430309,
              1.2912992
            ],
            [
              103.8412607,
              1.2881028
            ],
            [
              103.8423336,
              1.2874646
            ],
            [
              103.842119,
              1.2868586
            ],
            [
              103.8423014,
              1.2863866
            ],
            [
              103.8427198,
              1.2857109
            ],
            [
              103.8418937,
              1.2849708
            ],
            [
              103.8417542,
              1.2836837
            ],
            [
              103.8394046,
              1.2816028
            ],
            [
              103.8394153,
              1.2807125
            ],
            [
              103.8408315,
              1.2823107
            ],
            [
              103.8412178,
              1.281946
            ],
            [
              103.8420975,
              1.2830052
            ],
            [
              103.8429987,
              1.2823831
            ],
            [
              103.8428003,
              1.2819943
            ],
            [
              103.8437739,
              1.2814633
            ],
            [
              103.8436934,
              1.2808734
            ],
            [
              103.8474083,
              1.2768404
            ],
            [
              103.8514423,
              1.274309
            ],
            [
              103.8515711,
              1.2713486
            ],
            [
              103.8583946,
              1.2676158
            ],
            [
              103.8614416,
              1.2636686
            ],
            [
              103.8626862,
              1.2641835
            ],
            [
              103.8603687,
              1.2677875
            ],
            [
              103.8628578,
              1.2695037
            ],
            [
              103.8635015,
              1.2703618
            ],
            [
              103.8720417,
              1.27654
            ],
            [
              103.8725567,
              1.2785995
            ],
            [
              103.8715267,
              1.2812595
            ],
            [
              103.869338,
              1.282847
            ],
            [
              103.8659477,
              1.2845632
            ],
            [
              103.8646173,
              1.2943454
            ],
            [
              103.8646173,
              1.2967052
            ],
            [
              103.8642311,
              1.2969626
            ],
            [
              103.8646603,
              1.2986788
            ],
            [
              103.8655615,
              1.3000088
            ],
            [
              103.8642097,
              1.301017
            ],
            [
              103.8607335,
              1.2987431
            ],
            [
              103.8586307,
              1.2966837
            ],
            [
              103.8566136,
              1.2939915
            ],
            [
              103.8551116,
              1.2912992
            ],
            [
              103.8548648,
              1.2915137
            ],
            [
              103.8544893,
              1.2905806
            ],
            [
              103.8541996,
              1.2889287
            ],
            [
              103.8536739,
              1.2889073
            ],
            [
              103.8530731,
              1.2877918
            ],
            [
              103.8520646,
              1.2866226
            ],
            [
              103.8515067,
              1.2866226
            ]
          ]
        ],
        "type": "Polygon"
      }
    },
    {
      "type": "Feature",
      "properties": {
        "id": "22332D1E619F55C8",
        "name": "District 2",
        "description": "Postal codes starting with 07 and 08.\n\nTanjong Pagar: https://www.penang-traveltips.com/singapore/tanjong-pagar.htm\nKeppel Road: https://www.penang-traveltips.com/singapore/keppel-road.htm\nCantonment Road: https://www.penang-traveltips.com/singapore/cantonment-road.htm\nNeil Road: https://www.penang-traveltips.com/singapore/neil-road.htm\nShenton Way (partial): https://www.penang-traveltips.com/singapore/shenton-way.htm\nAnson Road (partial): https://www.penang-traveltips.com/singapore/anson-road.htm",
        "postalSectors": [
          "07",
          "08"
        ],
        "districtNumber": 2
      },
      "geometry": {
        "coordinates": [
          [
            [
              103.8394153,
              1.2807125
            ],
            [
              103.8392973,
              1.2797364
            ],
            [
              103.8388467,
              1.2792216
            ],
            [
              103.8380742,
              1.2788354
            ],
            [
              103.8371086,
              1.2789642
            ],
            [
              103.8368511,
              1.2784278
            ],
            [
              103.837173,
              1.2775054
            ],
            [
              103.8360786,
              1.27654
            ],
            [
              103.8352633,
              1.2759394
            ],
            [
              103.8333321,
              1.2761968
            ],
            [
              103.8302851,
              1.2760252
            ],
            [
              103.8289118,
              1.2749955
            ],
            [
              103.8320446,
              1.2719492
            ],
            [
              103.834362,
              1.2720779
            ],
            [
              103.8342762,
              1.2699327
            ],
            [
              103.8369584,
              1.2676373
            ],
            [
              103.8393617,
              1.2677231
            ],
            [
              103.8459277,
              1.2616521
            ],
            [
              103.846786,
              1.2625745
            ],
            [
              103.8444257,
              1.265535
            ],
            [
              103.8457346,
              1.2668436
            ],
            [
              103.8511419,
              1.2607725
            ],
            [
              103.8521934,
              1.2614804
            ],
            [
              103.8508415,
              1.2631108
            ],
            [
              103.8511634,
              1.263497
            ],
            [
              103.8516569,
              1.2635399
            ],
            [
              103.8515711,
              1.2713486
            ],
            [
              103.8514423,
              1.274309
            ],
            [
              103.8474083,
              1.2768404
            ],
            [
              103.8436934,
              1.2808734
            ],
            [
              103.8437739,
              1.2814633
            ],
            [
              103.8428003,
              1.2819943
            ],
            [
              103.8429987,
              1.2823831
            ],
            [
              103.8420975,
              1.2830052
            ],
            [
              103.8412178,
              1.281946
            ],
            [
              103.8408315,
              1.2823107
            ],
            [
              103.8394153,
              1.2807125
            ]
          ]
        ],
        "type": "Polygon"
      }
    },
    {
      "type": "Feature",
      "properties": {
        "id": "223331DBAA9FBE25",
        "name": "District 3",
        "description": "Postal codes starting with 14, 15 and 16.\n\nBukit Merah: https://www.penang-traveltips.com/singapore/bukit-merah.htm\nTiong Bahru: https://www.penang-traveltips.com/singapore/tiong-bahru.htm\nJalan Bukit Merah: https://www.penang-traveltips.com/singapore/jalan-bukit-merah.htm\nAlexandra Road: https://www.penang-traveltips.com/singapore/alexandra-road.htm\nQueenstown: https://www.penang-traveltips.com/singapore/queenstown.htm",
        "postalSectors": [
          14,
          15,
          16
        ],
        "districtNumber": 3
      },
      "geometry": {
        "coordinates": [
          [
            [
              103.8289118,
              1.2749955
            ],
            [
              103.8302851,
              1.2760252
            ],
            [
              103.8333321,
              1.2761968
            ],
            [
              103.8352633,
              1.2759394
            ],
            [
              103.837173,
              1.2775054
            ],
            [
              103.8368511,
              1.2784278
            ],
            [
              103.8371086,
              1.2789642
            ],
            [
              103.8380742,
              1.2788354
            ],
            [
              103.8388467,
              1.2792216
            ],
            [
              103.8392973,
              1.2797364
            ],
            [
              103.839426,
              1.2808949
            ],
            [
              103.8394046,
              1.2816028
            ],
            [
              103.8417542,
              1.2836837
            ],
            [
              103.8418937,
              1.2849708
            ],
            [
              103.8427198,
              1.2857109
            ],
            [
              103.8423014,
              1.2863866
            ],
            [
              103.842119,
              1.2868586
            ],
            [
              103.8423336,
              1.2874646
            ],
            [
              103.8412607,
              1.2881028
            ],
            [
              103.8430309,
              1.2912992
            ],
            [
              103.8421726,
              1.2908487
            ],
            [
              103.840971,
              1.2908916
            ],
            [
              103.8398981,
              1.2905269
            ],
            [
              103.8394046,
              1.2896259
            ],
            [
              103.838439,
              1.2896045
            ],
            [
              103.836658,
              1.2900335
            ],
            [
              103.8359928,
              1.2903339
            ],
            [
              103.8358855,
              1.2907415
            ],
            [
              103.8362074,
              1.2914279
            ],
            [
              103.8357353,
              1.2924362
            ],
            [
              103.8353491,
              1.2927794
            ],
            [
              103.833847,
              1.2925649
            ],
            [
              103.832581,
              1.2923718
            ],
            [
              103.8315296,
              1.2922217
            ],
            [
              103.8309288,
              1.2922431
            ],
            [
              103.8289976,
              1.292758
            ],
            [
              103.8282466,
              1.292758
            ],
            [
              103.8258219,
              1.2925649
            ],
            [
              103.8248134,
              1.292286
            ],
            [
              103.8241696,
              1.2919857
            ],
            [
              103.8187408,
              1.2925005
            ],
            [
              103.8168955,
              1.2926078
            ],
            [
              103.8169599,
              1.2915352
            ],
            [
              103.8156509,
              1.2917068
            ],
            [
              103.8159728,
              1.2930797
            ],
            [
              103.8152647,
              1.2932299
            ],
            [
              103.8142776,
              1.2940236
            ],
            [
              103.8133335,
              1.2953751
            ],
            [
              103.8126898,
              1.2956969
            ],
            [
              103.8108873,
              1.2959758
            ],
            [
              103.8017678,
              1.3031408
            ],
            [
              103.8018684,
              1.3043609
            ],
            [
              103.8033885,
              1.3042737
            ],
            [
              103.8034817,
              1.3049803
            ],
            [
              103.802889,
              1.3056185
            ],
            [
              103.8021755,
              1.3057794
            ],
            [
              103.802712,
              1.3079032
            ],
            [
              103.8005877,
              1.3084502
            ],
            [
              103.7997937,
              1.3070504
            ],
            [
              103.7994611,
              1.3063197
            ],
            [
              103.7979483,
              1.3064471
            ],
            [
              103.7976694,
              1.3060918
            ],
            [
              103.7969184,
              1.306193
            ],
            [
              103.795824,
              1.3048492
            ],
            [
              103.794955,
              1.3045673
            ],
            [
              103.7936354,
              1.303602
            ],
            [
              103.7952662,
              1.3005504
            ],
            [
              103.7959957,
              1.2983355
            ],
            [
              103.7963203,
              1.297582
            ],
            [
              103.7986619,
              1.2946618
            ],
            [
              103.7990106,
              1.290602
            ],
            [
              103.7991232,
              1.2870034
            ],
            [
              103.7994263,
              1.2857404
            ],
            [
              103.8001458,
              1.2848669
            ],
            [
              103.8016592,
              1.2839505
            ],
            [
              103.8081837,
              1.283319
            ],
            [
              103.8135052,
              1.2831474
            ],
            [
              103.8185692,
              1.279715
            ],
            [
              103.820715,
              1.2787711
            ],
            [
              103.8238049,
              1.2787711
            ],
            [
              103.8264656,
              1.27654
            ],
            [
              103.8289118,
              1.2749955
            ]
          ]
        ],
        "type": "Polygon"
      }
    },
    {
      "type": "Feature",
      "properties": {
        "id": "223338A3593A9B06",
        "name": "District 4",
        "description": "Postal codes starting with 09 and 10.",
        "postalSectors": [
          "09",
          10
        ],
        "districtNumber": 4
      },
      "geometry": {
        "coordinates": [
          [
            [
              103.8016592,
              1.2839505
            ],
            [
              103.801403,
              1.2828899
            ],
            [
              103.8021326,
              1.2815599
            ],
            [
              103.8033342,
              1.2790285
            ],
            [
              103.8022614,
              1.2753387
            ],
            [
              103.8024759,
              1.2732793
            ],
            [
              103.8028622,
              1.2701043
            ],
            [
              103.8052654,
              1.2677446
            ],
            [
              103.8072395,
              1.2657709
            ],
            [
              103.8077116,
              1.265299
            ],
            [
              103.8095999,
              1.2640547
            ],
            [
              103.8067675,
              1.2598072
            ],
            [
              103.8065529,
              1.2590349
            ],
            [
              103.808527,
              1.2574903
            ],
            [
              103.8086987,
              1.2566751
            ],
            [
              103.8106298,
              1.2545727
            ],
            [
              103.8127327,
              1.2528565
            ],
            [
              103.8169813,
              1.2505397
            ],
            [
              103.8205862,
              1.2480941
            ],
            [
              103.825779,
              1.2431171
            ],
            [
              103.8297701,
              1.2395559
            ],
            [
              103.8328171,
              1.2376252
            ],
            [
              103.8376665,
              1.2384404
            ],
            [
              103.8406277,
              1.2414009
            ],
            [
              103.8429022,
              1.2438035
            ],
            [
              103.8447475,
              1.2457772
            ],
            [
              103.8481808,
              1.250368
            ],
            [
              103.8483953,
              1.2521272
            ],
            [
              103.8426876,
              1.2578335
            ],
            [
              103.8362503,
              1.2637115
            ],
            [
              103.8372374,
              1.26753
            ],
            [
              103.8342762,
              1.2699327
            ],
            [
              103.834362,
              1.2720779
            ],
            [
              103.8320446,
              1.2719492
            ],
            [
              103.829298,
              1.2746522
            ],
            [
              103.8256073,
              1.2772694
            ],
            [
              103.824234,
              1.2780846
            ],
            [
              103.8214016,
              1.2786853
            ],
            [
              103.8200283,
              1.2788998
            ],
            [
              103.8180971,
              1.2799295
            ],
            [
              103.8147497,
              1.2819031
            ],
            [
              103.8126469,
              1.2829757
            ],
            [
              103.8107586,
              1.2832332
            ],
            [
              103.8016592,
              1.2839505
            ]
          ]
        ],
        "type": "Polygon"
      }
    },
    {
      "type": "Feature",
      "properties": {
        "id": "22333C65BBFA83F7",
        "name": "District 5",
        "description": "Postal code starting with 11, 12 and 13.\n\nClementi: https://www.penang-traveltips.com/singapore/clementi.htm\nQueenstown: https://www.penang-traveltips.com/singapore/queenstown.htm",
        "postalSectors": [
          11,
          12,
          13
        ],
        "districtNumber": 5
      },
      "geometry": {
        "coordinates": [
          [
            [
              103.7414932,
              1.3139527
            ],
            [
              103.7415791,
              1.3124939
            ],
            [
              103.7448406,
              1.3090616
            ],
            [
              103.7474155,
              1.3102629
            ],
            [
              103.7491322,
              1.3090616
            ],
            [
              103.7518787,
              1.307517
            ],
            [
              103.7535095,
              1.304857
            ],
            [
              103.7560844,
              1.2974774
            ],
            [
              103.7584877,
              1.2991078
            ],
            [
              103.7626076,
              1.2941309
            ],
            [
              103.7606335,
              1.2903553
            ],
            [
              103.772049,
              1.283748
            ],
            [
              103.7696457,
              1.2789427
            ],
            [
              103.7568569,
              1.2861507
            ],
            [
              103.7529945,
              1.2856358
            ],
            [
              103.7500763,
              1.2802298
            ],
            [
              103.7708473,
              1.2682165
            ],
            [
              103.7768555,
              1.2785137
            ],
            [
              103.7862968,
              1.2730218
            ],
            [
              103.7790012,
              1.2598072
            ],
            [
              103.7854385,
              1.2550018
            ],
            [
              103.7949657,
              1.2702759
            ],
            [
              103.7999439,
              1.2671868
            ],
            [
              103.8005447,
              1.2662429
            ],
            [
              103.8045788,
              1.2628963
            ],
            [
              103.8067675,
              1.2598072
            ],
            [
              103.8095999,
              1.2640547
            ],
            [
              103.8072395,
              1.2657709
            ],
            [
              103.8028622,
              1.2701043
            ],
            [
              103.8022614,
              1.2753387
            ],
            [
              103.8033342,
              1.2790285
            ],
            [
              103.801403,
              1.2828899
            ],
            [
              103.8016592,
              1.2839505
            ],
            [
              103.7994263,
              1.2857404
            ],
            [
              103.7991714,
              1.2880385
            ],
            [
              103.7986619,
              1.2946618
            ],
            [
              103.796854,
              1.2967052
            ],
            [
              103.7952662,
              1.3005504
            ],
            [
              103.7936354,
              1.303602
            ],
            [
              103.79179,
              1.307517
            ],
            [
              103.7888718,
              1.3082035
            ],
            [
              103.7870693,
              1.309319
            ],
            [
              103.7866402,
              1.3078603
            ],
            [
              103.7843227,
              1.3077745
            ],
            [
              103.7779713,
              1.3122365
            ],
            [
              103.7759113,
              1.3127513
            ],
            [
              103.775053,
              1.3142959
            ],
            [
              103.7723923,
              1.3159262
            ],
            [
              103.771534,
              1.3191869
            ],
            [
              103.7707615,
              1.3215038
            ],
            [
              103.7730789,
              1.3250219
            ],
            [
              103.7707615,
              1.3252793
            ],
            [
              103.7674141,
              1.3227051
            ],
            [
              103.7648392,
              1.3239064
            ],
            [
              103.7645817,
              1.3254509
            ],
            [
              103.76441,
              1.3262661
            ],
            [
              103.7646675,
              1.3292801
            ],
            [
              103.763895,
              1.3316291
            ],
            [
              103.7637234,
              1.3322726
            ],
            [
              103.763144,
              1.3327875
            ],
            [
              103.7610626,
              1.3346323
            ],
            [
              103.7607193,
              1.3308568
            ],
            [
              103.7611485,
              1.3275961
            ],
            [
              103.7575436,
              1.3274245
            ],
            [
              103.7541103,
              1.32588
            ],
            [
              103.7541103,
              1.3242496
            ],
            [
              103.7523937,
              1.3230483
            ],
            [
              103.7520504,
              1.3209031
            ],
            [
              103.7498188,
              1.3168701
            ],
            [
              103.7414932,
              1.3139527
            ]
          ]
        ],
        "type": "Polygon"
      }
    },
    {
      "type": "Feature",
      "properties": {
        "id": "22333F2A41BD631C",
        "name": "District 6",
        "description": "Postal code starting with 17.\n\nMuseum Planning Area: https://www.penang-traveltips.com/singapore/museum-planning-area.htm\nFort Canning: https://www.penang-traveltips.com/singapore/fort-canning.htm\nNorth Bridge Road: https://www.penang-traveltips.com/singapore/north-bridge-road.htm\nRaffles City: https://www.penang-traveltips.com/singapore/raffles-city.htm",
        "postalSectors": [
          17
        ],
        "districtNumber": 6
      },
      "geometry": {
        "coordinates": [
          [
            [
              103.853116,
              1.2949461
            ],
            [
              103.8521075,
              1.2936804
            ],
            [
              103.8508201,
              1.2944098
            ],
            [
              103.851335,
              1.2953966
            ],
            [
              103.8506055,
              1.2959972
            ],
            [
              103.8511205,
              1.296555
            ],
            [
              103.8487601,
              1.2985286
            ],
            [
              103.8483095,
              1.2980781
            ],
            [
              103.8483524,
              1.2977134
            ],
            [
              103.8489103,
              1.2970913
            ],
            [
              103.8473225,
              1.2973916
            ],
            [
              103.8463783,
              1.2973916
            ],
            [
              103.84552,
              1.29722
            ],
            [
              103.8447261,
              1.2967481
            ],
            [
              103.8440609,
              1.2959114
            ],
            [
              103.8443184,
              1.2942382
            ],
            [
              103.8448763,
              1.2939593
            ],
            [
              103.8444471,
              1.2927365
            ],
            [
              103.8439268,
              1.2930905
            ],
            [
              103.8430309,
              1.2912992
            ],
            [
              103.8439107,
              1.2912349
            ],
            [
              103.8446724,
              1.290602
            ],
            [
              103.8447154,
              1.2899048
            ],
            [
              103.845005,
              1.2894758
            ],
            [
              103.8466573,
              1.2901408
            ],
            [
              103.8478374,
              1.2900335
            ],
            [
              103.8489318,
              1.2897117
            ],
            [
              103.8504982,
              1.287781
            ],
            [
              103.8515067,
              1.2866226
            ],
            [
              103.8520646,
              1.2866226
            ],
            [
              103.8524294,
              1.2870302
            ],
            [
              103.8530731,
              1.2877918
            ],
            [
              103.8536739,
              1.2889073
            ],
            [
              103.8541996,
              1.2889287
            ],
            [
              103.8544893,
              1.2905806
            ],
            [
              103.8548648,
              1.2915137
            ],
            [
              103.8542962,
              1.2922002
            ],
            [
              103.8536954,
              1.2926507
            ],
            [
              103.8545966,
              1.293852
            ],
            [
              103.853116,
              1.2949461
            ]
          ]
        ],
        "type": "Polygon"
      }
    },
    {
      "type": "Feature",
      "properties": {
        "id": "223341C90CE7F57C",
        "name": "District 7",
        "description": "Postal code starting with 18 and 19.\n\nKampong Glam: https://www.penang-traveltips.com/singapore/kampong-glam.htm\nMiddle Road: https://www.penang-traveltips.com/singapore/middle-road.htm\nBeach Road (partial): https://www.penang-traveltips.com/singapore/beach-road.htm\nBencoolen: https://www.penang-traveltips.com/singapore/bencoolen.htm\nWaterloo Street: https://www.penang-traveltips.com/singapore/waterloo-street.htm\nNicoll Highway: https://www.penang-traveltips.com/singapore/nicoll-highway.htm",
        "postalSectors": [
          18,
          19
        ],
        "districtNumber": 7
      },
      "geometry": {
        "coordinates": [
          [
            [
              103.8487601,
              1.2985286
            ],
            [
              103.8511205,
              1.296555
            ],
            [
              103.8506055,
              1.2959972
            ],
            [
              103.851335,
              1.2953966
            ],
            [
              103.8508201,
              1.2944098
            ],
            [
              103.8521075,
              1.2936804
            ],
            [
              103.853116,
              1.2949461
            ],
            [
              103.8545966,
              1.293852
            ],
            [
              103.8536954,
              1.2926507
            ],
            [
              103.8542962,
              1.2922002
            ],
            [
              103.8551116,
              1.2912992
            ],
            [
              103.8569355,
              1.2944956
            ],
            [
              103.8586307,
              1.2966837
            ],
            [
              103.8607335,
              1.2987431
            ],
            [
              103.8623643,
              1.2998157
            ],
            [
              103.8642097,
              1.301017
            ],
            [
              103.8655615,
              1.3000088
            ],
            [
              103.866334,
              1.2995154
            ],
            [
              103.8680077,
              1.2994296
            ],
            [
              103.8695741,
              1.3006524
            ],
            [
              103.8698316,
              1.3021111
            ],
            [
              103.8694668,
              1.3031623
            ],
            [
              103.8680506,
              1.3050286
            ],
            [
              103.8674283,
              1.3049213
            ],
            [
              103.8659477,
              1.3051359
            ],
            [
              103.8645744,
              1.3071524
            ],
            [
              103.8635015,
              1.3064015
            ],
            [
              103.8630939,
              1.3060797
            ],
            [
              103.8626218,
              1.3060154
            ],
            [
              103.8618922,
              1.3062299
            ],
            [
              103.8606906,
              1.3062943
            ],
            [
              103.859725,
              1.3060154
            ],
            [
              103.8588881,
              1.3057365
            ],
            [
              103.8580728,
              1.305758
            ],
            [
              103.8572574,
              1.3051573
            ],
            [
              103.8561416,
              1.3039774
            ],
            [
              103.8549614,
              1.3033982
            ],
            [
              103.8536739,
              1.3031194
            ],
            [
              103.8530517,
              1.3035269
            ],
            [
              103.8517642,
              1.3039774
            ],
            [
              103.8505626,
              1.3047712
            ],
            [
              103.850112,
              1.3040203
            ],
            [
              103.8499618,
              1.3025616
            ],
            [
              103.8497472,
              1.3008454
            ],
            [
              103.8494468,
              1.2994081
            ],
            [
              103.8487601,
              1.2985286
            ]
          ]
        ],
        "type": "Polygon"
      }
    },
    {
      "type": "Feature",
      "properties": {
        "id": "2233452A26C4D3BB",
        "name": "District 8",
        "description": "Postal code starting with 20 and 21.\n\nLittle India: https://www.penang-traveltips.com/singapore/little-india.htm\nFarrer Park: https://www.penang-traveltips.com/singapore/farrer-park.htm\nSerangoon Road: https://www.penang-traveltips.com/singapore/serangoon-road.htm\nJalan Besar: https://www.penang-traveltips.com/singapore/jalan-besar.htm",
        "postalSectors": [
          20,
          21
        ],
        "districtNumber": 8
      },
      "geometry": {
        "coordinates": [
          [
            [
              103.8505626,
              1.3047712
            ],
            [
              103.8518929,
              1.3039131
            ],
            [
              103.8529229,
              1.3036128
            ],
            [
              103.8536739,
              1.3031194
            ],
            [
              103.854661,
              1.3033553
            ],
            [
              103.8559914,
              1.3038487
            ],
            [
              103.8567853,
              1.3047497
            ],
            [
              103.8575149,
              1.3055005
            ],
            [
              103.8580728,
              1.305758
            ],
            [
              103.8595533,
              1.3058867
            ],
            [
              103.8606906,
              1.3062943
            ],
            [
              103.8616133,
              1.3063372
            ],
            [
              103.8626218,
              1.3060154
            ],
            [
              103.8630939,
              1.3060797
            ],
            [
              103.8640165,
              1.3067448
            ],
            [
              103.8645744,
              1.3071524
            ],
            [
              103.8642955,
              1.308225
            ],
            [
              103.8642097,
              1.3087184
            ],
            [
              103.8634157,
              1.3094048
            ],
            [
              103.8618064,
              1.3116573
            ],
            [
              103.8597465,
              1.3145319
            ],
            [
              103.8583517,
              1.3163338
            ],
            [
              103.8570428,
              1.3170203
            ],
            [
              103.8541889,
              1.3185219
            ],
            [
              103.8535237,
              1.3180285
            ],
            [
              103.852644,
              1.3181358
            ],
            [
              103.8519359,
              1.3184576
            ],
            [
              103.8503265,
              1.3177282
            ],
            [
              103.8483524,
              1.3168272
            ],
            [
              103.8472152,
              1.3159691
            ],
            [
              103.8463569,
              1.3152183
            ],
            [
              103.8457346,
              1.3140599
            ],
            [
              103.8465285,
              1.3128371
            ],
            [
              103.8479447,
              1.3118075
            ],
            [
              103.8482881,
              1.3110781
            ],
            [
              103.8476872,
              1.3092761
            ],
            [
              103.8473439,
              1.308418
            ],
            [
              103.8482666,
              1.3074956
            ],
            [
              103.8488674,
              1.3068735
            ],
            [
              103.850863,
              1.3052431
            ],
            [
              103.8505626,
              1.3047712
            ]
          ]
        ],
        "type": "Polygon"
      }
    },
    {
      "type": "Feature",
      "properties": {
        "id": "223349680DDE275D",
        "name": "District 9",
        "description": "Postal code starting with 22 and 23.\n\nOrchard Road: https://www.penang-traveltips.com/singapore/orchard-road.htm\nRiver Valley Road: https://www.penang-traveltips.com/singapore/river-valley-road.htm\nScotts Road: https://www.penang-traveltips.com/singapore/scotts-road.htm\nCairnhill Road: https://www.penang-traveltips.com/singapore/cairnhill-road.htm",
        "postalSectors": [
          22,
          23
        ],
        "districtNumber": 9
      },
      "geometry": {
        "coordinates": [
          [
            [
              103.8457346,
              1.3140599
            ],
            [
              103.8396835,
              1.3132018
            ],
            [
              103.8389111,
              1.3132018
            ],
            [
              103.8380527,
              1.3124725
            ],
            [
              103.8370442,
              1.3133949
            ],
            [
              103.8367438,
              1.3129873
            ],
            [
              103.8361216,
              1.3126012
            ],
            [
              103.8358212,
              1.3120863
            ],
            [
              103.8338256,
              1.3109494
            ],
            [
              103.8339758,
              1.3096408
            ],
            [
              103.833375,
              1.308654
            ],
            [
              103.8321304,
              1.3091903
            ],
            [
              103.8321519,
              1.3096193
            ],
            [
              103.8312721,
              1.3099411
            ],
            [
              103.831079,
              1.309319
            ],
            [
              103.8287187,
              1.3089758
            ],
            [
              103.8281608,
              1.3098553
            ],
            [
              103.8274097,
              1.3101342
            ],
            [
              103.8268304,
              1.3089543
            ],
            [
              103.8276029,
              1.3083322
            ],
            [
              103.8278174,
              1.3071953
            ],
            [
              103.8284183,
              1.3068735
            ],
            [
              103.8281393,
              1.3059081
            ],
            [
              103.8288689,
              1.3054362
            ],
            [
              103.8289762,
              1.3047926
            ],
            [
              103.8293409,
              1.3045781
            ],
            [
              103.8286328,
              1.3029048
            ],
            [
              103.8284612,
              1.3023685
            ],
            [
              103.8291264,
              1.3020467
            ],
            [
              103.8279676,
              1.3006524
            ],
            [
              103.8280964,
              1.2999659
            ],
            [
              103.8294911,
              1.3001161
            ],
            [
              103.8301563,
              1.2995368
            ],
            [
              103.8306499,
              1.2980781
            ],
            [
              103.8307571,
              1.2971557
            ],
            [
              103.8314223,
              1.2962118
            ],
            [
              103.8303924,
              1.2956969
            ],
            [
              103.8315296,
              1.2926936
            ],
            [
              103.8319159,
              1.2922646
            ],
            [
              103.8336539,
              1.292522
            ],
            [
              103.8353491,
              1.2927794
            ],
            [
              103.8358426,
              1.2923075
            ],
            [
              103.8362074,
              1.2914279
            ],
            [
              103.8358855,
              1.2907415
            ],
            [
              103.8362718,
              1.2901837
            ],
            [
              103.8371301,
              1.2899906
            ],
            [
              103.8382244,
              1.2896259
            ],
            [
              103.8392329,
              1.2896474
            ],
            [
              103.8397479,
              1.290291
            ],
            [
              103.8400912,
              1.2905913
            ],
            [
              103.840971,
              1.2908916
            ],
            [
              103.8419795,
              1.2908487
            ],
            [
              103.8429451,
              1.2910847
            ],
            [
              103.8439268,
              1.2930905
            ],
            [
              103.8444471,
              1.2927365
            ],
            [
              103.8448763,
              1.2939593
            ],
            [
              103.8443184,
              1.2942382
            ],
            [
              103.8440609,
              1.2959114
            ],
            [
              103.8447261,
              1.2967481
            ],
            [
              103.84552,
              1.29722
            ],
            [
              103.8469791,
              1.2974131
            ],
            [
              103.8489103,
              1.2970913
            ],
            [
              103.8483524,
              1.2977134
            ],
            [
              103.8483095,
              1.2980781
            ],
            [
              103.8494468,
              1.2994081
            ],
            [
              103.8501549,
              1.3024972
            ],
            [
              103.850112,
              1.3040203
            ],
            [
              103.850863,
              1.3052431
            ],
            [
              103.8488674,
              1.3068735
            ],
            [
              103.8473439,
              1.308418
            ],
            [
              103.8482881,
              1.3110781
            ],
            [
              103.8479447,
              1.3118075
            ],
            [
              103.8465285,
              1.3128371
            ],
            [
              103.8457346,
              1.3140599
            ]
          ]
        ],
        "type": "Polygon"
      }
    },
    {
      "type": "Feature",
      "properties": {
        "id": "223350FD53B2D43F",
        "name": "District 10",
        "description": "Postal code starting with 24, 25, 26 and 27.\n\nTanglin: https://www.penang-traveltips.com/singapore/tanglin.htm\nHolland Road: https://www.penang-traveltips.com/singapore/holland-road.htm\nSingapore Botanic Gardens: https://www.penang-traveltips.com/singapore/singapore-botanic-gardens.htm",
        "postalSectors": [
          24,
          25,
          26,
          27
        ],
        "districtNumber": 10
      },
      "geometry": {
        "coordinates": [
          [
            [
              103.7852669,
              1.3351204
            ],
            [
              103.7849665,
              1.3345626
            ],
            [
              103.7835073,
              1.3344339
            ],
            [
              103.7819624,
              1.3291138
            ],
            [
              103.77913,
              1.3282558
            ],
            [
              103.7799883,
              1.3267541
            ],
            [
              103.7802887,
              1.3241799
            ],
            [
              103.7819195,
              1.3219918
            ],
            [
              103.7814045,
              1.3208763
            ],
            [
              103.7804174,
              1.3197608
            ],
            [
              103.7793446,
              1.3185166
            ],
            [
              103.7781429,
              1.3183021
            ],
            [
              103.7770271,
              1.3172295
            ],
            [
              103.7766838,
              1.316114
            ],
            [
              103.7744522,
              1.3147839
            ],
            [
              103.775053,
              1.314312
            ],
            [
              103.7759113,
              1.3127674
            ],
            [
              103.7779713,
              1.3122526
            ],
            [
              103.7843227,
              1.3077906
            ],
            [
              103.7866402,
              1.3078764
            ],
            [
              103.7870693,
              1.3093351
            ],
            [
              103.7888718,
              1.3082196
            ],
            [
              103.79179,
              1.3075331
            ],
            [
              103.7936354,
              1.3036181
            ],
            [
              103.794955,
              1.3045834
            ],
            [
              103.795824,
              1.3048653
            ],
            [
              103.7969184,
              1.3062091
            ],
            [
              103.7976694,
              1.3061079
            ],
            [
              103.7979483,
              1.3064632
            ],
            [
              103.7994611,
              1.3063358
            ],
            [
              103.8003302,
              1.3082625
            ],
            [
              103.802712,
              1.3079193
            ],
            [
              103.8021755,
              1.3057955
            ],
            [
              103.802889,
              1.3056346
            ],
            [
              103.8034817,
              1.3049964
            ],
            [
              103.8033885,
              1.3042898
            ],
            [
              103.8018684,
              1.304377
            ],
            [
              103.8017678,
              1.3031569
            ],
            [
              103.8108873,
              1.2959919
            ],
            [
              103.8126898,
              1.295713
            ],
            [
              103.8133335,
              1.2953912
            ],
            [
              103.8142776,
              1.2940397
            ],
            [
              103.8158655,
              1.292817
            ],
            [
              103.8156509,
              1.2917229
            ],
            [
              103.8169599,
              1.2915513
            ],
            [
              103.8168955,
              1.2926239
            ],
            [
              103.8241696,
              1.2920018
            ],
            [
              103.8254356,
              1.2924737
            ],
            [
              103.8289976,
              1.2927741
            ],
            [
              103.8304138,
              1.292345
            ],
            [
              103.8319159,
              1.2922807
            ],
            [
              103.8312721,
              1.2932889
            ],
            [
              103.8303924,
              1.295713
            ],
            [
              103.8314223,
              1.2962279
            ],
            [
              103.8307571,
              1.2971718
            ],
            [
              103.8305855,
              1.2983516
            ],
            [
              103.8301563,
              1.2995529
            ],
            [
              103.8294911,
              1.3001322
            ],
            [
              103.8280964,
              1.299982
            ],
            [
              103.8279676,
              1.3006685
            ],
            [
              103.8291264,
              1.3020628
            ],
            [
              103.8284612,
              1.3023846
            ],
            [
              103.8293409,
              1.3045942
            ],
            [
              103.8289762,
              1.3048087
            ],
            [
              103.8288689,
              1.3054523
            ],
            [
              103.8281393,
              1.3059242
            ],
            [
              103.8284183,
              1.3068896
            ],
            [
              103.8278174,
              1.3072114
            ],
            [
              103.8276029,
              1.3083483
            ],
            [
              103.8268304,
              1.3089704
            ],
            [
              103.8274097,
              1.3101503
            ],
            [
              103.8281608,
              1.3098714
            ],
            [
              103.8287187,
              1.3089919
            ],
            [
              103.831079,
              1.3093351
            ],
            [
              103.8312721,
              1.3099572
            ],
            [
              103.8321519,
              1.3096354
            ],
            [
              103.8321304,
              1.3092064
            ],
            [
              103.833375,
              1.3086701
            ],
            [
              103.8339758,
              1.3096569
            ],
            [
              103.8338256,
              1.3109655
            ],
            [
              103.8358212,
              1.3121024
            ],
            [
              103.8361216,
              1.3126173
            ],
            [
              103.8373232,
              1.3131536
            ],
            [
              103.8380527,
              1.3124886
            ],
            [
              103.8389111,
              1.3132179
            ],
            [
              103.8347912,
              1.3173153
            ],
            [
              103.8308859,
              1.3186882
            ],
            [
              103.8220453,
              1.321434
            ],
            [
              103.8177538,
              1.322335
            ],
            [
              103.8129044,
              1.3228499
            ],
            [
              103.8113165,
              1.3230644
            ],
            [
              103.8052225,
              1.327269
            ],
            [
              103.8023043,
              1.3291567
            ],
            [
              103.7938499,
              1.3319455
            ],
            [
              103.7852669,
              1.3351204
            ]
          ]
        ],
        "type": "Polygon"
      }
    },
    {
      "type": "Feature",
      "properties": {
        "id": "2233552EF74A901C",
        "name": "District 11",
        "description": "Postal code starting with 28, 29 and 30.\n\nNovena: https://www.penang-traveltips.com/singapore/novena.htm\nThomson: https://www.penang-traveltips.com/singapore/thomson.htm",
        "postalSectors": [
          28,
          29,
          30
        ],
        "districtNumber": 11
      },
      "geometry": {
        "coordinates": [
          [
            [
              103.854146,
              1.3186077
            ],
            [
              103.8529015,
              1.3197876
            ],
            [
              103.8520861,
              1.3196589
            ],
            [
              103.8520861,
              1.3216754
            ],
            [
              103.8513136,
              1.3219757
            ],
            [
              103.8513136,
              1.3224476
            ],
            [
              103.8504982,
              1.323177
            ],
            [
              103.8496399,
              1.3238635
            ],
            [
              103.8504982,
              1.3248074
            ],
            [
              103.8494253,
              1.325408
            ],
            [
              103.8488674,
              1.3245499
            ],
            [
              103.8483095,
              1.3252364
            ],
            [
              103.8486529,
              1.3258799
            ],
            [
              103.8471508,
              1.3262661
            ],
            [
              103.8463783,
              1.3242496
            ],
            [
              103.8456917,
              1.3243354
            ],
            [
              103.8454771,
              1.3229625
            ],
            [
              103.8444472,
              1.3214608
            ],
            [
              103.8435888,
              1.3212463
            ],
            [
              103.843503,
              1.324078
            ],
            [
              103.8435888,
              1.3246786
            ],
            [
              103.8458204,
              1.3251077
            ],
            [
              103.845048,
              1.3256654
            ],
            [
              103.8438463,
              1.3256225
            ],
            [
              103.8433743,
              1.3261374
            ],
            [
              103.8421297,
              1.3260945
            ],
            [
              103.8422156,
              1.3276819
            ],
            [
              103.8417006,
              1.3291406
            ],
            [
              103.8413143,
              1.3324871
            ],
            [
              103.8409281,
              1.3341175
            ],
            [
              103.8393402,
              1.3336026
            ],
            [
              103.839469,
              1.3350185
            ],
            [
              103.8412285,
              1.3359623
            ],
            [
              103.841486,
              1.3385366
            ],
            [
              103.8411856,
              1.3393088
            ],
            [
              103.8398123,
              1.3395662
            ],
            [
              103.8401556,
              1.3407675
            ],
            [
              103.8387394,
              1.3411108
            ],
            [
              103.8371515,
              1.3402098
            ],
            [
              103.8362074,
              1.3400382
            ],
            [
              103.8339758,
              1.3427411
            ],
            [
              103.8319159,
              1.3443285
            ],
            [
              103.8281393,
              1.3440711
            ],
            [
              103.8245344,
              1.3451437
            ],
            [
              103.8222599,
              1.3447147
            ],
            [
              103.8185692,
              1.3441998
            ],
            [
              103.8159943,
              1.3448863
            ],
            [
              103.8139773,
              1.3457873
            ],
            [
              103.8103295,
              1.348576
            ],
            [
              103.8065958,
              1.3498202
            ],
            [
              103.803978,
              1.3490479
            ],
            [
              103.8002873,
              1.349477
            ],
            [
              103.7972403,
              1.3505495
            ],
            [
              103.7953949,
              1.3491337
            ],
            [
              103.7940216,
              1.3492624
            ],
            [
              103.7913609,
              1.3490908
            ],
            [
              103.7896013,
              1.3480182
            ],
            [
              103.7883997,
              1.3454011
            ],
            [
              103.7888718,
              1.3444572
            ],
            [
              103.7886572,
              1.3429127
            ],
            [
              103.7885285,
              1.3411966
            ],
            [
              103.7888718,
              1.3395233
            ],
            [
              103.7888289,
              1.337464
            ],
            [
              103.7889576,
              1.3351043
            ],
            [
              103.7889147,
              1.3338171
            ],
            [
              103.8022614,
              1.3292264
            ],
            [
              103.8112736,
              1.3231341
            ],
            [
              103.8160372,
              1.3226622
            ],
            [
              103.8220024,
              1.3215037
            ],
            [
              103.8347483,
              1.317385
            ],
            [
              103.8388682,
              1.3132876
            ],
            [
              103.8456917,
              1.3141457
            ],
            [
              103.846314,
              1.3153041
            ],
            [
              103.8483095,
              1.316913
            ],
            [
              103.851893,
              1.3185434
            ],
            [
              103.8534808,
              1.3181143
            ],
            [
              103.854146,
              1.3186077
            ]
          ]
        ],
        "type": "Polygon"
      }
    },
    {
      "type": "Feature",
      "properties": {
        "id": "2233589EDD66261A",
        "name": "District 12 ",
        "description": "Postal code starting with 31, 32 and 33.\n\nToa Payoh: https://www.penang-traveltips.com/singapore/toa-payoh.htm\nSerangoon: https://www.penang-traveltips.com/singapore/serangoon.htm",
        "postalSectors": [
          31,
          32,
          33
        ],
        "districtNumber": 12
      },
      "geometry": {
        "coordinates": [
          [
            [
              103.8412285,
              1.339223
            ],
            [
              103.8415289,
              1.3384508
            ],
            [
              103.8412714,
              1.3358765
            ],
            [
              103.8395119,
              1.3349327
            ],
            [
              103.8393831,
              1.3335168
            ],
            [
              103.840971,
              1.3340317
            ],
            [
              103.8413143,
              1.3328733
            ],
            [
              103.8417435,
              1.3290548
            ],
            [
              103.8422585,
              1.3275961
            ],
            [
              103.8421726,
              1.3260087
            ],
            [
              103.8434172,
              1.3260516
            ],
            [
              103.8438892,
              1.3255367
            ],
            [
              103.8450909,
              1.3255796
            ],
            [
              103.8458633,
              1.3250219
            ],
            [
              103.8436317,
              1.3245928
            ],
            [
              103.8436317,
              1.3211605
            ],
            [
              103.8444901,
              1.321375
            ],
            [
              103.84552,
              1.3228767
            ],
            [
              103.8457346,
              1.3242496
            ],
            [
              103.8464212,
              1.3241638
            ],
            [
              103.8471937,
              1.3261803
            ],
            [
              103.8486958,
              1.3257941
            ],
            [
              103.8483524,
              1.3251506
            ],
            [
              103.8489103,
              1.3244641
            ],
            [
              103.8494682,
              1.3253222
            ],
            [
              103.8505411,
              1.3247216
            ],
            [
              103.8496828,
              1.3237777
            ],
            [
              103.8513565,
              1.3223618
            ],
            [
              103.8513565,
              1.3218899
            ],
            [
              103.852129,
              1.3215896
            ],
            [
              103.852129,
              1.3195731
            ],
            [
              103.8529444,
              1.3197018
            ],
            [
              103.8541889,
              1.3185219
            ],
            [
              103.8583517,
              1.3163338
            ],
            [
              103.8634157,
              1.3094048
            ],
            [
              103.8642097,
              1.3087184
            ],
            [
              103.8644886,
              1.3074312
            ],
            [
              103.8651323,
              1.3071309
            ],
            [
              103.8652611,
              1.3063157
            ],
            [
              103.866291,
              1.3051573
            ],
            [
              103.8680506,
              1.3050286
            ],
            [
              103.8687372,
              1.3063586
            ],
            [
              103.8700247,
              1.3078603
            ],
            [
              103.8701963,
              1.3091045
            ],
            [
              103.870368,
              1.3106919
            ],
            [
              103.8695526,
              1.3115929
            ],
            [
              103.8690376,
              1.3135665
            ],
            [
              103.8695097,
              1.3153685
            ],
            [
              103.8723421,
              1.3172563
            ],
            [
              103.872385,
              1.318715
            ],
            [
              103.8731146,
              1.319144
            ],
            [
              103.8750029,
              1.3192728
            ],
            [
              103.8766336,
              1.3204741
            ],
            [
              103.8752604,
              1.3211605
            ],
            [
              103.8724279,
              1.3247645
            ],
            [
              103.8700676,
              1.327639
            ],
            [
              103.8687372,
              1.3284542
            ],
            [
              103.8643599,
              1.3300845
            ],
            [
              103.8630295,
              1.3309855
            ],
            [
              103.8626432,
              1.3327017
            ],
            [
              103.8625145,
              1.3349327
            ],
            [
              103.862257,
              1.3387511
            ],
            [
              103.8598108,
              1.3402527
            ],
            [
              103.8578796,
              1.3415398
            ],
            [
              103.8576651,
              1.3429556
            ],
            [
              103.8543606,
              1.3429556
            ],
            [
              103.8533735,
              1.3420547
            ],
            [
              103.8519573,
              1.3422692
            ],
            [
              103.8520432,
              1.3431701
            ],
            [
              103.8476658,
              1.3437279
            ],
            [
              103.845048,
              1.3437279
            ],
            [
              103.8431168,
              1.340553
            ],
            [
              103.8412285,
              1.339223
            ]
          ]
        ],
        "type": "Polygon"
      }
    },
    {
      "type": "Feature",
      "properties": {
        "id": "22335BE8B71BEBAE",
        "name": "District 13",
        "description": "Postal code starting with 34, 35, 36 and 37.\n\nMacpherson Road: https://www.penang-traveltips.com/singapore/macpherson-road.htm",
        "postalSectors": [
          34,
          35,
          36,
          37
        ],
        "districtNumber": 13
      },
      "geometry": {
        "coordinates": [
          [
            [
              103.862257,
              1.3387511
            ],
            [
              103.8626432,
              1.3327017
            ],
            [
              103.8630295,
              1.3309855
            ],
            [
              103.8643599,
              1.3300845
            ],
            [
              103.8687372,
              1.3284542
            ],
            [
              103.8698101,
              1.3278535
            ],
            [
              103.8752604,
              1.3211605
            ],
            [
              103.8766336,
              1.3204741
            ],
            [
              103.8790798,
              1.3200879
            ],
            [
              103.8815689,
              1.3211176
            ],
            [
              103.8813972,
              1.3224905
            ],
            [
              103.8808823,
              1.3243354
            ],
            [
              103.8801098,
              1.3243783
            ],
            [
              103.8789082,
              1.3243783
            ],
            [
              103.8785219,
              1.3253222
            ],
            [
              103.8790798,
              1.3262661
            ],
            [
              103.8801098,
              1.3275961
            ],
            [
              103.8816547,
              1.3275103
            ],
            [
              103.8847017,
              1.3273387
            ],
            [
              103.8845301,
              1.3260516
            ],
            [
              103.8834572,
              1.3244641
            ],
            [
              103.8839722,
              1.323606
            ],
            [
              103.8853455,
              1.3224047
            ],
            [
              103.8878775,
              1.3225335
            ],
            [
              103.890667,
              1.323177
            ],
            [
              103.890624,
              1.3248074
            ],
            [
              103.8900661,
              1.3267809
            ],
            [
              103.8895082,
              1.3292265
            ],
            [
              103.8883066,
              1.3288832
            ],
            [
              103.888135,
              1.3300416
            ],
            [
              103.8877916,
              1.3309426
            ],
            [
              103.8869333,
              1.3324442
            ],
            [
              103.8887787,
              1.3336026
            ],
            [
              103.8874912,
              1.3366488
            ],
            [
              103.8863754,
              1.3387511
            ],
            [
              103.8851738,
              1.3404672
            ],
            [
              103.8832426,
              1.3409392
            ],
            [
              103.8813114,
              1.3419688
            ],
            [
              103.8800669,
              1.3406817
            ],
            [
              103.8786507,
              1.3401669
            ],
            [
              103.8772774,
              1.3416685
            ],
            [
              103.8754749,
              1.3421834
            ],
            [
              103.872385,
              1.3424837
            ],
            [
              103.8704538,
              1.3439424
            ],
            [
              103.8707113,
              1.3449721
            ],
            [
              103.8714409,
              1.3466024
            ],
            [
              103.8713121,
              1.3478895
            ],
            [
              103.8707542,
              1.3488334
            ],
            [
              103.8694668,
              1.3491766
            ],
            [
              103.8697243,
              1.3471602
            ],
            [
              103.8689518,
              1.3472031
            ],
            [
              103.8670635,
              1.3484044
            ],
            [
              103.8655615,
              1.3489192
            ],
            [
              103.8642311,
              1.3493053
            ],
            [
              103.8626862,
              1.3493912
            ],
            [
              103.8623857,
              1.3488763
            ],
            [
              103.8608408,
              1.349005
            ],
            [
              103.8603258,
              1.3477608
            ],
            [
              103.8606691,
              1.3457015
            ],
            [
              103.8608837,
              1.3442427
            ],
            [
              103.8607121,
              1.3433418
            ],
            [
              103.8616991,
              1.3411966
            ],
            [
              103.862257,
              1.3387511
            ]
          ]
        ],
        "type": "Polygon"
      }
    },
    {
      "type": "Feature",
      "properties": {
        "id": "2233608D54429437",
        "name": "District 14",
        "description": "Postal code starting with 38, 39, 40 and 41.\n\nGeylang: https://www.penang-traveltips.com/singapore/geylang.htm\nOld Airport Road: https://www.penang-traveltips.com/singapore/old-airport-road.htm\nGuillemard Road: https://www.penang-traveltips.com/singapore/guillemard-road.htm",
        "districtNumber": 14
      },
      "geometry": {
        "coordinates": [
          [
            [
              103.8887787,
              1.3336026
            ],
            [
              103.8869333,
              1.3324442
            ],
            [
              103.888135,
              1.3300416
            ],
            [
              103.8883066,
              1.3288832
            ],
            [
              103.8895082,
              1.3292265
            ],
            [
              103.8900661,
              1.3267809
            ],
            [
              103.890667,
              1.323177
            ],
            [
              103.8853455,
              1.3224047
            ],
            [
              103.8834572,
              1.3244641
            ],
            [
              103.8845301,
              1.3260516
            ],
            [
              103.8847017,
              1.3273387
            ],
            [
              103.8801098,
              1.3275961
            ],
            [
              103.8785219,
              1.3253222
            ],
            [
              103.8789082,
              1.3243783
            ],
            [
              103.8808823,
              1.3243354
            ],
            [
              103.8815689,
              1.3211176
            ],
            [
              103.8790798,
              1.3200879
            ],
            [
              103.8766336,
              1.3204741
            ],
            [
              103.8762474,
              1.3197018
            ],
            [
              103.8750029,
              1.3192728
            ],
            [
              103.872385,
              1.318715
            ],
            [
              103.8723421,
              1.3172563
            ],
            [
              103.8695097,
              1.3153685
            ],
            [
              103.8690376,
              1.3135665
            ],
            [
              103.8695526,
              1.3115929
            ],
            [
              103.870368,
              1.3106919
            ],
            [
              103.8700247,
              1.3078603
            ],
            [
              103.8692952,
              1.3070237
            ],
            [
              103.8687372,
              1.3063586
            ],
            [
              103.8680506,
              1.3050286
            ],
            [
              103.8698101,
              1.302626
            ],
            [
              103.8695741,
              1.3006524
            ],
            [
              103.8716125,
              1.3003091
            ],
            [
              103.8738441,
              1.2991078
            ],
            [
              103.8773632,
              1.2986788
            ],
            [
              103.8802814,
              1.3009956
            ],
            [
              103.8842297,
              1.3051144
            ],
            [
              103.8892937,
              1.3063157
            ],
            [
              103.8902378,
              1.3080319
            ],
            [
              103.8892078,
              1.31155
            ],
            [
              103.8917828,
              1.3120649
            ],
            [
              103.8922977,
              1.3136094
            ],
            [
              103.8943577,
              1.3138668
            ],
            [
              103.8942719,
              1.315154
            ],
            [
              103.8976192,
              1.3158404
            ],
            [
              103.9041424,
              1.3174708
            ],
            [
              103.9080048,
              1.3182431
            ],
            [
              103.9148712,
              1.3197876
            ],
            [
              103.9199352,
              1.3214179
            ],
            [
              103.9199352,
              1.3237348
            ],
            [
              103.9173603,
              1.3253651
            ],
            [
              103.9173603,
              1.3273387
            ],
            [
              103.9187336,
              1.32854
            ],
            [
              103.9167595,
              1.3287116
            ],
            [
              103.915472,
              1.3305994
            ],
            [
              103.912468,
              1.3294839
            ],
            [
              103.910408,
              1.3277677
            ],
            [
              103.9089489,
              1.32854
            ],
            [
              103.9092922,
              1.3302561
            ],
            [
              103.9076614,
              1.3301703
            ],
            [
              103.9071465,
              1.3311142
            ],
            [
              103.9082623,
              1.3322297
            ],
            [
              103.9101505,
              1.3324871
            ],
            [
              103.9102364,
              1.3336884
            ],
            [
              103.9116955,
              1.3338601
            ],
            [
              103.9110947,
              1.3355762
            ],
            [
              103.9134121,
              1.3367775
            ],
            [
              103.9156437,
              1.3375498
            ],
            [
              103.9153004,
              1.3381504
            ],
            [
              103.9165878,
              1.339695
            ],
            [
              103.9189053,
              1.3385795
            ],
            [
              103.9232826,
              1.3421834
            ],
            [
              103.9185619,
              1.3457015
            ],
            [
              103.9160728,
              1.347246
            ],
            [
              103.9134121,
              1.3445002
            ],
            [
              103.9092064,
              1.3414969
            ],
            [
              103.9080048,
              1.3408105
            ],
            [
              103.9042282,
              1.3408963
            ],
            [
              103.9016533,
              1.3416685
            ],
            [
              103.9003658,
              1.3394375
            ],
            [
              103.8976192,
              1.3410679
            ],
            [
              103.895731,
              1.3382362
            ],
            [
              103.8963318,
              1.337464
            ],
            [
              103.8928127,
              1.3349756
            ],
            [
              103.8887787,
              1.3336026
            ]
          ]
        ],
        "type": "Polygon"
      }
    },
    {
      "type": "Feature",
      "properties": {
        "id": "2233633C7ECD2379",
        "name": "District 15",
        "description": "Postal code starting with 42, 43, 44 and 45.\n\nTanjong Katong Road: https://www.penang-traveltips.com/singapore/tanjong-katong-road.htm\nMountbatten Road: https://www.penang-traveltips.com/singapore/mountbatten-road.htm",
        "postalSectors": [
          42,
          43,
          44,
          45
        ],
        "districtNumber": 15
      },
      "geometry": {
        "coordinates": [
          [
            [
              103.9199352,
              1.3214179
            ],
            [
              103.9142704,
              1.3194444
            ],
            [
              103.8942719,
              1.315154
            ],
            [
              103.8943577,
              1.3138668
            ],
            [
              103.8922977,
              1.3136094
            ],
            [
              103.8917828,
              1.3120649
            ],
            [
              103.8892078,
              1.31155
            ],
            [
              103.8902378,
              1.3080319
            ],
            [
              103.8892937,
              1.3063157
            ],
            [
              103.8842297,
              1.3051144
            ],
            [
              103.8780499,
              1.2992794
            ],
            [
              103.8753891,
              1.2985071
            ],
            [
              103.8726425,
              1.2999659
            ],
            [
              103.8695741,
              1.3006524
            ],
            [
              103.8680077,
              1.2994296
            ],
            [
              103.8655615,
              1.3000088
            ],
            [
              103.8643169,
              1.2980781
            ],
            [
              103.8646173,
              1.2967052
            ],
            [
              103.8642311,
              1.2951606
            ],
            [
              103.8659477,
              1.2845632
            ],
            [
              103.8715267,
              1.2812595
            ],
            [
              103.8725567,
              1.2785995
            ],
            [
              103.8741875,
              1.277913
            ],
            [
              103.8813972,
              1.2820318
            ],
            [
              103.8867188,
              1.2861507
            ],
            [
              103.8921261,
              1.2911276
            ],
            [
              103.8955593,
              1.2925863
            ],
            [
              103.8993359,
              1.2951606
            ],
            [
              103.9082623,
              1.29722
            ],
            [
              103.917532,
              1.3009098
            ],
            [
              103.9283466,
              1.3037415
            ],
            [
              103.9336681,
              1.3044279
            ],
            [
              103.9362431,
              1.305286
            ],
            [
              103.9343548,
              1.3072596
            ],
            [
              103.9360714,
              1.309319
            ],
            [
              103.9341831,
              1.3104345
            ],
            [
              103.933239,
              1.3152398
            ],
            [
              103.9319515,
              1.3158404
            ],
            [
              103.931694,
              1.3175566
            ],
            [
              103.9288616,
              1.3177282
            ],
            [
              103.9270592,
              1.3210747
            ],
            [
              103.9263725,
              1.3212463
            ],
            [
              103.9256859,
              1.3227909
            ],
            [
              103.9239693,
              1.3223618
            ],
            [
              103.9199352,
              1.3214179
            ]
          ]
        ],
        "type": "Polygon"
      }
    },
    {
      "type": "Feature",
      "properties": {
        "id": "223366CA06CE0012",
        "name": "District 16",
        "description": "Postal code starting with 46, 47 and 48.",
        "postalSectors": [
          46,
          47,
          48
        ],
        "districtNumber": 16
      },
      "geometry": {
        "coordinates": [
          [
            [
              103.9232826,
              1.3422263
            ],
            [
              103.9189053,
              1.3386224
            ],
            [
              103.9165878,
              1.3397379
            ],
            [
              103.9153004,
              1.3381933
            ],
            [
              103.9156437,
              1.3375927
            ],
            [
              103.9137125,
              1.3368633
            ],
            [
              103.9110947,
              1.3356191
            ],
            [
              103.9116955,
              1.333903
            ],
            [
              103.9102364,
              1.3337313
            ],
            [
              103.9101505,
              1.33253
            ],
            [
              103.9082623,
              1.3322726
            ],
            [
              103.9071465,
              1.3311571
            ],
            [
              103.9076614,
              1.3302132
            ],
            [
              103.9092922,
              1.330299
            ],
            [
              103.9089489,
              1.3285829
            ],
            [
              103.910408,
              1.3278106
            ],
            [
              103.912468,
              1.3295268
            ],
            [
              103.915472,
              1.3306423
            ],
            [
              103.9167595,
              1.3287545
            ],
            [
              103.9187336,
              1.3285829
            ],
            [
              103.9173603,
              1.3273816
            ],
            [
              103.9173603,
              1.325408
            ],
            [
              103.9199352,
              1.3237777
            ],
            [
              103.9199352,
              1.3214608
            ],
            [
              103.9256859,
              1.3228338
            ],
            [
              103.9263725,
              1.3212892
            ],
            [
              103.9270592,
              1.3211176
            ],
            [
              103.9284325,
              1.3179427
            ],
            [
              103.931694,
              1.3175995
            ],
            [
              103.9319515,
              1.3158833
            ],
            [
              103.9329815,
              1.3155401
            ],
            [
              103.9341831,
              1.3104774
            ],
            [
              103.9360714,
              1.3093619
            ],
            [
              103.9343548,
              1.3073025
            ],
            [
              103.9359427,
              1.3054147
            ],
            [
              103.9441395,
              1.3078174
            ],
            [
              103.9548683,
              1.3105632
            ],
            [
              103.9622498,
              1.3133091
            ],
            [
              103.9666271,
              1.3142959
            ],
            [
              103.9652967,
              1.3176424
            ],
            [
              103.9679146,
              1.3195302
            ],
            [
              103.9712191,
              1.3241209
            ],
            [
              103.9776564,
              1.3334739
            ],
            [
              103.979845,
              1.3367775
            ],
            [
              103.9715624,
              1.3403385
            ],
            [
              103.9700174,
              1.3417972
            ],
            [
              103.9677429,
              1.3458302
            ],
            [
              103.9659834,
              1.3480182
            ],
            [
              103.9641809,
              1.3495628
            ],
            [
              103.9634943,
              1.3475892
            ],
            [
              103.9599323,
              1.3481041
            ],
            [
              103.9601469,
              1.3462163
            ],
            [
              103.9605761,
              1.3449292
            ],
            [
              103.9602327,
              1.3441141
            ],
            [
              103.9594388,
              1.3430844
            ],
            [
              103.9583445,
              1.3423121
            ],
            [
              103.9592028,
              1.3411108
            ],
            [
              103.9574862,
              1.3399953
            ],
            [
              103.9548683,
              1.3433632
            ],
            [
              103.9538813,
              1.342548
            ],
            [
              103.9552546,
              1.34036
            ],
            [
              103.9531731,
              1.338987
            ],
            [
              103.9505553,
              1.337657
            ],
            [
              103.947916,
              1.3405959
            ],
            [
              103.9446545,
              1.3408534
            ],
            [
              103.9413071,
              1.338794
            ],
            [
              103.9402771,
              1.3388798
            ],
            [
              103.9409637,
              1.3416256
            ],
            [
              103.9407921,
              1.3445431
            ],
            [
              103.9395905,
              1.3445431
            ],
            [
              103.9365864,
              1.3409392
            ],
            [
              103.933239,
              1.3404243
            ],
            [
              103.9307499,
              1.3404243
            ],
            [
              103.9232826,
              1.3422263
            ]
          ]
        ],
        "type": "Polygon"
      }
    },
    {
      "type": "Feature",
      "properties": {
        "id": "22336B9E3C3BC88B",
        "name": "District 17 ",
        "description": "Postal code starting with 49, 50 and 81.\n\nChangi: https://www.penang-traveltips.com/singapore/changi.htm",
        "postalSectors": [
          49,
          50,
          81
        ],
        "districtNumber": 17
      },
      "geometry": {
        "coordinates": [
          [
            [
              103.9559841,
              1.382255
            ],
            [
              103.9554691,
              1.3790802
            ],
            [
              103.9570999,
              1.3772782
            ],
            [
              103.9580441,
              1.3771924
            ],
            [
              103.9615631,
              1.3785653
            ],
            [
              103.9638805,
              1.3776215
            ],
            [
              103.9649105,
              1.3757337
            ],
            [
              103.9637947,
              1.3739318
            ],
            [
              103.964138,
              1.3728163
            ],
            [
              103.9638805,
              1.3702421
            ],
            [
              103.9664555,
              1.3691267
            ],
            [
              103.9682579,
              1.3668957
            ],
            [
              103.9616489,
              1.3595163
            ],
            [
              103.9635372,
              1.3555692
            ],
            [
              103.9645672,
              1.3517079
            ],
            [
              103.9659834,
              1.3480182
            ],
            [
              103.9677429,
              1.3458302
            ],
            [
              103.9706612,
              1.3415827
            ],
            [
              103.9722919,
              1.3402956
            ],
            [
              103.9780426,
              1.338322
            ],
            [
              103.98036,
              1.3370349
            ],
            [
              103.9686871,
              1.3191011
            ],
            [
              103.9652967,
              1.3176424
            ],
            [
              103.9672279,
              1.3140385
            ],
            [
              103.9710903,
              1.3149824
            ],
            [
              103.9756393,
              1.315154
            ],
            [
              103.9825916,
              1.3150682
            ],
            [
              103.9839649,
              1.3110352
            ],
            [
              103.9892006,
              1.3127513
            ],
            [
              103.9937496,
              1.3119791
            ],
            [
              103.9988136,
              1.3097481
            ],
            [
              104.0020752,
              1.3096622
            ],
            [
              104.0061522,
              1.31155
            ],
            [
              104.0119458,
              1.3100055
            ],
            [
              104.0149927,
              1.3114213
            ],
            [
              104.0152932,
              1.3142101
            ],
            [
              104.0223312,
              1.3144675
            ],
            [
              104.0229321,
              1.3101771
            ],
            [
              104.0343475,
              1.3112926
            ],
            [
              104.0337467,
              1.3160979
            ],
            [
              104.03615,
              1.3181572
            ],
            [
              104.0358067,
              1.3215038
            ],
            [
              104.0332317,
              1.321847
            ],
            [
              104.0328026,
              1.3317149
            ],
            [
              104.031086,
              1.3316291
            ],
            [
              104.0313435,
              1.3251935
            ],
            [
              104.0233612,
              1.3250219
            ],
            [
              104.0213013,
              1.3273387
            ],
            [
              104.0263653,
              1.3398666
            ],
            [
              104.031086,
              1.3493912
            ],
            [
              104.0333176,
              1.3537673
            ],
            [
              104.0331459,
              1.3581434
            ],
            [
              104.0364933,
              1.3565989
            ],
            [
              104.0394974,
              1.3550544
            ],
            [
              104.0418148,
              1.3526518
            ],
            [
              104.0407848,
              1.3479324
            ],
            [
              104.0436172,
              1.3480182
            ],
            [
              104.0443897,
              1.349906
            ],
            [
              104.042244,
              1.3553118
            ],
            [
              104.0343475,
              1.3611467
            ],
            [
              104.019928,
              1.3683544
            ],
            [
              104.0140915,
              1.3704996
            ],
            [
              104.0118599,
              1.3706712
            ],
            [
              104.0104866,
              1.3692125
            ],
            [
              104.0066242,
              1.3703279
            ],
            [
              104.007225,
              1.3722157
            ],
            [
              104.0099716,
              1.3726447
            ],
            [
              104.0094566,
              1.3740176
            ],
            [
              104.0067101,
              1.3747041
            ],
            [
              104.0028477,
              1.3844001
            ],
            [
              104.0007019,
              1.3868027
            ],
            [
              103.9988995,
              1.3898059
            ],
            [
              103.9939213,
              1.3922942
            ],
            [
              103.9867973,
              1.3939245
            ],
            [
              103.9846516,
              1.3929807
            ],
            [
              103.9767551,
              1.3930665
            ],
            [
              103.9742661,
              1.3916936
            ],
            [
              103.9724636,
              1.3893768
            ],
            [
              103.9725494,
              1.3880897
            ],
            [
              103.9687729,
              1.3847433
            ],
            [
              103.9676571,
              1.3837137
            ],
            [
              103.964653,
              1.3823408
            ],
            [
              103.959074,
              1.3818259
            ],
            [
              103.9559841,
              1.382255
            ]
          ]
        ],
        "type": "Polygon"
      }
    },
    {
      "type": "Feature",
      "properties": {
        "id": "22336ED0C116575A",
        "name": "District 18",
        "description": "Postal code starting with 51 and 52.\n\nTampines: https://www.penang-traveltips.com/singapore/tampines.htm\nPasir Ris: https://www.penang-traveltips.com/singapore/pasir-ris.htm",
        "postalSectors": [
          51,
          52
        ],
        "districtNumber": 18
      },
      "geometry": {
        "coordinates": [
          [
            [
              103.9160728,
              1.347246
            ],
            [
              103.9232826,
              1.3421834
            ],
            [
              103.9298916,
              1.340553
            ],
            [
              103.9353848,
              1.3406388
            ],
            [
              103.9376163,
              1.3419259
            ],
            [
              103.9385605,
              1.3443285
            ],
            [
              103.9407921,
              1.3445431
            ],
            [
              103.9409637,
              1.3416256
            ],
            [
              103.9402771,
              1.3388798
            ],
            [
              103.9411354,
              1.3381504
            ],
            [
              103.9435387,
              1.340124
            ],
            [
              103.9469719,
              1.3416685
            ],
            [
              103.9505553,
              1.337657
            ],
            [
              103.9552546,
              1.34036
            ],
            [
              103.9540958,
              1.3418401
            ],
            [
              103.9548683,
              1.3433632
            ],
            [
              103.9574862,
              1.3399953
            ],
            [
              103.9592028,
              1.3411108
            ],
            [
              103.9583445,
              1.3423121
            ],
            [
              103.9602327,
              1.3441141
            ],
            [
              103.9599323,
              1.3481041
            ],
            [
              103.9629364,
              1.347675
            ],
            [
              103.965683,
              1.3490479
            ],
            [
              103.9635372,
              1.3555692
            ],
            [
              103.9616489,
              1.3595163
            ],
            [
              103.9682579,
              1.3668957
            ],
            [
              103.9664555,
              1.3691267
            ],
            [
              103.9638805,
              1.3702421
            ],
            [
              103.964138,
              1.3728163
            ],
            [
              103.9637947,
              1.3739318
            ],
            [
              103.9649105,
              1.3757337
            ],
            [
              103.9638805,
              1.3776215
            ],
            [
              103.9615631,
              1.3785653
            ],
            [
              103.9570999,
              1.3772782
            ],
            [
              103.9554691,
              1.3790802
            ],
            [
              103.9559841,
              1.382255
            ],
            [
              103.9507484,
              1.3831988
            ],
            [
              103.9456844,
              1.385344
            ],
            [
              103.9399338,
              1.3891194
            ],
            [
              103.9384747,
              1.3898917
            ],
            [
              103.9375305,
              1.3908355
            ],
            [
              103.9339256,
              1.3973567
            ],
            [
              103.9310932,
              1.3993302
            ],
            [
              103.9304924,
              1.4001025
            ],
            [
              103.9295483,
              1.4008747
            ],
            [
              103.9291191,
              1.3996735
            ],
            [
              103.9246559,
              1.398129
            ],
            [
              103.9268017,
              1.3953832
            ],
            [
              103.9232826,
              1.3933239
            ],
            [
              103.9256001,
              1.3912646
            ],
            [
              103.9231968,
              1.388433
            ],
            [
              103.9224243,
              1.3828556
            ],
            [
              103.9196777,
              1.3815685
            ],
            [
              103.9177895,
              1.383113
            ],
            [
              103.9169312,
              1.3810537
            ],
            [
              103.9199352,
              1.3776215
            ],
            [
              103.9197636,
              1.374275
            ],
            [
              103.9204502,
              1.3725589
            ],
            [
              103.9242268,
              1.3684402
            ],
            [
              103.9160728,
              1.347246
            ]
          ]
        ],
        "type": "Polygon"
      }
    },
    {
      "type": "Feature",
      "properties": {
        "id": "223374011BEC33D6",
        "name": "District 19",
        "description": "Postal code starting with 53, 54, 55 and 82.\n\nPaya Lebar: https://www.penang-traveltips.com/singapore/paya-lebar.htm\nHougang: https://www.penang-traveltips.com/singapore/hougang.htm\nPunggol: https://www.penang-traveltips.com/singapore/punggol.htm\nSengkang: https://www.penang-traveltips.com/singapore/sengkang.htm",
        "postalSectors": [
          53,
          54,
          55,
          82
        ],
        "districtNumber": 19
      },
      "geometry": {
        "coordinates": [
          [
            [
              103.8810539,
              1.388433
            ],
            [
              103.8806248,
              1.3858588
            ],
            [
              103.8782215,
              1.3839711
            ],
            [
              103.8771915,
              1.3820834
            ],
            [
              103.8771057,
              1.3787369
            ],
            [
              103.8771915,
              1.3768492
            ],
            [
              103.8775349,
              1.3750473
            ],
            [
              103.8736725,
              1.3753905
            ],
            [
              103.8682652,
              1.3755621
            ],
            [
              103.8680077,
              1.3719583
            ],
            [
              103.8630295,
              1.3695557
            ],
            [
              103.8608837,
              1.3686976
            ],
            [
              103.8589954,
              1.3617473
            ],
            [
              103.8605404,
              1.3596022
            ],
            [
              103.8607979,
              1.3587441
            ],
            [
              103.8588238,
              1.3582292
            ],
            [
              103.8584805,
              1.3567705
            ],
            [
              103.8583088,
              1.355655
            ],
            [
              103.8651752,
              1.3539389
            ],
            [
              103.8614845,
              1.3508499
            ],
            [
              103.8599396,
              1.3532525
            ],
            [
              103.8576221,
              1.352137
            ],
            [
              103.8607121,
              1.3433418
            ],
            [
              103.8608837,
              1.3442427
            ],
            [
              103.8602829,
              1.3483615
            ],
            [
              103.8608408,
              1.349005
            ],
            [
              103.8623857,
              1.3488763
            ],
            [
              103.8633728,
              1.349477
            ],
            [
              103.866291,
              1.3487047
            ],
            [
              103.8680935,
              1.3481899
            ],
            [
              103.8689518,
              1.3472031
            ],
            [
              103.8697243,
              1.3471602
            ],
            [
              103.8694668,
              1.3491766
            ],
            [
              103.8713121,
              1.3478895
            ],
            [
              103.8714409,
              1.3466024
            ],
            [
              103.8704538,
              1.3439424
            ],
            [
              103.872385,
              1.3424837
            ],
            [
              103.8767624,
              1.3417543
            ],
            [
              103.8786507,
              1.3401669
            ],
            [
              103.8804102,
              1.3406817
            ],
            [
              103.8813114,
              1.3419688
            ],
            [
              103.8832426,
              1.3409392
            ],
            [
              103.8851738,
              1.3404672
            ],
            [
              103.8869333,
              1.3378072
            ],
            [
              103.8887787,
              1.3336026
            ],
            [
              103.8928127,
              1.3349756
            ],
            [
              103.8963318,
              1.337464
            ],
            [
              103.895731,
              1.3382362
            ],
            [
              103.8976192,
              1.3410679
            ],
            [
              103.9003658,
              1.3394375
            ],
            [
              103.9016533,
              1.3416685
            ],
            [
              103.9045286,
              1.3408534
            ],
            [
              103.9080048,
              1.3408105
            ],
            [
              103.9134121,
              1.3445002
            ],
            [
              103.9160728,
              1.347246
            ],
            [
              103.9242268,
              1.3684402
            ],
            [
              103.9204502,
              1.3725589
            ],
            [
              103.9197636,
              1.374275
            ],
            [
              103.9199352,
              1.3776215
            ],
            [
              103.9169312,
              1.3810537
            ],
            [
              103.9177895,
              1.383113
            ],
            [
              103.9196777,
              1.3815685
            ],
            [
              103.9224243,
              1.3828556
            ],
            [
              103.9231968,
              1.388433
            ],
            [
              103.9256001,
              1.3912646
            ],
            [
              103.9232826,
              1.3933239
            ],
            [
              103.9268017,
              1.3953832
            ],
            [
              103.9246559,
              1.398129
            ],
            [
              103.9291191,
              1.3996735
            ],
            [
              103.9295483,
              1.4008747
            ],
            [
              103.9314365,
              1.4024192
            ],
            [
              103.9307499,
              1.4039637
            ],
            [
              103.9274883,
              1.4073101
            ],
            [
              103.922596,
              1.412201
            ],
            [
              103.9199352,
              1.4177783
            ],
            [
              103.9146137,
              1.4175209
            ],
            [
              103.9136696,
              1.4193227
            ],
            [
              103.9122963,
              1.4215537
            ],
            [
              103.9090347,
              1.4216395
            ],
            [
              103.9056873,
              1.4206956
            ],
            [
              103.9001083,
              1.4176925
            ],
            [
              103.8983059,
              1.4158048
            ],
            [
              103.8971043,
              1.413488
            ],
            [
              103.8949585,
              1.4091978
            ],
            [
              103.8927269,
              1.4066237
            ],
            [
              103.8916969,
              1.4077391
            ],
            [
              103.8935852,
              1.4099701
            ],
            [
              103.8854313,
              1.4108281
            ],
            [
              103.882513,
              1.4125442
            ],
            [
              103.8801956,
              1.4083398
            ],
            [
              103.8777924,
              1.405165
            ],
            [
              103.8831997,
              1.4004457
            ],
            [
              103.8819981,
              1.3959838
            ],
            [
              103.8842297,
              1.3937529
            ],
            [
              103.8816547,
              1.3930665
            ],
            [
              103.8822556,
              1.3900633
            ],
            [
              103.8810539,
              1.388433
            ]
          ]
        ],
        "type": "Polygon"
      }
    },
    {
      "type": "Feature",
      "properties": {
        "id": "2233908AE575AA72",
        "name": "District 20",
        "description": "Postal code starting with 56 and 57.\n\nAng Mo Kio: https://www.penang-traveltips.com/singapore/ang-mo-kio.htm\nBishan: https://www.penang-traveltips.com/singapore/bishan.htm",
        "postalSectors": [
          56,
          57
        ],
        "districtNumber": 20
      },
      "geometry": {
        "coordinates": [
          [
            [
              103.8040209,
              1.3489621
            ],
            [
              103.8066387,
              1.3497344
            ],
            [
              103.8103724,
              1.3484902
            ],
            [
              103.8140202,
              1.3457015
            ],
            [
              103.814621,
              1.3454011
            ],
            [
              103.8153505,
              1.3448863
            ],
            [
              103.8186121,
              1.344114
            ],
            [
              103.8245773,
              1.3450579
            ],
            [
              103.8279676,
              1.343685
            ],
            [
              103.8319588,
              1.3442427
            ],
            [
              103.8340187,
              1.3426553
            ],
            [
              103.8362503,
              1.3399524
            ],
            [
              103.8376665,
              1.3401669
            ],
            [
              103.8387823,
              1.341025
            ],
            [
              103.8401985,
              1.3406817
            ],
            [
              103.8395548,
              1.3394375
            ],
            [
              103.8412285,
              1.339223
            ],
            [
              103.8431168,
              1.340553
            ],
            [
              103.845048,
              1.3437279
            ],
            [
              103.8473225,
              1.3438566
            ],
            [
              103.8520432,
              1.3431701
            ],
            [
              103.8519573,
              1.3422692
            ],
            [
              103.8533735,
              1.3420547
            ],
            [
              103.8543606,
              1.3429556
            ],
            [
              103.8576651,
              1.3429556
            ],
            [
              103.8578796,
              1.3415398
            ],
            [
              103.862257,
              1.3387511
            ],
            [
              103.8616991,
              1.3411966
            ],
            [
              103.8607121,
              1.3433418
            ],
            [
              103.8576221,
              1.352137
            ],
            [
              103.8599396,
              1.3532525
            ],
            [
              103.8614845,
              1.3508499
            ],
            [
              103.8651752,
              1.3539389
            ],
            [
              103.8583088,
              1.355655
            ],
            [
              103.8584805,
              1.3567705
            ],
            [
              103.8588238,
              1.3582292
            ],
            [
              103.8607979,
              1.3587441
            ],
            [
              103.8605404,
              1.3596022
            ],
            [
              103.8589954,
              1.3617473
            ],
            [
              103.8597679,
              1.3644073
            ],
            [
              103.8608837,
              1.3686976
            ],
            [
              103.8680077,
              1.3719583
            ],
            [
              103.8682652,
              1.3755621
            ],
            [
              103.8720417,
              1.3754334
            ],
            [
              103.8775349,
              1.3750473
            ],
            [
              103.8771486,
              1.3765489
            ],
            [
              103.8771057,
              1.3787369
            ],
            [
              103.8724709,
              1.3784366
            ],
            [
              103.866334,
              1.3783079
            ],
            [
              103.8608837,
              1.3770637
            ],
            [
              103.8595963,
              1.3771495
            ],
            [
              103.8587379,
              1.377836
            ],
            [
              103.8587379,
              1.3790802
            ],
            [
              103.8588667,
              1.3806247
            ],
            [
              103.8570213,
              1.380453
            ],
            [
              103.8569784,
              1.3847433
            ],
            [
              103.8562059,
              1.3850437
            ],
            [
              103.855691,
              1.3871888
            ],
            [
              103.8546181,
              1.3883901
            ],
            [
              103.8535881,
              1.3889049
            ],
            [
              103.8520861,
              1.3889478
            ],
            [
              103.8502407,
              1.3886475
            ],
            [
              103.8507986,
              1.3976999
            ],
            [
              103.8506269,
              1.3987725
            ],
            [
              103.8498974,
              1.3998451
            ],
            [
              103.8451338,
              1.4007889
            ],
            [
              103.8444042,
              1.400746
            ],
            [
              103.8435888,
              1.3995877
            ],
            [
              103.8430738,
              1.3986009
            ],
            [
              103.8415718,
              1.3977428
            ],
            [
              103.8409281,
              1.3971851
            ],
            [
              103.8417435,
              1.3946968
            ],
            [
              103.840971,
              1.3929378
            ],
            [
              103.8417864,
              1.3908355
            ],
            [
              103.8416576,
              1.388862
            ],
            [
              103.8427305,
              1.3862878
            ],
            [
              103.838439,
              1.3835421
            ],
            [
              103.837924,
              1.3841856
            ],
            [
              103.8371944,
              1.3836279
            ],
            [
              103.8383532,
              1.3820834
            ],
            [
              103.8366365,
              1.3807963
            ],
            [
              103.8360357,
              1.381783
            ],
            [
              103.8347912,
              1.3805818
            ],
            [
              103.83389,
              1.3805818
            ],
            [
              103.83286,
              1.3802814
            ],
            [
              103.8312292,
              1.379595
            ],
            [
              103.8314009,
              1.3777073
            ],
            [
              103.8286972,
              1.3783937
            ],
            [
              103.8279247,
              1.3789514
            ],
            [
              103.8258219,
              1.3799811
            ],
            [
              103.8238049,
              1.3789943
            ],
            [
              103.8228607,
              1.3797237
            ],
            [
              103.8216591,
              1.3797237
            ],
            [
              103.8202429,
              1.3808392
            ],
            [
              103.8178825,
              1.3803672
            ],
            [
              103.8174105,
              1.3797666
            ],
            [
              103.8157797,
              1.3805818
            ],
            [
              103.8144493,
              1.3815256
            ],
            [
              103.8126469,
              1.3813969
            ],
            [
              103.8110161,
              1.3803243
            ],
            [
              103.8104582,
              1.3810966
            ],
            [
              103.8089561,
              1.3814827
            ],
            [
              103.807025,
              1.3819976
            ],
            [
              103.8057375,
              1.3820834
            ],
            [
              103.8034201,
              1.3831559
            ],
            [
              103.8022614,
              1.3838424
            ],
            [
              103.8012314,
              1.384014
            ],
            [
              103.799901,
              1.3843143
            ],
            [
              103.7985277,
              1.3839282
            ],
            [
              103.7981844,
              1.378694
            ],
            [
              103.8099432,
              1.3640212
            ],
            [
              103.8074541,
              1.3606318
            ],
            [
              103.8021326,
              1.3531238
            ],
            [
              103.803978,
              1.3493483
            ],
            [
              103.8040209,
              1.3489621
            ]
          ]
        ],
        "type": "Polygon"
      }
    },
    {
      "type": "Feature",
      "properties": {
        "id": "2233945782A9C6D3",
        "name": "District 21",
        "description": "Postal code starting with 58 and 59.\n\nBukit Timah: https://www.penang-traveltips.com/singapore/bukit-timah.htm\nCentral Water Catchment: https://www.penang-traveltips.com/singapore/central-water-catchment.htm",
        "postalSectors": [
          58,
          59
        ],
        "districtNumber": 21
      },
      "geometry": {
        "coordinates": [
          [
            [
              103.7981844,
              1.3786511
            ],
            [
              103.7919617,
              1.3666812
            ],
            [
              103.7874985,
              1.3611896
            ],
            [
              103.7848377,
              1.3591302
            ],
            [
              103.7805462,
              1.3536386
            ],
            [
              103.7738514,
              1.3552689
            ],
            [
              103.7727356,
              1.3547541
            ],
            [
              103.7669849,
              1.3573283
            ],
            [
              103.7662125,
              1.361018
            ],
            [
              103.764925,
              1.3605889
            ],
            [
              103.7651825,
              1.3581863
            ],
            [
              103.7636375,
              1.3587012
            ],
            [
              103.7628651,
              1.3574999
            ],
            [
              103.7646675,
              1.356127
            ],
            [
              103.7634659,
              1.3554405
            ],
            [
              103.7640667,
              1.3496057
            ],
            [
              103.7665558,
              1.349005
            ],
            [
              103.7690449,
              1.3501205
            ],
            [
              103.7705898,
              1.3490908
            ],
            [
              103.7670708,
              1.3472889
            ],
            [
              103.7656116,
              1.3453153
            ],
            [
              103.7641525,
              1.3452295
            ],
            [
              103.7637234,
              1.3466024
            ],
            [
              103.7613201,
              1.3460876
            ],
            [
              103.7612343,
              1.3405101
            ],
            [
              103.7600327,
              1.3399953
            ],
            [
              103.7602901,
              1.3391372
            ],
            [
              103.7599361,
              1.3363485
            ],
            [
              103.7596464,
              1.3357049
            ],
            [
              103.758434,
              1.3349327
            ],
            [
              103.758493,
              1.3344393
            ],
            [
              103.757844,
              1.3336456
            ],
            [
              103.7569213,
              1.3344071
            ],
            [
              103.756814,
              1.33445
            ],
            [
              103.7566209,
              1.335721
            ],
            [
              103.7553442,
              1.3356835
            ],
            [
              103.7502051,
              1.3353081
            ],
            [
              103.7506342,
              1.3293337
            ],
            [
              103.7550652,
              1.3281968
            ],
            [
              103.7559342,
              1.3266951
            ],
            [
              103.7575436,
              1.3274245
            ],
            [
              103.7611485,
              1.3275961
            ],
            [
              103.7607193,
              1.3308139
            ],
            [
              103.7610626,
              1.3345894
            ],
            [
              103.7637234,
              1.3322726
            ],
            [
              103.7646675,
              1.3293552
            ],
            [
              103.76441,
              1.3262661
            ],
            [
              103.7648392,
              1.3238635
            ],
            [
              103.7674141,
              1.3226622
            ],
            [
              103.7707615,
              1.3252364
            ],
            [
              103.7730789,
              1.324979
            ],
            [
              103.7707615,
              1.3214609
            ],
            [
              103.7723923,
              1.3158833
            ],
            [
              103.775053,
              1.314253
            ],
            [
              103.7766838,
              1.316055
            ],
            [
              103.7781429,
              1.3182431
            ],
            [
              103.7799454,
              1.3189724
            ],
            [
              103.7819195,
              1.3219328
            ],
            [
              103.7802887,
              1.3241209
            ],
            [
              103.7799883,
              1.3266951
            ],
            [
              103.77913,
              1.3281968
            ],
            [
              103.7819624,
              1.3290548
            ],
            [
              103.7835073,
              1.3343749
            ],
            [
              103.7852669,
              1.3350614
            ],
            [
              103.7860394,
              1.3353617
            ],
            [
              103.7889576,
              1.3336884
            ],
            [
              103.7893867,
              1.3385366
            ],
            [
              103.7885714,
              1.3410679
            ],
            [
              103.7889147,
              1.3443285
            ],
            [
              103.7896442,
              1.3466882
            ],
            [
              103.7904167,
              1.3484902
            ],
            [
              103.7929916,
              1.3490908
            ],
            [
              103.7954378,
              1.349005
            ],
            [
              103.797884,
              1.3504637
            ],
            [
              103.8040209,
              1.3489192
            ],
            [
              103.8020897,
              1.3536386
            ],
            [
              103.8099432,
              1.3640212
            ],
            [
              103.7981844,
              1.3786511
            ]
          ]
        ],
        "type": "Polygon"
      }
    },
    {
      "type": "Feature",
      "properties": {
        "id": "2233A00DC7495B54",
        "name": "District 23",
        "description": "Postal code starting with 65, 66, 67 and 68.\n\nChoa Chu Kang: https://www.penang-traveltips.com/singapore/choa-chu-kang.htm\nBukit Batok: https://www.penang-traveltips.com/singapore/bukit-batok.htm\nBukit Panjang: https://www.penang-traveltips.com/singapore/bukit-panjang.htm",
        "postalSectors": [
          65,
          66,
          67,
          68
        ],
        "districtNumber": 23
      },
      "geometry": {
        "coordinates": [
          [
            [
              103.7332535,
              1.3664667
            ],
            [
              103.7338543,
              1.3594305
            ],
            [
              103.7384892,
              1.3483615
            ],
            [
              103.73806,
              1.3457873
            ],
            [
              103.7442398,
              1.3444143
            ],
            [
              103.7496471,
              1.3409821
            ],
            [
              103.7563419,
              1.3373782
            ],
            [
              103.7590885,
              1.3363485
            ],
            [
              103.7599361,
              1.3363485
            ],
            [
              103.7602901,
              1.3391372
            ],
            [
              103.7600327,
              1.3399953
            ],
            [
              103.7612343,
              1.3405101
            ],
            [
              103.7613201,
              1.3460876
            ],
            [
              103.7637234,
              1.3466024
            ],
            [
              103.7641525,
              1.3452295
            ],
            [
              103.7656116,
              1.3453153
            ],
            [
              103.7670708,
              1.3472889
            ],
            [
              103.7705898,
              1.3490908
            ],
            [
              103.7690449,
              1.3501205
            ],
            [
              103.7665558,
              1.349005
            ],
            [
              103.7640667,
              1.3496057
            ],
            [
              103.7634659,
              1.3554405
            ],
            [
              103.7646675,
              1.356127
            ],
            [
              103.7628651,
              1.3574999
            ],
            [
              103.7636375,
              1.3587012
            ],
            [
              103.7651825,
              1.3581863
            ],
            [
              103.764925,
              1.3605889
            ],
            [
              103.7662125,
              1.361018
            ],
            [
              103.7669849,
              1.3573283
            ],
            [
              103.7727356,
              1.3547541
            ],
            [
              103.7738514,
              1.3552689
            ],
            [
              103.7805462,
              1.3536386
            ],
            [
              103.7848377,
              1.3591302
            ],
            [
              103.7880993,
              1.3618331
            ],
            [
              103.7919617,
              1.3666812
            ],
            [
              103.7981844,
              1.378694
            ],
            [
              103.7985277,
              1.3839282
            ],
            [
              103.7984848,
              1.3864594
            ],
            [
              103.7855244,
              1.386202
            ],
            [
              103.7791729,
              1.3973567
            ],
            [
              103.7772846,
              1.4000167
            ],
            [
              103.7703323,
              1.3987296
            ],
            [
              103.7652683,
              1.3977858
            ],
            [
              103.7607193,
              1.3998451
            ],
            [
              103.7521362,
              1.4013038
            ],
            [
              103.7529087,
              1.4034489
            ],
            [
              103.7515354,
              1.4049934
            ],
            [
              103.7491322,
              1.4052508
            ],
            [
              103.7463856,
              1.4050792
            ],
            [
              103.7448406,
              1.405594
            ],
            [
              103.743124,
              1.4042211
            ],
            [
              103.7414932,
              1.4043927
            ],
            [
              103.7369442,
              1.4074817
            ],
            [
              103.73703,
              1.3988154
            ],
            [
              103.73806,
              1.3970135
            ],
            [
              103.7359142,
              1.388862
            ],
            [
              103.7336826,
              1.3851724
            ],
            [
              103.7328243,
              1.3797666
            ],
            [
              103.7315369,
              1.3782221
            ],
            [
              103.7317944,
              1.3731595
            ],
            [
              103.7333393,
              1.3706712
            ],
            [
              103.7330818,
              1.368097
            ],
            [
              103.7332535,
              1.3664667
            ]
          ]
        ],
        "type": "Polygon"
      }
    },
    {
      "type": "Feature",
      "properties": {
        "id": "2233A20D107DBD11",
        "name": "District 24",
        "description": "Postal code starting with 69, 70 and 71.\n\nLim Chu Kang: https://www.penang-traveltips.com/singapore/lim-chu-kang.htm",
        "postalSectors": [
          69,
          70,
          71
        ],
        "districtNumber": 24
      },
      "geometry": {
        "coordinates": [
          [
            [
              103.7369442,
              1.4074817
            ],
            [
              103.7404633,
              1.4242994
            ],
            [
              103.73703,
              1.442833
            ],
            [
              103.7236404,
              1.4514133
            ],
            [
              103.7112808,
              1.447638
            ],
            [
              103.7033844,
              1.4414602
            ],
            [
              103.6941147,
              1.4342527
            ],
            [
              103.6855316,
              1.4325366
            ],
            [
              103.6745453,
              1.4273883
            ],
            [
              103.6724854,
              1.4164054
            ],
            [
              103.6700821,
              1.4116003
            ],
            [
              103.6618423,
              1.4061088
            ],
            [
              103.6608124,
              1.3971851
            ],
            [
              103.661499,
              1.3899775
            ],
            [
              103.6573792,
              1.3837995
            ],
            [
              103.6525726,
              1.3753047
            ],
            [
              103.6565208,
              1.3732454
            ],
            [
              103.6616707,
              1.3628628
            ],
            [
              103.6775494,
              1.3619189
            ],
            [
              103.6864758,
              1.3634634
            ],
            [
              103.6905098,
              1.3688692
            ],
            [
              103.6987495,
              1.3664667
            ],
            [
              103.7019253,
              1.3638925
            ],
            [
              103.7083626,
              1.3638496
            ],
            [
              103.7112808,
              1.3618331
            ],
            [
              103.7219238,
              1.3649651
            ],
            [
              103.7332535,
              1.3664667
            ],
            [
              103.7332964,
              1.3684402
            ],
            [
              103.7333393,
              1.3706712
            ],
            [
              103.7317944,
              1.3731595
            ],
            [
              103.7315369,
              1.3782221
            ],
            [
              103.7329531,
              1.3801098
            ],
            [
              103.7337685,
              1.3854727
            ],
            [
              103.7359142,
              1.388862
            ],
            [
              103.73806,
              1.3970135
            ],
            [
              103.73703,
              1.3988154
            ],
            [
              103.7369442,
              1.4074817
            ]
          ]
        ],
        "type": "Polygon"
      }
    },
    {
      "type": "Feature",
      "properties": {
        "id": "2233A56E49EEAA59",
        "name": "District 25",
        "description": "Postal code starting with 72 and 73.\n\nWoodlands: https://www.penang-traveltips.com/singapore/woodlands.htm\nSungei Kadut: https://www.penang-traveltips.com/singapore/sungei-kadut.htm\nMarsiling: https://www.penang-traveltips.com/singapore/marsiling.htm",
        "postalSectors": [
          72,
          73
        ],
        "districtNumber": 25
      },
      "geometry": {
        "coordinates": [
          [
            [
              103.73703,
              1.442833
            ],
            [
              103.7404633,
              1.4242994
            ],
            [
              103.7369442,
              1.4074817
            ],
            [
              103.7414932,
              1.4043927
            ],
            [
              103.743124,
              1.4042211
            ],
            [
              103.7448406,
              1.405594
            ],
            [
              103.7463856,
              1.4050792
            ],
            [
              103.7515354,
              1.4049934
            ],
            [
              103.7529087,
              1.4034489
            ],
            [
              103.7521362,
              1.4013038
            ],
            [
              103.759861,
              1.3999309
            ],
            [
              103.7652683,
              1.3977858
            ],
            [
              103.7772846,
              1.4000167
            ],
            [
              103.7855244,
              1.386202
            ],
            [
              103.7984848,
              1.3864594
            ],
            [
              103.8003731,
              1.3873175
            ],
            [
              103.8038921,
              1.4072243
            ],
            [
              103.8013172,
              1.4099701
            ],
            [
              103.7989998,
              1.4093694
            ],
            [
              103.7956524,
              1.4112571
            ],
            [
              103.7901592,
              1.4105707
            ],
            [
              103.7897301,
              1.4180357
            ],
            [
              103.7864685,
              1.4207814
            ],
            [
              103.7942791,
              1.423613
            ],
            [
              103.8179684,
              1.4223259
            ],
            [
              103.81917,
              1.4285038
            ],
            [
              103.8194704,
              1.4331801
            ],
            [
              103.8191271,
              1.4366552
            ],
            [
              103.8173246,
              1.4381996
            ],
            [
              103.8137197,
              1.4418034
            ],
            [
              103.8136768,
              1.4451926
            ],
            [
              103.8132477,
              1.4474664
            ],
            [
              103.813076,
              1.4496973
            ],
            [
              103.813591,
              1.4522714
            ],
            [
              103.8132048,
              1.4528291
            ],
            [
              103.8129044,
              1.4553174
            ],
            [
              103.812561,
              1.4570763
            ],
            [
              103.8114882,
              1.4593501
            ],
            [
              103.8041496,
              1.4559609
            ],
            [
              103.8017464,
              1.4529149
            ],
            [
              103.8027334,
              1.4504266
            ],
            [
              103.7924767,
              1.4459219
            ],
            [
              103.7905884,
              1.447638
            ],
            [
              103.7880135,
              1.4466084
            ],
            [
              103.7852669,
              1.4491825
            ],
            [
              103.7828636,
              1.44678
            ],
            [
              103.7794304,
              1.4486676
            ],
            [
              103.7744522,
              1.4479812
            ],
            [
              103.7718773,
              1.4464368
            ],
            [
              103.7681007,
              1.4479812
            ],
            [
              103.7615776,
              1.4390577
            ],
            [
              103.7545395,
              1.4404305
            ],
            [
              103.750248,
              1.4381996
            ],
            [
              103.7430382,
              1.4421466
            ],
            [
              103.73703,
              1.442833
            ]
          ]
        ],
        "type": "Polygon"
      }
    },
    {
      "type": "Feature",
      "properties": {
        "id": "2233A830E30F6BBE",
        "name": "District 26",
        "description": "Postal code starting with 77 and 78.\n\nUpper Thomson, Springleaf\n",
        "postalSectors": [
          77,
          78
        ],
        "districtNumber": 26
      },
      "geometry": {
        "coordinates": [
          [
            [
              103.7864685,
              1.4207814
            ],
            [
              103.7897301,
              1.4180357
            ],
            [
              103.7901592,
              1.4105707
            ],
            [
              103.7956524,
              1.4112571
            ],
            [
              103.7989998,
              1.4093694
            ],
            [
              103.8013172,
              1.4099701
            ],
            [
              103.8038921,
              1.4072243
            ],
            [
              103.8003731,
              1.3873175
            ],
            [
              103.7984848,
              1.3864594
            ],
            [
              103.7985277,
              1.3839282
            ],
            [
              103.799901,
              1.3843143
            ],
            [
              103.8022614,
              1.3838424
            ],
            [
              103.8034201,
              1.3831559
            ],
            [
              103.8057375,
              1.3820834
            ],
            [
              103.807025,
              1.3819976
            ],
            [
              103.8104582,
              1.3810966
            ],
            [
              103.8110161,
              1.3803243
            ],
            [
              103.8126469,
              1.3813969
            ],
            [
              103.8144493,
              1.3815256
            ],
            [
              103.8174105,
              1.3797666
            ],
            [
              103.8178825,
              1.3803672
            ],
            [
              103.8202429,
              1.3808392
            ],
            [
              103.8216591,
              1.3797237
            ],
            [
              103.8228607,
              1.3797237
            ],
            [
              103.8238049,
              1.3789943
            ],
            [
              103.8258219,
              1.3799811
            ],
            [
              103.8286972,
              1.3783937
            ],
            [
              103.8314009,
              1.3777073
            ],
            [
              103.8312292,
              1.379595
            ],
            [
              103.8347912,
              1.3805818
            ],
            [
              103.8360357,
              1.381783
            ],
            [
              103.8366365,
              1.3807963
            ],
            [
              103.8383532,
              1.3820834
            ],
            [
              103.8371944,
              1.3836279
            ],
            [
              103.837924,
              1.3841856
            ],
            [
              103.838439,
              1.3835421
            ],
            [
              103.8427305,
              1.3862878
            ],
            [
              103.8416576,
              1.388862
            ],
            [
              103.8417864,
              1.3908355
            ],
            [
              103.840971,
              1.3929378
            ],
            [
              103.8417435,
              1.3946968
            ],
            [
              103.8409281,
              1.3971851
            ],
            [
              103.8430738,
              1.3986009
            ],
            [
              103.8444042,
              1.400746
            ],
            [
              103.8387394,
              1.4043927
            ],
            [
              103.8298988,
              1.4043069
            ],
            [
              103.825779,
              1.4085972
            ],
            [
              103.8228607,
              1.4094552
            ],
            [
              103.8213158,
              1.4053366
            ],
            [
              103.8182259,
              1.4070527
            ],
            [
              103.8169384,
              1.4106565
            ],
            [
              103.8149643,
              1.4103991
            ],
            [
              103.8117027,
              1.417435
            ],
            [
              103.8103294,
              1.4227549
            ],
            [
              103.8030338,
              1.4229265
            ],
            [
              103.7937641,
              1.4235272
            ],
            [
              103.7864685,
              1.4207814
            ]
          ]
        ],
        "type": "Polygon"
      }
    },
    {
      "type": "Feature",
      "properties": {
        "id": "2233AAD69F91AAD1",
        "name": "District 27",
        "description": "Postal code starting with 75 and 76.\n\nYishun: https://www.penang-traveltips.com/singapore/yishun.htm\nMandai: https://www.penang-traveltips.com/singapore/mandai.htm\nSembawang: https://www.penang-traveltips.com/singapore/sembawang.htm",
        "postalSectors": [
          75,
          76
        ],
        "districtNumber": 27
      },
      "geometry": {
        "coordinates": [
          [
            [
              103.8451338,
              1.4007889
            ],
            [
              103.8458204,
              1.4061303
            ],
            [
              103.8511419,
              1.4100773
            ],
            [
              103.8566351,
              1.4171133
            ],
            [
              103.8671064,
              1.4315284
            ],
            [
              103.8696814,
              1.4378779
            ],
            [
              103.85818,
              1.4512632
            ],
            [
              103.8497686,
              1.457441
            ],
            [
              103.8353491,
              1.4663645
            ],
            [
              103.8269377,
              1.4691102
            ],
            [
              103.8253927,
              1.4658497
            ],
            [
              103.8212728,
              1.4673941
            ],
            [
              103.8229895,
              1.4697966
            ],
            [
              103.8164663,
              1.4715127
            ],
            [
              103.807025,
              1.4711694
            ],
            [
              103.8005018,
              1.4680806
            ],
            [
              103.794837,
              1.463962
            ],
            [
              103.7898374,
              1.4610018
            ],
            [
              103.785696,
              1.4581918
            ],
            [
              103.7824345,
              1.4553174
            ],
            [
              103.7773275,
              1.452207
            ],
            [
              103.7771344,
              1.451585
            ],
            [
              103.7755036,
              1.4513061
            ],
            [
              103.7732291,
              1.4503623
            ],
            [
              103.7706542,
              1.4495257
            ],
            [
              103.7683582,
              1.4481528
            ],
            [
              103.772006,
              1.4466299
            ],
            [
              103.7745809,
              1.4481743
            ],
            [
              103.7797737,
              1.4487106
            ],
            [
              103.7829923,
              1.4469731
            ],
            [
              103.7853956,
              1.4493756
            ],
            [
              103.7882924,
              1.4468443
            ],
            [
              103.7907171,
              1.4478311
            ],
            [
              103.7927985,
              1.4460935
            ],
            [
              103.8028836,
              1.4507484
            ],
            [
              103.8019824,
              1.4532367
            ],
            [
              103.8042783,
              1.456154
            ],
            [
              103.8116598,
              1.4596719
            ],
            [
              103.8129473,
              1.4564543
            ],
            [
              103.8133335,
              1.4530222
            ],
            [
              103.8137197,
              1.4524645
            ],
            [
              103.8132477,
              1.4497616
            ],
            [
              103.813591,
              1.4463724
            ],
            [
              103.8139343,
              1.4453857
            ],
            [
              103.8138484,
              1.4419965
            ],
            [
              103.8174533,
              1.4383927
            ],
            [
              103.8192558,
              1.4368483
            ],
            [
              103.8195991,
              1.4333732
            ],
            [
              103.8192987,
              1.4286969
            ],
            [
              103.8187194,
              1.4257581
            ],
            [
              103.8180971,
              1.422519
            ],
            [
              103.8103294,
              1.4227549
            ],
            [
              103.8117027,
              1.417435
            ],
            [
              103.8149643,
              1.4103991
            ],
            [
              103.8169384,
              1.4106565
            ],
            [
              103.8182259,
              1.4070527
            ],
            [
              103.8213158,
              1.4053795
            ],
            [
              103.8228607,
              1.4094981
            ],
            [
              103.825779,
              1.4085972
            ],
            [
              103.8298988,
              1.4043498
            ],
            [
              103.8387394,
              1.4043927
            ],
            [
              103.8444042,
              1.400746
            ],
            [
              103.8451338,
              1.4007889
            ]
          ]
        ],
        "type": "Polygon"
      }
    },
    {
      "type": "Feature",
      "properties": {
        "id": "2233AD05677057E7",
        "name": "District 28",
        "description": "Postal code starting with 79 and 80.\n\nSeletar: https://www.penang-traveltips.com/singapore/seletar.htm",
        "postalSectors": [
          79,
          80
        ],
        "districtNumber": 28
      },
      "geometry": {
        "coordinates": [
          [
            [
              103.845048,
              1.4007889
            ],
            [
              103.8498116,
              1.3998451
            ],
            [
              103.8507128,
              1.3976999
            ],
            [
              103.8501549,
              1.3886475
            ],
            [
              103.8535023,
              1.3889049
            ],
            [
              103.8545323,
              1.3883901
            ],
            [
              103.8556052,
              1.3871888
            ],
            [
              103.8561201,
              1.3850437
            ],
            [
              103.8568926,
              1.3847433
            ],
            [
              103.8569355,
              1.380453
            ],
            [
              103.8587809,
              1.3806247
            ],
            [
              103.8586521,
              1.377836
            ],
            [
              103.8607979,
              1.3770637
            ],
            [
              103.8662482,
              1.3783079
            ],
            [
              103.8770199,
              1.3787369
            ],
            [
              103.8771057,
              1.3820834
            ],
            [
              103.8781357,
              1.3839711
            ],
            [
              103.880539,
              1.3858588
            ],
            [
              103.8809681,
              1.388433
            ],
            [
              103.8821698,
              1.3900633
            ],
            [
              103.8815689,
              1.3930665
            ],
            [
              103.8841439,
              1.3937529
            ],
            [
              103.8819123,
              1.3959838
            ],
            [
              103.8831139,
              1.4004457
            ],
            [
              103.8777066,
              1.405165
            ],
            [
              103.8801098,
              1.4083398
            ],
            [
              103.8824272,
              1.4125442
            ],
            [
              103.8853455,
              1.4108281
            ],
            [
              103.8934994,
              1.4099701
            ],
            [
              103.8916111,
              1.4077391
            ],
            [
              103.8925552,
              1.406023
            ],
            [
              103.8948727,
              1.4091978
            ],
            [
              103.8975334,
              1.4143461
            ],
            [
              103.8989067,
              1.4164054
            ],
            [
              103.8996792,
              1.420095
            ],
            [
              103.8926411,
              1.424471
            ],
            [
              103.8836288,
              1.4293618
            ],
            [
              103.8761616,
              1.4337378
            ],
            [
              103.8695956,
              1.4378779
            ],
            [
              103.8670206,
              1.4315284
            ],
            [
              103.8654327,
              1.4291044
            ],
            [
              103.8611412,
              1.423613
            ],
            [
              103.8590813,
              1.420524
            ],
            [
              103.852129,
              1.4116861
            ],
            [
              103.8510561,
              1.4100773
            ],
            [
              103.8457346,
              1.4061303
            ],
            [
              103.845048,
              1.4007889
            ]
          ]
        ],
        "type": "Polygon"
      }
    },
    {
      "type": "Feature",
      "properties": {
        "id": "22336B9E3C3BC88B",
        "name": "District 17 ",
        "description": "Postal code starting with 49, 50 and 81.\n\nChangi: https://www.penang-traveltips.com/singapore/changi.htm",
        "postalSectors": [
          49,
          50,
          81
        ],
        "districtNumber": 17
      },
      "geometry": {
        "coordinates": [
          [
            [
              103.92633510592123,
              1.4237289375217728
            ],
            [
              103.92875500828569,
              1.4180924802326018
            ],
            [
              103.93721357931321,
              1.414871200144816
            ],
            [
              103.94828085825509,
              1.408634371865375
            ],
            [
              103.95209982978685,
              1.3999823267785558
            ],
            [
              103.9621737366669,
              1.399980325304199
            ],
            [
              103.97303974796682,
              1.4030000373578417
            ],
            [
              103.98169517382132,
              1.4078302468093682
            ],
            [
              103.99236433982782,
              1.4088365702743033
            ],
            [
              103.98934610794936,
              1.418091876756833
            ],
            [
              103.97445331482527,
              1.4178881545611972
            ],
            [
              103.96358544426226,
              1.4176862389787033
            ],
            [
              103.9561383407264,
              1.4192959396242486
            ],
            [
              103.94989646565978,
              1.4219130482545665
            ],
            [
              103.93458538495537,
              1.4279568878865518
            ],
            [
              103.92633510592123,
              1.4237289375217728
            ]
          ]
        ],
        "type": "Polygon"
      }
    },
    {
      "type": "Feature",
      "properties": {
        "id": "22336B9E3C3BC88B",
        "name": "District 17 ",
        "description": "Postal code starting with 49, 50 and 81.\n\nChangi: https://www.penang-traveltips.com/singapore/changi.htm",
        "postalSectors": [
          49,
          50,
          81
        ],
        "districtNumber": 17
      },
      "geometry": {
        "coordinates": [
          [
            [
              104.0096028347931,
              1.4219785129071596
            ],
            [
              104.00892977385786,
              1.4145988488648982
            ],
            [
              104.01720939951662,
              1.3940178550255382
            ],
            [
              104.02996449850457,
              1.3803716619313775
            ],
            [
              104.0496565811523,
              1.3622511862543547
            ],
            [
              104.0814324417866,
              1.3367480641015703
            ],
            [
              104.08590791511574,
              1.338314052971171
            ],
            [
              104.07762828945698,
              1.3512893507437411
            ],
            [
              104.07337658979498,
              1.3600140810038965
            ],
            [
              104.08053734712189,
              1.3805953706481233
            ],
            [
              104.08702678344758,
              1.392899317572713
            ],
            [
              104.08613124094302,
              1.409900862550728
            ],
            [
              104.07515718422218,
              1.423539599385009
            ],
            [
              104.06173239054539,
              1.4304711487347532
            ],
            [
              104.04696895693326,
              1.4347254937151064
            ],
            [
              104.04160072915874,
              1.440772240012052
            ],
            [
              104.02190876295293,
              1.4358501960552132
            ],
            [
              104.0096028347931,
              1.4219785129071596
            ]
          ]
        ],
        "type": "Polygon"
      }
    }
  ]
}