{
  "type": "FeatureCollection",
  "features": [
    {
      "type": "Feature",
      "geometry": {
        "type": "Polygon",
        "coordinates": [
          [
            [
              103.84416282176971,
              1.294924631912363
            ],
            [
              103.84424865245819,
              1.2942059833733692
            ],
            [
              103.84420573711395,
              1.293894926479904
            ],
            [
              103.84395897388458,
              1.2932942647845924
            ],
            [
              103.84275734424591,
              1.2912133999554851
            ],
            [
              103.84116411209106,
              1.2880170166295095
            ],
            [
              103.84137868881226,
              1.2879526598773154
            ],
            [
              103.84148597717285,
              1.2879312076262235
            ],
            [
              103.84159326553345,
              1.2878883031235056
            ],
            [
              103.84180784225464,
              1.2878453986200495
            ],
            [
              103.84202241897583,
              1.2877595896109877
            ],
            [
              103.84212970733643,
              1.2876952328523052
            ],
            [
              103.8422155380249,
              1.2876308760919815
            ],
            [
              103.84230136871338,
              1.287545067075706
            ],
            [
              103.84240865707397,
              1.2873519967785143
            ],
            [
              103.84238719940186,
              1.2872232832389234
            ],
            [
              103.84236574172974,
              1.2871160219509716
            ],
            [
              103.84236574172974,
              1.2870087606585034
            ],
            [
              103.8423228263855,
              1.2867942380600432
            ],
            [
              103.8423228263855,
              1.2866869767540514
            ],
            [
              103.84230136871338,
              1.2865797154435556
            ],
            [
              103.84230136871338,
              1.2863651928090027
            ],
            [
              103.84234428405762,
              1.2862579314849707
            ],
            [
              103.84251594543457,
              1.2861292178901655
            ],
            [
              103.84260177612305,
              1.28604340882337
            ],
            [
              103.8426661491394,
              1.2859575997536867
            ],
            [
              103.84275197982788,
              1.2858932429495225
            ],
            [
              103.84283781051636,
              1.2858074338748011
            ],
            [
              103.84290218353271,
              1.2857645293363462
            ],
            [
              103.84279489517212,
              1.2857430770668454
            ],
            [
              103.84247303009033,
              1.2853140316390932
            ],
            [
              103.84240865707397,
              1.2852067702708896
            ],
            [
              103.84234428405762,
              1.2851209611730903
            ],
            [
              103.84230136871338,
              1.2850136997967698
            ],
            [
              103.84217262268066,
              1.2848420815853066
            ],
            [
              103.8421082496643,
              1.2847348201972817
            ],
            [
              103.84197950363159,
              1.2845632019670912
            ],
            [
              103.84193658828735,
              1.2845202974077339
            ],
            [
              103.84191513061523,
              1.284627558804766
            ],
            [
              103.84182929992676,
              1.2845417496875142
            ],
            [
              103.84178638458252,
              1.284434488286869
            ],
            [
              103.8417649269104,
              1.2843272268817456
            ],
            [
              103.8417649269104,
              1.2840054426393404
            ],
            [
              103.84172201156616,
              1.2837909197885733
            ],
            [
              103.8416576385498,
              1.2836836583564277
            ],
            [
              103.84163618087769,
              1.2835763969197913
            ],
            [
              103.84159326553345,
              1.2834691354786514
            ],
            [
              103.84152889251709,
              1.2833833263225078
            ],
            [
              103.84144306182861,
              1.2832975171634764
            ],
            [
              103.84133577346802,
              1.2832117080015697
            ],
            [
              103.84127140045166,
              1.2831044465451502
            ],
            [
              103.84122848510742,
              1.2829971850842146
            ],
            [
              103.84122848510742,
              1.28278266214887
            ],
            [
              103.84118556976318,
              1.2825681391955364
            ],
            [
              103.84114265441895,
              1.2824608777121203
            ],
            [
              103.84094953536987,
              1.2820961886348963
            ],
            [
              103.84112119674683,
              1.2819674748305434
            ],
            [
              103.84116411209106,
              1.2819245702276507
            ],
            [
              103.84212970733643,
              1.2829971850842146
            ],
            [
              103.84264469146729,
              1.2825681391955364
            ],
            [
              103.84240865707397,
              1.2821605455346556
            ],
            [
              103.84335279464722,
              1.2815384287692757
            ],
            [
              103.8431167602539,
              1.2809592164725438
            ],
            [
              103.84335279464722,
              1.280766145677875
            ],
            [
              103.84361028671265,
              1.2811737395606821
            ],
            [
              103.84414672851562,
              1.280766145677875
            ],
            [
              103.84416282176971,
              1.294924631912363
            ]
          ]
        ]
      },
      "properties": {
        "id": "54de9394b9"
      }
    },
    {
      "type": "Feature",
      "geometry": {
        "type": "Polygon",
        "coordinates": [
          [
            [
              103.84116411209106,
              1.281946022529606
            ],
            [
              103.83897542953491,
              1.2792215787974508
            ],
            [
              103.8363254070282,
              1.27735522590935
            ],
            [
              103.83617520332336,
              1.2772694165485314
            ],
            [
              103.83589625358582,
              1.2770548931340044
            ],
            [
              103.83583188056946,
              1.2769690837631735
            ],
            [
              103.83574604988098,
              1.2768832743894802
            ],
            [
              103.8356602191925,
              1.2768189173573337
            ],
            [
              103.83557438850403,
              1.2767331079786275
            ],
            [
              103.83546710014343,
              1.276668750942728
            ],
            [
              103.8354241847992,
              1.276561489212628
            ],
            [
              103.83535981178284,
              1.2764542274780628
            ],
            [
              103.83527398109436,
              1.2763898704351786
            ],
            [
              103.83516669273376,
              1.2763255133906788
            ],
            [
              103.83503794670105,
              1.2762611563445632
            ],
            [
              103.83493065834045,
              1.2762182516462663
            ],
            [
              103.83478045463562,
              1.2761538945974664
            ],
            [
              103.83467316627502,
              1.2761324422475102
            ],
            [
              103.8344156742096,
              1.2760466328459041
            ],
            [
              103.834308385849,
              1.2760251804950447
            ],
            [
              103.8342010974884,
              1.2760251804950447
            ],
            [
              103.83398652076721,
              1.276110989897376
            ],
            [
              103.83136868476868,
              1.2733007304859885
            ],
            [
              103.83246302604675,
              1.2726571591965525
            ],
            [
              103.8337504863739,
              1.2724855401589081
            ],
            [
              103.8387930393219,
              1.2726357068174752
            ],
            [
              103.84177565574646,
              1.2724426353977
            ],
            [
              103.84116411209106,
              1.281946022529606
            ]
          ]
        ]
      },
      "properties": {
        "id": "71937f5e72"
      }
    },
    {
      "type": "Feature",
      "geometry": {
        "type": "Polygon",
        "coordinates": [
          [
            [
              103.84411454200745,
              1.280380004045371
            ],
            [
              103.84514451026917,
              1.2791143171740267
            ],
            [
              103.8446295261383,
              1.276304061042211
            ],
            [
              103.8451874256134,
              1.276196799296908
            ],
            [
              103.84638905525208,
              1.2762826086935015
            ],
            [
              103.84683966636658,
              1.276346965739083
            ],
            [
              103.84649634361267,
              1.2757462999177778
            ],
            [
              103.84662508964539,
              1.2754674193102062
            ],
            [
              103.84673237800598,
              1.2753172528166974
            ],
            [
              103.84748339653015,
              1.274952562724533
            ],
            [
              103.84814858436584,
              1.2759179187381773
            ],
            [
              103.84941458702087,
              1.2750812768806552
            ],
            [
              103.84990811347961,
              1.2747487652976306
            ],
            [
              103.85054111480713,
              1.2737512302909952
            ],
            [
              103.85043382644653,
              1.2737297779210142
            ],
            [
              103.85032653808594,
              1.273686873180518
            ],
            [
              103.8502836227417,
              1.2736546946246876
            ],
            [
              103.8502299785614,
              1.2736225160684502
            ],
            [
              103.85016560554504,
              1.2735796113261728
            ],
            [
              103.8501226902008,
              1.2735474327690068
            ],
            [
              103.84992957115173,
              1.2734830756534534
            ],
            [
              103.84987592697144,
              1.2734723494673623
            ],
            [
              103.84982228279114,
              1.273450897095066
            ],
            [
              103.84974718093872,
              1.2734294447225787
            ],
            [
              103.84969353675842,
              1.2734187185362715
            ],
            [
              103.84965062141418,
              1.2733865399770954
            ],
            [
              103.84958624839783,
              1.273354361417512
            ],
            [
              103.84953260421753,
              1.2733436352308867
            ],
            [
              103.84942531585693,
              1.2733007304839783
            ],
            [
              103.84937167167664,
              1.273290004297137
            ],
            [
              103.84915709495544,
              1.2732041948008013
            ],
            [
              103.84910345077515,
              1.2731720162389406
            ],
            [
              103.84904980659485,
              1.2731505638641378
            ],
            [
              103.84888887405396,
              1.2730218496116068
            ],
            [
              103.84883522987366,
              1.2729896710474689
            ],
            [
              103.8487708568573,
              1.2729682186711522
            ],
            [
              103.84869575500488,
              1.2729360401063528
            ],
            [
              103.84863138198853,
              1.2729145877295782
            ],
            [
              103.84857773780823,
              1.2729038615411337
            ],
            [
              103.84841680526733,
              1.272839504409512
            ],
            [
              103.84836316108704,
              1.2728287782207495
            ],
            [
              103.84830951690674,
              1.2728073258431096
            ],
            [
              103.84825587272644,
              1.2728073258431096
            ],
            [
              103.84820222854614,
              1.272796599654207
            ],
            [
              103.84814858436584,
              1.2727751472762874
            ],
            [
              103.84809494018555,
              1.2727644210872575
            ],
            [
              103.84803056716919,
              1.2727429687090708
            ],
            [
              103.8479232788086,
              1.27270006395215
            ],
            [
              103.84785890579224,
              1.2726678853840048
            ],
            [
              103.84779453277588,
              1.2726464330050165
            ],
            [
              103.84774088859558,
              1.2726249806258372
            ],
            [
              103.84768724441528,
              1.2726142544361967
            ],
            [
              103.84749412536621,
              1.2725820758669573
            ],
            [
              103.84711861610413,
              1.2725820758669573
            ],
            [
              103.84706497192383,
              1.2725928020567505
            ],
            [
              103.84701132774353,
              1.2725928020567505
            ],
            [
              103.84690403938293,
              1.2726142544361967
            ],
            [
              103.84673237800598,
              1.2726142544361967
            ],
            [
              103.84667873382568,
              1.2726249806258372
            ],
            [
              103.84657144546509,
              1.2726249806258372
            ],
            [
              103.84651780128479,
              1.2726142544361967
            ],
            [
              103.84646415710449,
              1.2726142544361967
            ],
            [
              103.84639978408813,
              1.2725928020567505
            ],
            [
              103.84633541107178,
              1.2725928020567505
            ],
            [
              103.84622812271118,
              1.2725713496771387
            ],
            [
              103.84615302085876,
              1.2725606234872566
            ],
            [
              103.84604573249817,
              1.2725391711073777
            ],
            [
              103.84587407112122,
              1.2725391711073777
            ],
            [
              103.84582042694092,
              1.2725284449173682
            ],
            [
              103.84576678276062,
              1.2725284449173682
            ],
            [
              103.84549856185913,
              1.272496266347073
            ],
            [
              103.84544491767883,
              1.2725069925372094
            ],
            [
              103.84542346000671,
              1.2725177187273207
            ],
            [
              103.84411454200745,
              1.280380004045371
            ]
          ]
        ]
      },
      "properties": {
        "id": "03774649ff"
      }
    },
    {
      "type": "Feature",
      "geometry": {
        "type": "Polygon",
        "coordinates": [
          [
            [
              103.8454020023346,
              1.2725284449173682
            ],
            [
              103.84541273117065,
              1.2725284449173682
            ],
            [
              103.8454020023346,
              1.2725284449173682
            ]
          ]
        ]
      },
      "properties": {
        "id": "619b8f076f"
      }
    },
    {
      "type": "Feature",
      "geometry": {
        "type": "Polygon",
        "coordinates": [
          [
            [
              103.83132576942444,
              1.2733436352329603
            ],
            [
              103.83031725883484,
              1.2739872063510282
            ],
            [
              103.82789254188538,
              1.2758535616839832
            ],
            [
              103.82424473762512,
              1.278148962363052
            ],
            [
              103.82327914237976,
              1.2785351043318425
            ],
            [
              103.82182002067566,
              1.2787067229660016
            ],
            [
              103.8206398487091,
              1.2788354369340893
            ],
            [
              103.81952404975891,
              1.279178674150768
            ],
            [
              103.83132576942444,
              1.2733436352329603
            ]
          ]
        ]
      },
      "properties": {
        "id": "e8f78efed7"
      }
    },
    {
      "type": "Feature",
      "geometry": {
        "type": "Polygon",
        "coordinates": [
          [
            [
              103.81346225738525,
              1.2629928443997085
            ],
            [
              103.81154179573059,
              1.2627139624168018
            ],
            [
              103.81131649017334,
              1.2625959738765606
            ],
            [
              103.81126284599304,
              1.2628641296420926
            ],
            [
              103.81117701530457,
              1.2629606657109058
            ],
            [
              103.81079077720642,
              1.2629606657109058
            ],
            [
              103.81051182746887,
              1.2630679280053887
            ],
            [
              103.8103187084198,
              1.2632610001243003
            ],
            [
              103.81346225738525,
              1.2629928443997085
            ]
          ]
        ]
      },
      "properties": {
        "id": "a3d69e4468"
      }
    },
    {
      "type": "Feature",
      "geometry": {
        "type": "Polygon",
        "coordinates": [
          [
            [
              103.82365465164185,
              1.2630786542346715
            ],
            [
              103.81987810134888,
              1.263110832922024
            ],
            [
              103.81829023361206,
              1.2634862509115705
            ],
            [
              103.81678819656372,
              1.2637222279058469
            ],
            [
              103.81601572036743,
              1.2637973114904335
            ],
            [
              103.81566166877747,
              1.2639045737503627
            ],
            [
              103.81510376930237,
              1.264408706312735
            ],
            [
              103.8131833076477,
              1.2635398820485069
            ],
            [
              103.81348371505737,
              1.2629928443997085
            ],
            [
              103.82365465164185,
              1.2630786542346715
            ]
          ]
        ]
      },
      "properties": {
        "id": "56a32d881b"
      }
    },
    {
      "type": "Feature",
      "geometry": {
        "type": "Polygon",
        "coordinates": [
          [
            [
              103.85013341903687,
              1.2735152542144106
            ],
            [
              103.8516354560852,
              1.2728287782237517
            ],
            [
              103.85165691375732,
              1.2635827869579797
            ],
            [
              103.85077714920044,
              1.2631108329226601
            ],
            [
              103.85215044021606,
              1.2614589931242297
            ],
            [
              103.85124921798706,
              1.2606867040274583
            ],
            [
              103.84571313858032,
              1.2667792006658476
            ],
            [
              103.84436130523682,
              1.2655778644322466
            ],
            [
              103.8468074798584,
              1.2624029017089737
            ],
            [
              103.84597063064575,
              1.2615448030097252
            ],
            [
              103.8394045829773,
              1.2676587500551462
            ],
            [
              103.83219480514526,
              1.267444225841397
            ],
            [
              103.82453441619873,
              1.2631108329226601
            ],
            [
              103.82410526275635,
              1.263067928006101
            ],
            [
              103.85013341903687,
              1.2735152542144106
            ]
          ]
        ]
      },
      "properties": {
        "id": "805ce8b028"
      }
    },
    {
      "type": "Feature",
      "geometry": {
        "type": "Polygon",
        "coordinates": [
          [
            [
              103.82335692644119,
              1.2922270173311712
            ],
            [
              103.82196217775345,
              1.293428341084797
            ],
            [
              103.81983786821365,
              1.2945224032941822
            ],
            [
              103.81919413805008,
              1.2948012818210857
            ],
            [
              103.81825000047684,
              1.2941791681420398
            ],
            [
              103.81829291582108,
              1.2931709146140176
            ],
            [
              103.81651192903519,
              1.2933210800584651
            ],
            [
              103.81591111421585,
              1.2935141499025806
            ],
            [
              103.82335692644119,
              1.2922270173311712
            ]
          ]
        ]
      },
      "properties": {
        "id": "2ccfbb2431"
      }
    },
    {
      "type": "Feature",
      "geometry": {
        "type": "Polygon",
        "coordinates": [
          [
            [
              103.82335424423218,
              1.292221654252629
            ],
            [
              103.82412672042847,
              1.2920929409593276
            ],
            [
              103.82565021514893,
              1.2924147241803547
            ],
            [
              103.82867574691772,
              1.2928223162017614
            ],
            [
              103.83116483688354,
              1.292221654252629
            ],
            [
              103.8316798210144,
              1.2921787498222495
            ],
            [
              103.83232355117798,
              1.2914493743950382
            ],
            [
              103.83249521255493,
              1.2915780877209337
            ],
            [
              103.83240938186646,
              1.291771157697564
            ],
            [
              103.83240938186646,
              1.2918784187893517
            ],
            [
              103.83249521255493,
              1.291942775442249
            ],
            [
              103.83255958557129,
              1.292028584310247
            ],
            [
              103.83266687393188,
              1.2920714887431584
            ],
            [
              103.83277416229248,
              1.2920929409593276
            ],
            [
              103.83288145065308,
              1.2921358453911576
            ],
            [
              103.83298873901367,
              1.2921572976068052
            ],
            [
              103.83320331573486,
              1.2921572976068052
            ],
            [
              103.83331060409546,
              1.2921358453911576
            ],
            [
              103.83358955383301,
              1.291942775442249
            ],
            [
              103.8336968421936,
              1.2918998710071752
            ],
            [
              103.83371829986572,
              1.2918784187893517
            ],
            [
              103.83399724960327,
              1.2915995399412887
            ],
            [
              103.83464097976685,
              1.2904625720132976
            ],
            [
              103.83545637130737,
              1.2920714887431584
            ],
            [
              103.83558511734009,
              1.2919856798766107
            ],
            [
              103.8357138633728,
              1.291620992161453
            ],
            [
              103.83558511734009,
              1.2910846866029237
            ],
            [
              103.83545637130737,
              1.2906985465307235
            ],
            [
              103.83545637130737,
              1.2904196675532245
            ],
            [
              103.83567094802856,
              1.2901193363124968
            ],
            [
              103.83633613586426,
              1.2897975528009449
            ],
            [
              103.83753776550293,
              1.289347055816416
            ],
            [
              103.83848190307617,
              1.289089628932317
            ],
            [
              103.8388466835022,
              1.2891110811736508
            ],
            [
              103.83961915969849,
              1.289347055816416
            ],
            [
              103.84004831314087,
              1.289819005036312
            ],
            [
              103.84049892425537,
              1.290333858630928
            ],
            [
              103.84135723114014,
              1.2905054764726456
            ],
            [
              103.84236574172974,
              1.2905054764726456
            ],
            [
              103.82335424423218,
              1.292221654252629
            ]
          ]
        ]
      },
      "properties": {
        "id": "465ffe4464"
      }
    },
    {
      "type": "Feature",
      "geometry": {
        "type": "Polygon",
        "coordinates": [
          [
            [
              103.80229353904724,
              1.3069914611793398
            ],
            [
              103.80186438560486,
              1.305532718666329
            ],
            [
              103.80164980888367,
              1.302947739046644
            ],
            [
              103.80144596099854,
              1.3021003800046114
            ],
            [
              103.80359172821045,
              1.3010921296340914
            ],
            [
              103.80425691604614,
              1.3011135817738255
            ],
            [
              103.8046646118164,
              1.3004700175022834
            ],
            [
              103.80751848220825,
              1.2992901492449838
            ],
            [
              103.80938529968262,
              1.2981317326016726
            ],
            [
              103.8094711303711,
              1.297981567442381
            ],
            [
              103.80919218063354,
              1.296737341493822
            ],
            [
              103.80959987640381,
              1.2966729849626
            ],
            [
              103.81060838699341,
              1.296930411077679
            ],
            [
              103.8133978843689,
              1.2968660545515205
            ],
            [
              103.81326913833618,
              1.2953214974292797
            ],
            [
              103.81380558013916,
              1.2947101099749112
            ],
            [
              103.8142991065979,
              1.29392710477414
            ],
            [
              103.81492137908936,
              1.2933907997026428
            ],
            [
              103.81522178649902,
              1.2931226471243829
            ],
            [
              103.8159191608429,
              1.2934980607260107
            ],
            [
              103.80229353904724,
              1.3069914611793398
            ]
          ]
        ]
      },
      "properties": {
        "id": "40bbd8b858"
      }
    },
    {
      "type": "Feature",
      "geometry": {
        "type": "Polygon",
        "coordinates": [
          [
            [
              103.76467823982239,
              1.2882744436312255
            ],
            [
              103.76075148582458,
              1.2906127376214165
            ],
            [
              103.76251101493835,
              1.293830569871878
            ],
            [
              103.76317620277405,
              1.294645753394416
            ],
            [
              103.7587559223175,
              1.2990434494512202
            ],
            [
              103.75697493553162,
              1.300673812875133
            ],
            [
              103.75656723976135,
              1.301295924956688
            ],
            [
              103.75497937202454,
              1.305543444720427
            ],
            [
              103.75369191169739,
              1.307817366494338
            ],
            [
              103.75210404396057,
              1.3091473952564165
            ],
            [
              103.75111699104309,
              1.3097909573073845
            ],
            [
              103.74940037727356,
              1.3099196696977518
            ],
            [
              103.74845623970032,
              1.310134190333657
            ],
            [
              103.74759793281555,
              1.3113784096596268
            ],
            [
              103.74781250953674,
              1.3132232854525854
            ],
            [
              103.7500011920929,
              1.3173849770050834
            ],
            [
              103.7520182132721,
              1.3215466616060085
            ],
            [
              103.75240445137024,
              1.322619259600582
            ],
            [
              103.75609517097473,
              1.3247644541985537
            ],
            [
              103.75669598579407,
              1.3246786464502764
            ],
            [
              103.75884175300598,
              1.3234344337664115
            ],
            [
              103.75982880592346,
              1.3232628181748218
            ],
            [
              103.76099020242691,
              1.3236529754884814
            ],
            [
              103.76092582941055,
              1.3344647327977106
            ],
            [
              103.76362949609756,
              1.3328343914750653
            ],
            [
              103.76467823982239,
              1.2882744436312255
            ]
          ]
        ]
      },
      "properties": {
        "id": "dad787d31a"
      }
    },
    {
      "type": "Feature",
      "geometry": {
        "type": "Polygon",
        "coordinates": [
          [
            [
              103.7916612625122,
              1.307495585237456
            ],
            [
              103.78833532333374,
              1.308353668500531
            ],
            [
              103.78767013549805,
              1.3086539975732783
            ],
            [
              103.78706932067871,
              1.3091688473285958
            ],
            [
              103.78726243972778,
              1.3077959144129097
            ],
            [
              103.78599643707275,
              1.3076028456613782
            ],
            [
              103.78498792648315,
              1.307581393576973
            ],
            [
              103.78419399261475,
              1.3078602706601081
            ],
            [
              103.78260612487793,
              1.3089757786827352
            ],
            [
              103.78418326377869,
              1.3110995329664024
            ],
            [
              103.78199458122253,
              1.3120219711357795
            ],
            [
              103.77961277961731,
              1.312665532448019
            ],
            [
              103.77886176109314,
              1.3129015048876138
            ],
            [
              103.77778887748718,
              1.313845394423278
            ],
            [
              103.7753427028656,
              1.31564736436448
            ],
            [
              103.7916612625122,
              1.307495585237456
            ]
          ]
        ]
      },
      "properties": {
        "id": "8529695224"
      }
    },
    {
      "type": "Feature",
      "geometry": {
        "type": "Polygon",
        "coordinates": [
          [
            [
              103.80148887634277,
              1.283533492355396
            ],
            [
              103.80142450332642,
              1.2830829942648483
            ],
            [
              103.80215406417847,
              1.2815384287807894
            ],
            [
              103.80322694778442,
              1.2793717450739057
            ],
            [
              103.80329132080078,
              1.278921246251487
            ],
            [
              103.80322694778442,
              1.2783420333636426
            ],
            [
              103.80271196365356,
              1.2770763454873704
            ],
            [
              103.80213260650635,
              1.275660490514327
            ],
            [
              103.80213260650635,
              1.2746951344041337
            ],
            [
              103.80234718322754,
              1.2732363733732721
            ],
            [
              103.8024115562439,
              1.2722495639726326
            ],
            [
              103.80309820175171,
              1.2720779449078774
            ],
            [
              103.80309820175171,
              1.271573813839119
            ],
            [
              103.8028085231781,
              1.2714450995079265
            ],
            [
              103.80282998085022,
              1.2705333728115342
            ],
            [
              103.80289435386658,
              1.2701579558430094
            ],
            [
              103.80308747291565,
              1.2697932650213912
            ],
            [
              103.80473971366882,
              1.2680019887683396
            ],
            [
              103.80704641342163,
              1.265792388808675
            ],
            [
              103.80711078643799,
              1.2657280315000619
            ],
            [
              103.806391954422,
              1.265073732105172
            ],
            [
              103.80663871765137,
              1.2647626716792426
            ],
            [
              103.80561947822571,
              1.263829490177786
            ],
            [
              103.80540490150452,
              1.2624887115715184
            ],
            [
              103.80514740943909,
              1.2623707230210486
            ],
            [
              103.80099534988403,
              1.265888924768624
            ],
            [
              103.8012957572937,
              1.2665110453130244
            ],
            [
              103.79914999008179,
              1.2681843343118986
            ],
            [
              103.80148887634277,
              1.283533492355396
            ]
          ]
        ]
      },
      "properties": {
        "id": "b4fe30a391"
      }
    },
    {
      "type": "Feature",
      "geometry": {
        "type": "Polygon",
        "coordinates": [
          [
            [
              103.76466751098633,
              1.2882958958822919
            ],
            [
              103.77224206924438,
              1.2837909198006339
            ],
            [
              103.76921653747559,
              1.2783849380270167
            ],
            [
              103.7563419342041,
              1.2859361474979514
            ],
            [
              103.75301599502563,
              1.2853140316512428
            ],
            [
              103.75018358230591,
              1.280444360999912
            ],
            [
              103.76153469085693,
              1.2738155874115613
            ],
            [
              103.77065420150757,
              1.2682379653521845
            ],
            [
              103.77822875976562,
              1.2809377641749649
            ],
            [
              103.77734899520874,
              1.2783849380271695
            ],
            [
              103.78097534179688,
              1.2763469657508637
            ],
            [
              103.78659725189209,
              1.2728287782325047
            ],
            [
              103.78106117248535,
              1.2634969771485502
            ],
            [
              103.77861499786377,
              1.2592493876074617
            ],
            [
              103.78543853759766,
              1.2551305062903155
            ],
            [
              103.79331350326538,
              1.2682379653522609
            ],
            [
              103.79320621490479,
              1.268667013630426
            ],
            [
              103.79357099533081,
              1.2694822051628858
            ],
            [
              103.79541635513306,
              1.2712413018043667
            ],
            [
              103.79528760910034,
              1.270554825208728
            ],
            [
              103.7952446937561,
              1.2692247762856732
            ],
            [
              103.79721879959106,
              1.2701043248436892
            ],
            [
              103.79743337631226,
              1.2699756104392548
            ],
            [
              103.79732608795166,
              1.2692247762856732
            ],
            [
              103.79764795303345,
              1.2690746094287795
            ],
            [
              103.79773378372192,
              1.2684953943277144
            ],
            [
              103.79842042922974,
              1.2688815377428302
            ],
            [
              103.7984848022461,
              1.2683452274284812
            ],
            [
              103.79910707473755,
              1.2681950605205334
            ],
            [
              103.76466751098633,
              1.2882958958822919
            ]
          ]
        ]
      },
      "properties": {
        "id": "ca53d7bb99"
      }
    },
    {
      "type": "Feature",
      "geometry": {
        "type": "Polygon",
        "coordinates": [
          [
            [
              103.81014704704285,
              1.2637490434821392
            ],
            [
              103.81025969982147,
              1.2637544065953494
            ],
            [
              103.81048500537872,
              1.263920663099115
            ],
            [
              103.81093561649323,
              1.2639850204525487
            ],
            [
              103.81110727787018,
              1.2641083720421853
            ],
            [
              103.81125748157501,
              1.2643604383158016
            ],
            [
              103.81130576133728,
              1.2646393201219333
            ],
            [
              103.81131112575531,
              1.2646607725673316
            ],
            [
              103.8113272190094,
              1.2646822250125391
            ],
            [
              103.81133794784546,
              1.264709040568781
            ],
            [
              103.81136476993561,
              1.264725129902407
            ],
            [
              103.81138622760773,
              1.2647519454582292
            ],
            [
              103.81140768527985,
              1.264773397902686
            ],
            [
              103.81143450737,
              1.2647948503469648
            ],
            [
              103.81145060062408,
              1.2648163027910655
            ],
            [
              103.8114720582962,
              1.264832392124017
            ],
            [
              103.8114881515503,
              1.2648538445677995
            ],
            [
              103.81151497364044,
              1.264864570789627
            ],
            [
              103.81154179573059,
              1.2648699339005347
            ],
            [
              103.81157398223877,
              1.2648913863440119
            ],
            [
              103.81161153316498,
              1.2649021125656743
            ],
            [
              103.81163835525513,
              1.264912838787311
            ],
            [
              103.81167590618134,
              1.264923565008897
            ],
            [
              103.81172955036163,
              1.264945017451929
            ],
            [
              103.81176173686981,
              1.2649503805626583
            ],
            [
              103.81178319454193,
              1.2649664698947956
            ],
            [
              103.81181001663208,
              1.2649771961161524
            ],
            [
              103.81186366081238,
              1.2649879223374714
            ],
            [
              103.81189048290253,
              1.2649879223374714
            ],
            [
              103.81197094917297,
              1.264971833005474
            ],
            [
              103.81199777126312,
              1.2649611067840916
            ],
            [
              103.81202459335327,
              1.2649611067840916
            ],
            [
              103.81207823753357,
              1.2649396543411868
            ],
            [
              103.81210505962372,
              1.264934291230432
            ],
            [
              103.81213188171387,
              1.264923565008897
            ],
            [
              103.81220161914825,
              1.2648860232331554
            ],
            [
              103.81226599216461,
              1.2648002134579996
            ],
            [
              103.81230354309082,
              1.2647626716804894
            ],
            [
              103.81232500076294,
              1.26474658234708
            ],
            [
              103.81234109401703,
              1.2647197667912196
            ],
            [
              103.81235718727112,
              1.2646983143463173
            ],
            [
              103.81237864494324,
              1.2646446832332987
            ],
            [
              103.81237864494324,
              1.2646178676763822
            ],
            [
              103.81240010261536,
              1.264564236561697
            ],
            [
              103.81247520446777,
              1.2642799916353835
            ],
            [
              103.81275951862335,
              1.2643228965319304
            ],
            [
              103.81312429904938,
              1.263765132821719
            ],
            [
              103.81305456161499,
              1.263711501689426
            ],
            [
              103.81308674812317,
              1.263663233669402
            ],
            [
              103.8149642944336,
              1.2645320578923465
            ],
            [
              103.8144439458847,
              1.265025464111737
            ],
            [
              103.81333887577057,
              1.2660230024859949
            ],
            [
              103.81295800209045,
              1.2662482530335273
            ],
            [
              103.81247520446777,
              1.266425235592854
            ],
            [
              103.81126284599304,
              1.266414509377413
            ],
            [
              103.81020069122314,
              1.2650308272222375
            ],
            [
              103.80993247032166,
              1.2652560778559376
            ],
            [
              103.80863428115845,
              1.264955743673324
            ],
            [
              103.80811929702759,
              1.2651595418724526
            ],
            [
              103.80781888961792,
              1.265459876031492
            ],
            [
              103.81014704704285,
              1.2637490434821392
            ]
          ]
        ]
      },
      "properties": {
        "id": "7e05ac1497"
      }
    },
    {
      "type": "Feature",
      "geometry": {
        "type": "Polygon",
        "coordinates": [
          [
            [
              103.81013631820679,
              1.2637544065953876
            ],
            [
              103.80951941013336,
              1.2641995449525225
            ],
            [
              103.8094711303711,
              1.2641620031663106
            ],
            [
              103.80948185920715,
              1.2640869195922706
            ],
            [
              103.81008267402649,
              1.263636418102384
            ],
            [
              103.81028115749359,
              1.2636417812158234
            ],
            [
              103.81032407283783,
              1.2632610001344655
            ],
            [
              103.81013631820679,
              1.2637544065953876
            ]
          ]
        ]
      },
      "properties": {
        "id": "0d19110230"
      }
    },
    {
      "type": "Feature",
      "geometry": {
        "type": "Polygon",
        "coordinates": [
          [
            [
              103.80711615085602,
              1.265760210155965
            ],
            [
              103.80729854106903,
              1.265899650987551
            ],
            [
              103.80781352519989,
              1.2655027809087394
            ],
            [
              103.80711615085602,
              1.265760210155965
            ]
          ]
        ]
      },
      "properties": {
        "id": "ed6f729b61"
      }
    },
    {
      "type": "Feature",
      "geometry": {
        "type": "Polygon",
        "coordinates": [
          [
            [
              103.84861528873444,
              1.2973594545516673
            ],
            [
              103.84732782840729,
              1.2976490588507061
            ],
            [
              103.84652316570282,
              1.2976919631884805
            ],
            [
              103.8444846868515,
              1.298324802086169
            ],
            [
              103.84447395801544,
              1.2982711716772615
            ],
            [
              103.84445250034332,
              1.2982175412671964
            ],
            [
              103.84444177150726,
              1.298153184773645
            ],
            [
              103.84442031383514,
              1.2980995543610734
            ],
            [
              103.84440958499908,
              1.2980459239473825
            ],
            [
              103.84438812732697,
              1.2979922935325592
            ],
            [
              103.8443773984909,
              1.2979386631165781
            ],
            [
              103.84435594081879,
              1.2978743066159149
            ],
            [
              103.84434521198273,
              1.297820676197453
            ],
            [
              103.84432375431061,
              1.297767045777846
            ],
            [
              103.84432375431061,
              1.2977026892728192
            ],
            [
              103.84436666965485,
              1.297595428427448
            ],
            [
              103.84438812732697,
              1.2975417980030703
            ],
            [
              103.8443773984909,
              1.2974881675775476
            ],
            [
              103.84442031383514,
              1.2972736458641085
            ],
            [
              103.84442031383514,
              1.297112754567083
            ],
            [
              103.8444310426712,
              1.297059124132464
            ],
            [
              103.8444310426712,
              1.2967373415008954
            ],
            [
              103.84442031383514,
              1.2966837110583376
            ],
            [
              103.84440958499908,
              1.2966622588809837
            ],
            [
              103.84436666965485,
              1.2966300806146223
            ],
            [
              103.84434521198273,
              1.2965764501697872
            ],
            [
              103.84432375431061,
              1.2964691892766822
            ],
            [
              103.84428083896637,
              1.296361928379048
            ],
            [
              103.84424865245819,
              1.2963082979285134
            ],
            [
              103.84405553340912,
              1.2958256238226988
            ],
            [
              103.84402334690094,
              1.295793445545714
            ],
            [
              103.84416282176971,
              1.2949460841044873
            ],
            [
              103.84861528873444,
              1.2973594545516673
            ]
          ]
        ]
      },
      "properties": {
        "id": "e8c761ca60"
      }
    },
    {
      "type": "Feature",
      "geometry": {
        "type": "Polygon",
        "coordinates": [
          [
            [
              103.85475218296051,
              1.2914279221817695
            ],
            [
              103.8544625043869,
              1.2917389793775018
            ],
            [
              103.85352909564972,
              1.2925970679958423
            ],
            [
              103.85071814060211,
              1.2943990531502858
            ],
            [
              103.85076105594635,
              1.29447413583718
            ],
            [
              103.85201632976532,
              1.2958578020992764
            ],
            [
              103.85173738002777,
              1.296072323932724
            ],
            [
              103.84858310222626,
              1.2985393237104508
            ],
            [
              103.84829342365265,
              1.2981639108560117
            ],
            [
              103.84819686412811,
              1.2978528544486752
            ],
            [
              103.84861528873444,
              1.2973594545516673
            ],
            [
              103.84732782840729,
              1.2976490588507061
            ],
            [
              103.84652316570282,
              1.2976919631884805
            ],
            [
              103.8444846868515,
              1.298324802086169
            ],
            [
              103.84447395801544,
              1.2982711716772615
            ],
            [
              103.84445250034332,
              1.2982175412671964
            ],
            [
              103.84444177150726,
              1.298153184773645
            ],
            [
              103.84442031383514,
              1.2980995543610734
            ],
            [
              103.84440958499908,
              1.2980459239473825
            ],
            [
              103.84438812732697,
              1.2979922935325592
            ],
            [
              103.8443773984909,
              1.2979386631165781
            ],
            [
              103.84435594081879,
              1.2978743066159149
            ],
            [
              103.84434521198273,
              1.297820676197453
            ],
            [
              103.84432375431061,
              1.297767045777846
            ],
            [
              103.84432375431061,
              1.2977026892728192
            ],
            [
              103.84436666965485,
              1.297595428427448
            ],
            [
              103.84438812732697,
              1.2975417980030703
            ],
            [
              103.8443773984909,
              1.2974881675775476
            ],
            [
              103.84442031383514,
              1.2972736458641085
            ],
            [
              103.84442031383514,
              1.297112754567083
            ],
            [
              103.8444310426712,
              1.297059124132464
            ],
            [
              103.8444310426712,
              1.2967373415008954
            ],
            [
              103.84442031383514,
              1.2966837110583376
            ],
            [
              103.84440958499908,
              1.2966622588809837
            ],
            [
              103.84436666965485,
              1.2966300806146223
            ],
            [
              103.84434521198273,
              1.2965764501697872
            ],
            [
              103.84432375431061,
              1.2964691892766822
            ],
            [
              103.84428083896637,
              1.296361928379048
            ],
            [
              103.84424865245819,
              1.2963082979285134
            ],
            [
              103.84405553340912,
              1.2958256238226988
            ],
            [
              103.84402334690094,
              1.295793445545714
            ],
            [
              103.84416282176971,
              1.2949460841044873
            ],
            [
              103.85475218296051,
              1.2914279221817695
            ]
          ]
        ]
      },
      "properties": {
        "id": "17781fad5e"
      }
    },
    {
      "type": "Feature",
      "geometry": {
        "type": "Polygon",
        "coordinates": [
          [
            [
              103.84295046329498,
              1.2903124064083087
            ],
            [
              103.843132853508,
              1.2906234637405123
            ],
            [
              103.8434225320816,
              1.2904732981366045
            ],
            [
              103.84415209293365,
              1.2904518459067587
            ],
            [
              103.84417355060577,
              1.2906556420830544
            ],
            [
              103.84390532970428,
              1.2908379860164259
            ],
            [
              103.84399116039276,
              1.2911490432843313
            ],
            [
              103.84430229663849,
              1.2909881515987822
            ],
            [
              103.84467780590057,
              1.2905805592831616
            ],
            [
              103.84466707706451,
              1.2900228012717152
            ],
            [
              103.84480655193329,
              1.2895937565643332
            ],
            [
              103.84496748447418,
              1.289454317018849
            ],
            [
              103.84528934955597,
              1.2894435908996515
            ],
            [
              103.84629786014557,
              1.2900335273884702
            ],
            [
              103.84678065776825,
              1.2901300624372538
            ],
            [
              103.84733855724335,
              1.290119336320906
            ],
            [
              103.84845435619354,
              1.289829731162354
            ],
            [
              103.84928047657013,
              1.289293425226115
            ],
            [
              103.84962379932404,
              1.2891110811820603
            ],
            [
              103.85060012340546,
              1.2876523283596504
            ],
            [
              103.85145843029022,
              1.286601167720041
            ],
            [
              103.8518875837326,
              1.286568989326292
            ],
            [
              103.85240256786346,
              1.286880047115643
            ],
            [
              103.85271370410919,
              1.2873305445364043
            ],
            [
              103.85367929935455,
              1.288810749786923
            ],
            [
              103.85408699512482,
              1.2889180110035285
            ],
            [
              103.85428011417389,
              1.2899048139843965
            ],
            [
              103.85449469089508,
              1.2907843554491396
            ],
            [
              103.85476291179657,
              1.2914064699600278
            ],
            [
              103.84295046329498,
              1.2903124064083087
            ]
          ]
        ]
      },
      "properties": {
        "id": "dcf35f8776"
      }
    },
    {
      "type": "Feature",
      "geometry": {
        "type": "Polygon",
        "coordinates": [
          [
            [
              103.8485723733902,
              1.298560775872118
            ],
            [
              103.84938776493073,
              1.2995904794064603
            ],
            [
              103.84882986545563,
              1.2999122616748477
            ],
            [
              103.84934484958649,
              1.3016069809448019
            ],
            [
              103.84996712207794,
              1.3015211724015259
            ],
            [
              103.85001003742218,
              1.303623480870615
            ],
            [
              103.85061085224152,
              1.3046531823376475
            ],
            [
              103.85211288928986,
              1.3038380020443265
            ],
            [
              103.85301411151886,
              1.3034518639184987
            ],
            [
              103.85363638401031,
              1.302958465115996
            ],
            [
              103.85522425174713,
              1.3034947681576123
            ],
            [
              103.85601818561554,
              1.3039238105086868
            ],
            [
              103.85775625705719,
              1.3055970749788688
            ],
            [
              103.85885059833527,
              1.3057472396846388
            ],
            [
              103.86099636554718,
              1.306476610984737
            ],
            [
              103.86132895946503,
              1.3064551588907007
            ],
            [
              103.8485723733902,
              1.298560775872118
            ]
          ]
        ]
      },
      "properties": {
        "id": "7e236541ed"
      }
    },
    {
      "type": "Feature",
      "geometry": {
        "type": "Polygon",
        "coordinates": [
          [
            [
              103.85477364063263,
              1.2914386482927485
            ],
            [
              103.85578215122223,
              1.2933049908878365
            ],
            [
              103.85657608509064,
              1.2946779316908912
            ],
            [
              103.85734856128693,
              1.2957934455459432
            ],
            [
              103.85895788669586,
              1.297531071918299
            ],
            [
              103.86039555072784,
              1.298732393156984
            ],
            [
              103.86063158512115,
              1.2985178715490886
            ],
            [
              103.86481583118439,
              1.2992257927860367
            ],
            [
              103.86659681797028,
              1.3006845389516728
            ],
            [
              103.86777698993683,
              1.3012422946157425
            ],
            [
              103.86833488941193,
              1.3033660554380448
            ],
            [
              103.86773407459259,
              1.3043099485621255
            ],
            [
              103.86732637882233,
              1.3042455922240013
            ],
            [
              103.86623203754425,
              1.3052109371230063
            ],
            [
              103.86520206928253,
              1.3063264463225532
            ],
            [
              103.86511623859406,
              1.3071416258090565
            ],
            [
              103.86479437351227,
              1.3072488862481055
            ],
            [
              103.8633781671524,
              1.3062191858441161
            ],
            [
              103.86273443698883,
              1.305940308578748
            ],
            [
              103.86217653751373,
              1.3060475690690931
            ],
            [
              103.86181175708771,
              1.3061977337478792
            ],
            [
              103.86133968830109,
              1.3064337067964231
            ],
            [
              103.85477364063263,
              1.2914386482927485
            ]
          ]
        ]
      },
      "properties": {
        "id": "b2fcacf24a"
      }
    },
    {
      "type": "Feature",
      "geometry": {
        "type": "Polygon",
        "coordinates": [
          [
            [
              103.85895788669586,
              1.2975525240884267
            ],
            [
              103.86024534702301,
              1.2963082979289078
            ],
            [
              103.8606745004654,
              1.2956647324340225
            ],
            [
              103.8610178232193,
              1.2947422882729382
            ],
            [
              103.86129677295685,
              1.2936696783612593
            ],
            [
              103.86475145816803,
              1.2917175271586099
            ],
            [
              103.86507332324982,
              1.2897010177481791
            ],
            [
              103.85895788669586,
              1.2975525240884267
            ]
          ]
        ]
      },
      "properties": {
        "id": "582f962ba4"
      }
    },
    {
      "type": "Feature",
      "geometry": {
        "type": "Polygon",
        "coordinates": [
          [
            [
              103.8287079334259,
              1.3068359335333437
            ],
            [
              103.82929801940918,
              1.3079943461736216
            ],
            [
              103.82964134216309,
              1.3080479763755004
            ],
            [
              103.83126139640808,
              1.307222071139482
            ],
            [
              103.83159399032593,
              1.3078763597254477
            ],
            [
              103.83199095726013,
              1.3092278405267803
            ],
            [
              103.83209824562073,
              1.30962470379834
            ],
            [
              103.8331389427185,
              1.309066949993368
            ],
            [
              103.83321404457092,
              1.3085628262552158
            ],
            [
              103.83376121520996,
              1.309517443460865
            ],
            [
              103.83412599563599,
              1.3099572108153221
            ],
            [
              103.83517742156982,
              1.3106436767754912
            ],
            [
              103.83776307106018,
              1.3122525806316623
            ],
            [
              103.8386857509613,
              1.3128639638257287
            ],
            [
              103.83967280387878,
              1.3130784842092633
            ],
            [
              103.8417112827301,
              1.313325182627564
            ],
            [
              103.84346008300781,
              1.31355042898824
            ],
            [
              103.8448441028595,
              1.3137542232970538
            ],
            [
              103.84532690048218,
              1.3137542232970538
            ],
            [
              103.84735465049744,
              1.3118664438005236
            ],
            [
              103.84794473648071,
              1.3112336083095018
            ],
            [
              103.84808421134949,
              1.3108581973494011
            ],
            [
              103.8481593132019,
              1.3105685945702856
            ],
            [
              103.84785890579224,
              1.3097748682632782
            ],
            [
              103.84729027748108,
              1.3083912096406707
            ],
            [
              103.847097158432,
              1.3079621680522169
            ],
            [
              103.84862065315247,
              1.306728673076929
            ],
            [
              103.85070204734802,
              1.3048194361818335
            ],
            [
              103.85061621665955,
              1.3046478193112792
            ],
            [
              103.8287079334259,
              1.3068359335333437
            ]
          ]
        ]
      },
      "properties": {
        "id": "9dcb78af78"
      }
    },
    {
      "type": "Feature",
      "geometry": {
        "type": "Polygon",
        "coordinates": [
          [
            [
              103.85074496269226,
              1.318023173941178
            ],
            [
              103.85255813598633,
              1.3188276236206307
            ],
            [
              103.85344862937927,
              1.3192566633433584
            ],
            [
              103.85534763336182,
              1.3180875299250903
            ],
            [
              103.85726809501648,
              1.3169398479622412
            ],
            [
              103.8584053516388,
              1.3161461236787662
            ],
            [
              103.85879158973694,
              1.3158136174849242
            ],
            [
              103.85074496269226,
              1.318023173941178
            ]
          ]
        ]
      },
      "properties": {
        "id": "781b01ad94"
      }
    },
    {
      "type": "Feature",
      "geometry": {
        "type": "Polygon",
        "coordinates": [
          [
            [
              103.85074496269226,
              1.318033899938624
            ],
            [
              103.85019779205322,
              1.3177657499888764
            ],
            [
              103.84910345077515,
              1.3172723540058846
            ],
            [
              103.84801983833313,
              1.3167467799165766
            ],
            [
              103.84704351425171,
              1.3159959595967283
            ],
            [
              103.84615302085876,
              1.3150091668326545
            ],
            [
              103.84565949440002,
              1.3142261679487703
            ],
            [
              103.84543418884277,
              1.3136684151694256
            ],
            [
              103.85074496269226,
              1.318033899938624
            ]
          ]
        ]
      },
      "properties": {
        "id": "edb0f1c61c"
      }
    },
    {
      "type": "Feature",
      "geometry": {
        "type": "Polygon",
        "coordinates": [
          [
            [
              103.85088443756104,
              1.3181089819200584
            ],
            [
              103.85108828544617,
              1.3192030333827691
            ],
            [
              103.85110974311829,
              1.319514087142192
            ],
            [
              103.85100245475769,
              1.3208119317185913
            ],
            [
              103.85059475898743,
              1.3220668716974542
            ],
            [
              103.85011196136475,
              1.3226889784605746
            ],
            [
              103.85002613067627,
              1.3227962382315164
            ],
            [
              103.85099172592163,
              1.3237830279066864
            ],
            [
              103.85138869285583,
              1.324201340802645
            ],
            [
              103.85063767433167,
              1.3248663509021616
            ],
            [
              103.84963989257812,
              1.323954643462285
            ],
            [
              103.84819149971008,
              1.3253919232739826
            ],
            [
              103.84755849838257,
              1.325649346435764
            ],
            [
              103.84620666503906,
              1.3236006863659446
            ],
            [
              103.8457989692688,
              1.3233754409146274
            ],
            [
              103.84562730789185,
              1.322871320068541
            ],
            [
              103.84532690048218,
              1.3223350211836296
            ],
            [
              103.84485483169556,
              1.3217450922764264
            ],
            [
              103.84431838989258,
              1.32131605298315
            ],
            [
              103.84254813194275,
              1.320618863973553
            ],
            [
              103.84241938591003,
              1.3208548356602343
            ],
            [
              103.85088443756104,
              1.3181089819200584
            ]
          ]
        ]
      },
      "properties": {
        "id": "c46decc029"
      }
    },
    {
      "type": "Feature",
      "geometry": {
        "type": "Polygon",
        "coordinates": [
          [
            [
              103.8437283039093,
              1.3213589569158235
            ],
            [
              103.84241938591003,
              1.3208548356602343
            ],
            [
              103.8437283039093,
              1.3213589569158235
            ]
          ]
        ]
      },
      "properties": {
        "id": "12fe59a680"
      }
    },
    {
      "type": "Feature",
      "geometry": {
        "type": "Polygon",
        "coordinates": [
          [
            [
              103.84371757507324,
              1.321509120674297
            ],
            [
              103.84376049041748,
              1.321369682898868
            ],
            [
              103.84371757507324,
              1.321509120674297
            ]
          ]
        ]
      },
      "properties": {
        "id": "a472a90a99"
      }
    },
    {
      "type": "Feature",
      "geometry": {
        "type": "Polygon",
        "coordinates": [
          [
            [
              103.84377121925354,
              1.3239546434623868
            ],
            [
              103.84371757507324,
              1.3215412986213564
            ],
            [
              103.84370684623718,
              1.3214876687093533
            ],
            [
              103.84377121925354,
              1.3239546434623868
            ]
          ]
        ]
      },
      "properties": {
        "id": "c47f605d53"
      }
    },
    {
      "type": "Feature",
      "geometry": {
        "type": "Polygon",
        "coordinates": [
          [
            [
              103.8422155380249,
              1.3262929042231093
            ],
            [
              103.8437283039093,
              1.3264430676827634
            ],
            [
              103.84377121925354,
              1.3239653694342102
            ],
            [
              103.8422155380249,
              1.3262929042231093
            ]
          ]
        ]
      },
      "properties": {
        "id": "2ea5f0d723"
      }
    },
    {
      "type": "Feature",
      "geometry": {
        "type": "Polygon",
        "coordinates": [
          [
            [
              103.83922219276428,
              1.3129926760601978
            ],
            [
              103.83920609951019,
              1.3130141280982688
            ],
            [
              103.83880913257599,
              1.3134431688210138
            ],
            [
              103.83791863918304,
              1.314558674355735
            ],
            [
              103.83719980716705,
              1.3154489332229964
            ],
            [
              103.83598744869232,
              1.3167575059211214
            ],
            [
              103.83523643016815,
              1.3176906679993887
            ],
            [
              103.83494675159454,
              1.3178944619699697
            ],
            [
              103.8333910703659,
              1.3184522138042065
            ],
            [
              103.83222699165344,
              1.3187900826427756
            ],
            [
              103.83115947246552,
              1.3190957734574051
            ],
            [
              103.8301134109497,
              1.3194604571871498
            ],
            [
              103.82964134216309,
              1.3197715109143726
            ],
            [
              103.82812857627869,
              1.3202112764623637
            ],
            [
              103.82794082164764,
              1.3203399883152938
            ],
            [
              103.8271415233612,
              1.320586686014891
            ],
            [
              103.82603645324707,
              1.3209352805486643
            ],
            [
              103.82577359676361,
              1.3210693553563237
            ],
            [
              103.82571995258331,
              1.3213428679415113
            ],
            [
              103.83922219276428,
              1.3129926760601978
            ]
          ]
        ]
      },
      "properties": {
        "id": "8fd8bd0677"
      }
    },
    {
      "type": "Feature",
      "geometry": {
        "type": "Polygon",
        "coordinates": [
          [
            [
              103.86201828718185,
              1.3365308134554974
            ],
            [
              103.86200219392776,
              1.335308058592219
            ],
            [
              103.86213093996048,
              1.3330127101012816
            ],
            [
              103.8622060418129,
              1.3303419514539698
            ],
            [
              103.86201828718185,
              1.3365308134554974
            ]
          ]
        ]
      },
      "properties": {
        "id": "843ce21110"
      }
    },
    {
      "type": "Feature",
      "geometry": {
        "type": "Polygon",
        "coordinates": [
          [
            [
              103.86009246110916,
              1.3438351521750553
            ],
            [
              103.86150866746902,
              1.3397485865008878
            ],
            [
              103.86174470186234,
              1.3390084990743223
            ],
            [
              103.86185199022293,
              1.3385687368744503
            ],
            [
              103.8619914650917,
              1.3371314647443646
            ],
            [
              103.86202365159988,
              1.3365415393726916
            ],
            [
              103.86009246110916,
              1.3438351521750553
            ]
          ]
        ]
      },
      "properties": {
        "id": "4ca52106d9"
      }
    },
    {
      "type": "Feature",
      "geometry": {
        "type": "Polygon",
        "coordinates": [
          [
            [
              103.85763555765152,
              1.3431379695380306
            ],
            [
              103.8576677441597,
              1.3430307106531276
            ],
            [
              103.85768920183182,
              1.3429770812089206
            ],
            [
              103.85768920183182,
              1.342816192869213
            ],
            [
              103.85769993066788,
              1.342762563420286
            ],
            [
              103.85769993066788,
              1.3427089339701885
            ],
            [
              103.85772138834,
              1.342601675066457
            ],
            [
              103.85774284601212,
              1.3425480456128354
            ],
            [
              103.85778576135635,
              1.3423335277865431
            ],
            [
              103.85785013437271,
              1.3421726394044833
            ],
            [
              103.85794669389725,
              1.3420439286912098
            ],
            [
              103.85797888040543,
              1.3419902992253494
            ],
            [
              103.8580110669136,
              1.3419473956518113
            ],
            [
              103.85805398225784,
              1.3419044920775227
            ],
            [
              103.85808616876602,
              1.3418615885024834
            ],
            [
              103.85812908411026,
              1.3418186849266935
            ],
            [
              103.85830074548721,
              1.3416899741947947
            ],
            [
              103.85835438966751,
              1.3416685224054812
            ],
            [
              103.85839730501175,
              1.3416363447211739
            ],
            [
              103.85842949151993,
              1.3415934411414272
            ],
            [
              103.86161595582962,
              1.3393410021487782
            ],
            [
              103.85763555765152,
              1.3431379695380306
            ]
          ]
        ]
      },
      "properties": {
        "id": "a194436a62"
      }
    },
    {
      "type": "Feature",
      "geometry": {
        "type": "Polygon",
        "coordinates": [
          [
            [
              103.8664036989212,
              1.3287209926162276
            ],
            [
              103.86824905872345,
              1.3277234789537604
            ],
            [
              103.8664036989212,
              1.3287209926162276
            ]
          ]
        ]
      },
      "properties": {
        "id": "b4ef92da6e"
      }
    },
    {
      "type": "Feature",
      "geometry": {
        "type": "Polygon",
        "coordinates": [
          [
            [
              103.84168446063995,
              1.3440965956175195
            ],
            [
              103.84188830852509,
              1.3437962708457727
            ],
            [
              103.8421243429184,
              1.342916748087551
            ],
            [
              103.84219944477081,
              1.3424233571333597
            ],
            [
              103.8421779870987,
              1.3420586767988827
            ],
            [
              103.84232819080353,
              1.3419621437600695
            ],
            [
              103.84261786937714,
              1.340578503118486
            ],
            [
              103.8425749540329,
              1.340417614621023
            ],
            [
              103.84168446063995,
              1.3440965956175195
            ]
          ]
        ]
      },
      "properties": {
        "id": "3b0e8ac377"
      }
    },
    {
      "type": "Feature",
      "geometry": {
        "type": "Polygon",
        "coordinates": [
          [
            [
              103.8410621881485,
              1.3396989792033311
            ],
            [
              103.84124457836151,
              1.3396882532999916
            ],
            [
              103.8425749540329,
              1.340396162820565
            ],
            [
              103.8410621881485,
              1.3396989792033311
            ]
          ]
        ]
      },
      "properties": {
        "id": "2a037d223b"
      }
    },
    {
      "type": "Feature",
      "geometry": {
        "type": "Polygon",
        "coordinates": [
          [
            [
              103.84051501750946,
              1.3398116011857069
            ],
            [
              103.84105682373047,
              1.3396989792033311
            ],
            [
              103.84051501750946,
              1.3398116011857069
            ]
          ]
        ]
      },
      "properties": {
        "id": "accbc261b5"
      }
    },
    {
      "type": "Feature",
      "geometry": {
        "type": "Polygon",
        "coordinates": [
          [
            [
              103.83924901485443,
              1.3431580805832068
            ],
            [
              103.83956015110016,
              1.3415706486191596
            ],
            [
              103.83957624435425,
              1.341388308395142
            ],
            [
              103.83934557437897,
              1.3402889038154497
            ],
            [
              103.83958697319031,
              1.3402299113606244
            ],
            [
              103.83924901485443,
              1.3431580805832068
            ]
          ]
        ]
      },
      "properties": {
        "id": "9eef3fbc09"
      }
    },
    {
      "type": "Feature",
      "geometry": {
        "type": "Polygon",
        "coordinates": [
          [
            [
              103.83957087993622,
              1.3402352743111303
            ],
            [
              103.8405042886734,
              1.3398169641371287
            ],
            [
              103.83957087993622,
              1.3402352743111303
            ]
          ]
        ]
      },
      "properties": {
        "id": "357a6ee9e1"
      }
    },
    {
      "type": "Feature",
      "geometry": {
        "type": "Polygon",
        "coordinates": [
          [
            [
              103.83920609951019,
              1.3433618724498764
            ],
            [
              103.83924901485443,
              1.3431473546950194
            ],
            [
              103.83920609951019,
              1.3433618724498764
            ]
          ]
        ]
      },
      "properties": {
        "id": "6fe8e980a9"
      }
    },
    {
      "type": "Feature",
      "geometry": {
        "type": "Polygon",
        "coordinates": [
          [
            [
              103.83930265903473,
              1.3417851665123708
            ],
            [
              103.83928120136261,
              1.3418870625050483
            ],
            [
              103.83901834487915,
              1.3431956211915324
            ],
            [
              103.83920073509216,
              1.343351146562605
            ],
            [
              103.83930265903473,
              1.3417851665123708
            ]
          ]
        ]
      },
      "properties": {
        "id": "3bee64659f"
      }
    },
    {
      "type": "Feature",
      "geometry": {
        "type": "Polygon",
        "coordinates": [
          [
            [
              103.83806884288788,
              1.3426056972802298
            ],
            [
              103.83812248706818,
              1.3425949713896124
            ],
            [
              103.83816540241241,
              1.3425627937174929
            ],
            [
              103.83820831775665,
              1.3424823495353242
            ],
            [
              103.83821368217468,
              1.3424555348073492
            ],
            [
              103.8382351398468,
              1.342401905350509
            ],
            [
              103.83824050426483,
              1.3423750906216563
            ],
            [
              103.83824050426483,
              1.3423482758925112
            ],
            [
              103.83825123310089,
              1.3422946464333045
            ],
            [
              103.83825123310089,
              1.3421015803704996
            ],
            [
              103.83824050426483,
              1.342047950905886
            ],
            [
              103.83821904659271,
              1.3419943214401275
            ],
            [
              103.83820831775665,
              1.3419621437600948
            ],
            [
              103.83820295333862,
              1.3419353290264078
            ],
            [
              103.83819222450256,
              1.3419085142924407
            ],
            [
              103.83819222450256,
              1.3418816995581684
            ],
            [
              103.83818686008453,
              1.3418548848236034
            ],
            [
              103.83818686008453,
              1.3418280700887586
            ],
            [
              103.83820295333862,
              1.3418012553535956
            ],
            [
              103.83824586868286,
              1.3417690776710314
            ],
            [
              103.83826196193695,
              1.3417476258824175
            ],
            [
              103.8382887840271,
              1.3417315370408363
            ],
            [
              103.83833169937134,
              1.3416993593573432
            ],
            [
              103.83835852146149,
              1.3416886334627565
            ],
            [
              103.83839070796967,
              1.341683270515444
            ],
            [
              103.83912563323975,
              1.341811981247699
            ],
            [
              103.83930265903473,
              1.341779803565262
            ],
            [
              103.83806884288788,
              1.3426056972802298
            ]
          ]
        ]
      },
      "properties": {
        "id": "ebe9607a38"
      }
    },
    {
      "type": "Feature",
      "geometry": {
        "type": "Polygon",
        "coordinates": [
          [
            [
              103.8365775346756,
              1.3418227071417388
            ],
            [
              103.83765578269958,
              1.3424179941876757
            ],
            [
              103.83786499500275,
              1.3425038013175004
            ],
            [
              103.83806347846985,
              1.3426056972802298
            ],
            [
              103.8365775346756,
              1.3418227071417388
            ]
          ]
        ]
      },
      "properties": {
        "id": "315e4f4282"
      }
    },
    {
      "type": "Feature",
      "geometry": {
        "type": "Polygon",
        "coordinates": [
          [
            [
              103.82584601640701,
              1.3410611685475948
            ],
            [
              103.82771283388138,
              1.3409860872648902
            ],
            [
              103.8296976685524,
              1.3406643103129778
            ],
            [
              103.83233696222305,
              1.340256726113166
            ],
            [
              103.83321672677994,
              1.3402138225092346
            ],
            [
              103.83395701646805,
              1.3403425333187515
            ],
            [
              103.83515864610672,
              1.3409753613671738
            ],
            [
              103.83656412363052,
              1.341811981247839
            ],
            [
              103.82584601640701,
              1.3410611685475948
            ]
          ]
        ]
      },
      "properties": {
        "id": "a6c76b5d0a"
      }
    },
    {
      "type": "Feature",
      "geometry": {
        "type": "Polygon",
        "coordinates": [
          [
            [
              103.82294923067093,
              1.3404176146211884
            ],
            [
              103.82469803094864,
              1.3409860872648902
            ],
            [
              103.82549196481705,
              1.3410826203422261
            ],
            [
              103.82585674524307,
              1.3410611685475948
            ],
            [
              103.82294923067093,
              1.3404176146211884
            ]
          ]
        ]
      },
      "properties": {
        "id": "81a206e942"
      }
    },
    {
      "type": "Feature",
      "geometry": {
        "type": "Polygon",
        "coordinates": [
          [
            [
              103.82191926240921,
              1.3401280152991197
            ],
            [
              103.82292777299881,
              1.3404176146211884
            ],
            [
              103.82191926240921,
              1.3401280152991197
            ]
          ]
        ]
      },
      "properties": {
        "id": "7e078957f4"
      }
    },
    {
      "type": "Feature",
      "geometry": {
        "type": "Polygon",
        "coordinates": [
          [
            [
              103.82094293832779,
              1.339741882816461
            ],
            [
              103.82191926240921,
              1.3401280152991453
            ],
            [
              103.82094293832779,
              1.339741882816461
            ]
          ]
        ]
      },
      "properties": {
        "id": "591a5e0d1e"
      }
    },
    {
      "type": "Feature",
      "geometry": {
        "type": "Polygon",
        "coordinates": [
          [
            [
              103.81968766450882,
              1.3381008190862997
            ],
            [
              103.82019191980362,
              1.33910905444936
            ],
            [
              103.82093220949173,
              1.3397311569132992
            ],
            [
              103.81968766450882,
              1.3381008190862997
            ]
          ]
        ]
      },
      "properties": {
        "id": "d1ea457cc2"
      }
    },
    {
      "type": "Feature",
      "geometry": {
        "type": "Polygon",
        "coordinates": [
          [
            [
              103.82550805807114,
              1.3208749468823513
            ],
            [
              103.82427424192429,
              1.3212932602684841
            ],
            [
              103.82241815328598,
              1.3219529081573174
            ],
            [
              103.82127553224564,
              1.322237146624446
            ],
            [
              103.81897956132889,
              1.3228056234611238
            ],
            [
              103.81672650575638,
              1.3230737728672002
            ],
            [
              103.8136151432991,
              1.3233526482187778
            ],
            [
              103.82550805807114,
              1.3208749468823513
            ]
          ]
        ]
      },
      "properties": {
        "id": "b2da507f8b"
      }
    },
    {
      "type": "Feature",
      "geometry": {
        "type": "Polygon",
        "coordinates": [
          [
            [
              103.8257172703743,
              1.3213308012099536
            ],
            [
              103.8255187869072,
              1.3208642208971695
            ],
            [
              103.8257172703743,
              1.3213308012099536
            ]
          ]
        ]
      },
      "properties": {
        "id": "a71b4274c8"
      }
    },
    {
      "type": "Feature",
      "geometry": {
        "type": "Polygon",
        "coordinates": [
          [
            [
              103.8417997956276,
              1.32924656417015
            ],
            [
              103.84177833795547,
              1.331917324003936
            ],
            [
              103.84065181016922,
              1.3323034577163881
            ],
            [
              103.84058743715286,
              1.334051784601512
            ],
            [
              103.83880645036697,
              1.3346524364962624
            ],
            [
              103.8388279080391,
              1.3360789841581382
            ],
            [
              103.8425400853157,
              1.3370657685223417
            ],
            [
              103.84255081415176,
              1.3387390106679433
            ],
            [
              103.84257227182388,
              1.3403800739707779
            ],
            [
              103.8417997956276,
              1.32924656417015
            ]
          ]
        ]
      },
      "properties": {
        "id": "24893dc4d8"
      }
    },
    {
      "type": "Feature",
      "geometry": {
        "type": "Polygon",
        "coordinates": [
          [
            [
              103.8410809636116,
              1.34467579328814
            ],
            [
              103.84168714284897,
              1.344096595618372
            ],
            [
              103.8410809636116,
              1.34467579328814
            ]
          ]
        ]
      },
      "properties": {
        "id": "7c57acf8a9"
      }
    },
    {
      "type": "Feature",
      "geometry": {
        "type": "Polygon",
        "coordinates": [
          [
            [
              103.8412258028984,
              1.344799140922286
            ],
            [
              103.84112924337387,
              1.3447776891602872
            ],
            [
              103.84107559919357,
              1.3446865191696227
            ],
            [
              103.8412258028984,
              1.344799140922286
            ]
          ]
        ]
      },
      "properties": {
        "id": "7a6d33c428"
      }
    },
    {
      "type": "Feature",
      "geometry": {
        "type": "Polygon",
        "coordinates": [
          [
            [
              103.84628981351852,
              1.3436943749335377
            ],
            [
              103.84487360715866,
              1.3436729231618192
            ],
            [
              103.8442513346672,
              1.3437426414192113
            ],
            [
              103.84311944246292,
              1.3441984915146785
            ],
            [
              103.84211629629135,
              1.3447133338731072
            ],
            [
              103.84160667657852,
              1.3448259556245366
            ],
            [
              103.84121507406235,
              1.344799140922286
            ],
            [
              103.84628981351852,
              1.3436943749335377
            ]
          ]
        ]
      },
      "properties": {
        "id": "4d341ed0bb"
      }
    },
    {
      "type": "Feature",
      "geometry": {
        "type": "Polygon",
        "coordinates": [
          [
            [
              103.84705692529678,
              1.3437319155335938
            ],
            [
              103.84627372026443,
              1.3436943749335377
            ],
            [
              103.84705692529678,
              1.3437319155335938
            ]
          ]
        ]
      },
      "properties": {
        "id": "80890482eb"
      }
    },
    {
      "type": "Feature",
      "geometry": {
        "type": "Polygon",
        "coordinates": [
          [
            [
              103.84850531816483,
              1.343710463762282
            ],
            [
              103.84706765413284,
              1.3437319155336829
            ],
            [
              103.84850531816483,
              1.343710463762282
            ]
          ]
        ]
      },
      "properties": {
        "id": "0c6c3171cc"
      }
    },
    {
      "type": "Feature",
      "geometry": {
        "type": "Polygon",
        "coordinates": [
          [
            [
              103.85760873556137,
              1.343147354696546
            ],
            [
              103.85631054639816,
              1.343147354696546
            ],
            [
              103.85432571172714,
              1.343061547589316
            ],
            [
              103.85288804769516,
              1.343147354696546
            ],
            [
              103.851418197155,
              1.343404775999815
            ],
            [
              103.85009855031967,
              1.3435710272439354
            ],
            [
              103.84848922491074,
              1.343710463762282
            ],
            [
              103.85760873556137,
              1.343147354696546
            ]
          ]
        ]
      },
      "properties": {
        "id": "f8fc196a44"
      }
    },
    {
      "type": "Feature",
      "geometry": {
        "type": "Polygon",
        "coordinates": [
          [
            [
              103.85897129774094,
              1.3468048798380259
            ],
            [
              103.86008709669113,
              1.3438552632163896
            ],
            [
              103.85897129774094,
              1.3468048798380259
            ]
          ]
        ]
      },
      "properties": {
        "id": "1b862e1c51"
      }
    },
    {
      "type": "Feature",
      "geometry": {
        "type": "Polygon",
        "coordinates": [
          [
            [
              103.77150446176529,
              1.31840796907381
            ],
            [
              103.7753239274025,
              1.3156406606201059
            ],
            [
              103.77150446176529,
              1.31840796907381
            ]
          ]
        ]
      },
      "properties": {
        "id": "2298c70fed"
      }
    },
    {
      "type": "Feature",
      "geometry": {
        "type": "Polygon",
        "coordinates": [
          [
            [
              103.76399427652359,
              1.324039110492137
            ],
            [
              103.76399427652359,
              1.3321908353926246
            ],
            [
              103.76365095376968,
              1.3328343914750653
            ],
            [
              103.76399427652359,
              1.324039110492137
            ]
          ]
        ]
      },
      "properties": {
        "id": "0823e6a477"
      }
    },
    {
      "type": "Feature",
      "geometry": {
        "type": "Polygon",
        "coordinates": [
          [
            [
              103.77301722764969,
              1.3244574233448654
            ],
            [
              103.77306014299393,
              1.3253155007705157
            ],
            [
              103.77209454774857,
              1.3256694576219916
            ],
            [
              103.76787811517715,
              1.3227412676024366
            ],
            [
              103.76712709665298,
              1.322762719556541
            ],
            [
              103.76622587442398,
              1.3230308689672483
            ],
            [
              103.76395136117935,
              1.3238460429978152
            ],
            [
              103.76401573419571,
              1.324124918262551
            ],
            [
              103.77301722764969,
              1.3244574233448654
            ]
          ]
        ]
      },
      "properties": {
        "id": "217e8035ef"
      }
    },
    {
      "type": "Feature",
      "geometry": {
        "type": "Polygon",
        "coordinates": [
          [
            [
              103.77148300409317,
              1.3219475451700318
            ],
            [
              103.77355366945267,
              1.322290776523307
            ],
            [
              103.77357512712479,
              1.3219260932088919
            ],
            [
              103.77148300409317,
              1.3219475451700318
            ]
          ]
        ]
      },
      "properties": {
        "id": "4dd7ae252c"
      }
    },
    {
      "type": "Feature",
      "geometry": {
        "type": "Polygon",
        "coordinates": [
          [
            [
              103.77178341150284,
              1.321539957876418
            ],
            [
              103.77354294061661,
              1.3219475451700318
            ],
            [
              103.77178341150284,
              1.321539957876418
            ]
          ]
        ]
      },
      "properties": {
        "id": "9975c338b7"
      }
    },
    {
      "type": "Feature",
      "geometry": {
        "type": "Polygon",
        "coordinates": [
          [
            [
              103.77302795648575,
              1.3244574233448654
            ],
            [
              103.77135425806046,
              1.321936819189481
            ],
            [
              103.77146154642105,
              1.3219475451700318
            ],
            [
              103.77302795648575,
              1.3244574233448654
            ]
          ]
        ]
      },
      "properties": {
        "id": "a0d230e0cb"
      }
    },
    {
      "type": "Feature",
      "geometry": {
        "type": "Polygon",
        "coordinates": [
          [
            [
              103.77137571573257,
              1.3213039862549125
            ],
            [
              103.77177268266678,
              1.3215292318942131
            ],
            [
              103.77137571573257,
              1.3213039862549125
            ]
          ]
        ]
      },
      "properties": {
        "id": "603b688f5d"
      }
    },
    {
      "type": "Feature",
      "geometry": {
        "type": "Polygon",
        "coordinates": [
          [
            [
              103.77127379179001,
              1.3201670317640017
            ],
            [
              103.77136498689651,
              1.3212986232633523
            ],
            [
              103.77127379179001,
              1.3201670317640017
            ]
          ]
        ]
      },
      "properties": {
        "id": "fff58d5464"
      }
    },
    {
      "type": "Feature",
      "geometry": {
        "type": "Polygon",
        "coordinates": [
          [
            [
              103.77148032188416,
              1.319453753445231
            ],
            [
              103.77134889364243,
              1.3198077111327478
            ],
            [
              103.77127379179001,
              1.3201643502669493
            ],
            [
              103.77148032188416,
              1.319453753445231
            ]
          ]
        ]
      },
      "properties": {
        "id": "1eb1ccce01"
      }
    },
    {
      "type": "Feature",
      "geometry": {
        "type": "Polygon",
        "coordinates": [
          [
            [
              103.77148568630219,
              1.3193599010196833
            ],
            [
              103.77148300409317,
              1.3194537534452693
            ],
            [
              103.77148568630219,
              1.3193599010196833
            ]
          ]
        ]
      },
      "properties": {
        "id": "dbfa92e3bb"
      }
    },
    {
      "type": "Feature",
      "geometry": {
        "type": "Polygon",
        "coordinates": [
          [
            [
              103.77150177955627,
              1.318413332072304
            ],
            [
              103.77132207155228,
              1.3189415873083323
            ],
            [
              103.77148568630219,
              1.3193545380238356
            ],
            [
              103.77150177955627,
              1.318413332072304
            ]
          ]
        ]
      },
      "properties": {
        "id": "e5be6a3fab"
      }
    },
    {
      "type": "Feature",
      "geometry": {
        "type": "Polygon",
        "coordinates": [
          [
            [
              103.77150312066078,
              1.31840930982399
            ],
            [
              103.77150177955627,
              1.3184126616976846
            ],
            [
              103.77150312066078,
              1.31840930982399
            ]
          ]
        ]
      },
      "properties": {
        "id": "883e46df00"
      }
    },
    {
      "type": "Feature",
      "geometry": {
        "type": "Polygon",
        "coordinates": [
          [
            [
              103.75753484666348,
              1.3260797257285841
            ],
            [
              103.75907979905605,
              1.3248569656843094
            ],
            [
              103.76034580171108,
              1.3234840414066409
            ],
            [
              103.75753484666348,
              1.3260797257285841
            ]
          ]
        ]
      },
      "properties": {
        "id": "5aed190412"
      }
    },
    {
      "type": "Feature",
      "geometry": {
        "type": "Polygon",
        "coordinates": [
          [
            [
              103.75460587441921,
              1.3289650079991309
            ],
            [
              103.75752411782742,
              1.3260904516912984
            ],
            [
              103.75460587441921,
              1.3289650079991309
            ]
          ]
        ]
      },
      "properties": {
        "id": "bab0f14d6a"
      }
    },
    {
      "type": "Feature",
      "geometry": {
        "type": "Polygon",
        "coordinates": [
          [
            [
              103.7570520490408,
              1.3335664363157276
            ],
            [
              103.75210605561733,
              1.3332124805964145
            ],
            [
              103.75223480165005,
              1.3318395609612743
            ],
            [
              103.75332914292812,
              1.3318824647114478
            ],
            [
              103.7535222619772,
              1.3290508155987237
            ],
            [
              103.75459514558315,
              1.3289864598993057
            ],
            [
              103.7570520490408,
              1.3335664363157276
            ]
          ]
        ]
      },
      "properties": {
        "id": "7f5b507b8e"
      }
    },
    {
      "type": "Feature",
      "geometry": {
        "type": "Polygon",
        "coordinates": [
          [
            [
              103.7578996270895,
              1.3334055473587125
            ],
            [
              103.75735245645046,
              1.3338345845540314
            ],
            [
              103.75706277787685,
              1.333577162245822
            ],
            [
              103.7578996270895,
              1.3334055473587125
            ]
          ]
        ]
      },
      "properties": {
        "id": "df9448d17c"
      }
    },
    {
      "type": "Feature",
      "geometry": {
        "type": "Polygon",
        "coordinates": [
          [
            [
              103.75852189958096,
              1.3348749994419986
            ],
            [
              103.7585648149252,
              1.334703384645484
            ],
            [
              103.75854335725307,
              1.3345371327998952
            ],
            [
              103.75852189958096,
              1.3348749994419986
            ]
          ]
        ]
      },
      "properties": {
        "id": "522673a9bf"
      }
    },
    {
      "type": "Feature",
      "geometry": {
        "type": "Polygon",
        "coordinates": [
          [
            [
              103.75843606889248,
              1.3342636216745565
            ],
            [
              103.75804983079433,
              1.333684421544184
            ],
            [
              103.75791035592556,
              1.3334377251510188
            ],
            [
              103.75789426267147,
              1.333405547358776
            ],
            [
              103.75843606889248,
              1.3342636216745565
            ]
          ]
        ]
      },
      "properties": {
        "id": "2c030593b1"
      }
    },
    {
      "type": "Feature",
      "geometry": {
        "type": "Polygon",
        "coordinates": [
          [
            [
              103.75854335725307,
              1.3345317698368835
            ],
            [
              103.75843606889248,
              1.3342636216745565
            ],
            [
              103.75804983079433,
              1.333684421544184
            ],
            [
              103.75791035592556,
              1.3334377251510188
            ],
            [
              103.75789426267147,
              1.333405547358776
            ],
            [
              103.75854335725307,
              1.3345317698368835
            ]
          ]
        ]
      },
      "properties": {
        "id": "1c9215c6c0"
      }
    },
    {
      "type": "Feature",
      "geometry": {
        "type": "Polygon",
        "coordinates": [
          [
            [
              103.75991195440292,
              1.335493080754712
            ],
            [
              103.75631242990494,
              1.3371985017153591
            ],
            [
              103.7580981105566,
              1.3359744064484538
            ],
            [
              103.75838778913021,
              1.33573843620563
            ],
            [
              103.75858090817928,
              1.3354756511358015
            ],
            [
              103.75852726399899,
              1.3348696364799284
            ],
            [
              103.75991195440292,
              1.335493080754712
            ]
          ]
        ]
      },
      "properties": {
        "id": "b80be0f6cb"
      }
    },
    {
      "type": "Feature",
      "geometry": {
        "type": "Polygon",
        "coordinates": [
          [
            [
              103.79558801651001,
              1.3316344273855638
            ],
            [
              103.79556655883789,
              1.331494990180726
            ],
            [
              103.79558801651001,
              1.3316344273855638
            ]
          ]
        ]
      },
      "properties": {
        "id": "e0a3d1f2f1"
      }
    },
    {
      "type": "Feature",
      "geometry": {
        "type": "Polygon",
        "coordinates": [
          [
            [
              103.81354808807373,
              1.3231287434861916
            ],
            [
              103.81351590156555,
              1.3231341064739097
            ],
            [
              103.81178855895996,
              1.323370077921375
            ],
            [
              103.81152033805847,
              1.3234773376628777
            ],
            [
              103.81081223487854,
              1.3239063765825025
            ],
            [
              103.80573749542236,
              1.3273065073927333
            ],
            [
              103.80369901657104,
              1.3286365257442585
            ],
            [
              103.80303382873535,
              1.329011934020213
            ],
            [
              103.80207896232605,
              1.3293337124971882
            ],
            [
              103.79995465278625,
              1.3301167066159656
            ],
            [
              103.79820585250854,
              1.3307280854126988
            ],
            [
              103.79556655883789,
              1.3316397903543642
            ],
            [
              103.79107117652893,
              1.3332325917082555
            ],
            [
              103.79100680351257,
              1.3330502508647801
            ],
            [
              103.81354808807373,
              1.3231287434861916
            ]
          ]
        ]
      },
      "properties": {
        "id": "621623de9d"
      }
    },
    {
      "type": "Feature",
      "geometry": {
        "type": "Polygon",
        "coordinates": [
          [
            [
              103.78231644630432,
              1.3221955834496368
            ],
            [
              103.78212332725525,
              1.3228498681104035
            ],
            [
              103.7817370891571,
              1.3238152058194086
            ],
            [
              103.78211259841919,
              1.3243622303541949
            ],
            [
              103.78237009048462,
              1.3267970243678708
            ],
            [
              103.78342151641846,
              1.3316773311399737
            ],
            [
              103.78363609313965,
              1.3318596720844507
            ],
            [
              103.78534197807312,
              1.3314091826661814
            ],
            [
              103.78734827041626,
              1.3327928284745887
            ],
            [
              103.78882884979248,
              1.3324495985790887
            ],
            [
              103.78933310508728,
              1.333693806722661
            ],
            [
              103.79099607467651,
              1.3330824286616791
            ],
            [
              103.78231644630432,
              1.3221955834496368
            ]
          ]
        ]
      },
      "properties": {
        "id": "b5e4ad2e5b"
      }
    },
    {
      "type": "Feature",
      "geometry": {
        "type": "Polygon",
        "coordinates": [
          [
            [
              103.77558946609497,
              1.3155132892673518
            ],
            [
              103.7767481803894,
              1.316478629823882
            ],
            [
              103.77722024917603,
              1.3174868740060859
            ],
            [
              103.77733826637268,
              1.3177979279799419
            ],
            [
              103.77558946609497,
              1.3155132892673518
            ]
          ]
        ]
      },
      "properties": {
        "id": "45b284933a"
      }
    },
    {
      "type": "Feature",
      "geometry": {
        "type": "Polygon",
        "coordinates": [
          [
            [
              103.77882957458496,
              1.3185809257421717
            ],
            [
              103.77816438674927,
              1.3183449538397471
            ],
            [
              103.77733826637268,
              1.3178086539783547
            ],
            [
              103.77882957458496,
              1.3185809257421717
            ]
          ]
        ]
      },
      "properties": {
        "id": "272db14b31"
      }
    },
    {
      "type": "Feature",
      "geometry": {
        "type": "Polygon",
        "coordinates": [
          [
            [
              103.7794840335846,
              1.3190635954728915
            ],
            [
              103.77884030342102,
              1.318570199747092
            ],
            [
              103.7794840335846,
              1.3190635954728915
            ]
          ]
        ]
      },
      "properties": {
        "id": "3c4a34abe4"
      }
    },
    {
      "type": "Feature",
      "geometry": {
        "type": "Polygon",
        "coordinates": [
          [
            [
              103.77959132194519,
              1.3197822368984984
            ],
            [
              103.77960205078125,
              1.319460457181361
            ],
            [
              103.7794840335846,
              1.3190743214658465
            ],
            [
              103.77959132194519,
              1.3197822368984984
            ]
          ]
        ]
      },
      "properties": {
        "id": "4e98450799"
      }
    },
    {
      "type": "Feature",
      "geometry": {
        "type": "Polygon",
        "coordinates": [
          [
            [
              103.77966642379761,
              1.3205008781164151
            ],
            [
              103.77951622009277,
              1.320157646515858
            ],
            [
              103.77958059310913,
              1.3197607849186443
            ],
            [
              103.77966642379761,
              1.3205008781164151
            ]
          ]
        ]
      },
      "properties": {
        "id": "41e431e46e"
      }
    },
    {
      "type": "Feature",
      "geometry": {
        "type": "Polygon",
        "coordinates": [
          [
            [
              103.78009557723999,
              1.3207475758000462
            ],
            [
              103.77965569496155,
              1.3204901521296177
            ],
            [
              103.78009557723999,
              1.3207475758000462
            ]
          ]
        ]
      },
      "properties": {
        "id": "458aaa3ff0"
      }
    },
    {
      "type": "Feature",
      "geometry": {
        "type": "Polygon",
        "coordinates": [
          [
            [
              103.78109335899353,
              1.3207046718568258
            ],
            [
              103.78000974655151,
              1.3210800813348897
            ],
            [
              103.7793231010437,
              1.3211444372397207
            ],
            [
              103.77785325050354,
              1.3209942734591869
            ],
            [
              103.77788543701172,
              1.3206832198849485
            ],
            [
              103.77931237220764,
              1.3208762876252669
            ],
            [
              103.78003120422363,
              1.3208012057280283
            ],
            [
              103.78010630607605,
              1.3207475758000462
            ],
            [
              103.78109335899353,
              1.3207046718568258
            ]
          ]
        ]
      },
      "properties": {
        "id": "1307b18301"
      }
    },
    {
      "type": "Feature",
      "geometry": {
        "type": "Polygon",
        "coordinates": [
          [
            [
              103.78230571746826,
              1.3221848574701673
            ],
            [
              103.78137230873108,
              1.322174131490647
            ],
            [
              103.78109335899353,
              1.3207261238289703
            ],
            [
              103.78230571746826,
              1.3221848574701673
            ]
          ]
        ]
      },
      "properties": {
        "id": "0a1f3c80fb"
      }
    },
    {
      "type": "Feature",
      "geometry": {
        "type": "Polygon",
        "coordinates": [
          [
            [
              103.78896296024323,
              1.3366005319170813
            ],
            [
              103.78892004489899,
              1.3355976584841285
            ],
            [
              103.78889322280884,
              1.3349058364656141
            ],
            [
              103.7889039516449,
              1.3348522068436521
            ],
            [
              103.78914535045624,
              1.3344660735309448
            ],
            [
              103.78916680812836,
              1.3343802661198954
            ],
            [
              103.78916680812836,
              1.3341442957240994
            ],
            [
              103.78933310508728,
              1.333704532653277
            ],
            [
              103.78896296024323,
              1.3366005319170813
            ]
          ]
        ]
      },
      "properties": {
        "id": "10760462c2"
      }
    },
    {
      "type": "Feature",
      "geometry": {
        "type": "Polygon",
        "coordinates": [
          [
            [
              103.78900051116943,
              1.3379841748046706
            ],
            [
              103.78896296024323,
              1.336562991207805
            ],
            [
              103.78900051116943,
              1.3379841748046706
            ]
          ]
        ]
      },
      "properties": {
        "id": "5e5c0ab580"
      }
    },
    {
      "type": "Feature",
      "geometry": {
        "type": "Polygon",
        "coordinates": [
          [
            [
              103.78881812095642,
              1.3400542747214568
            ],
            [
              103.78893077373505,
              1.3396520533719123
            ],
            [
              103.78897368907928,
              1.3389012400094003
            ],
            [
              103.78900051116943,
              1.3379519970719551
            ],
            [
              103.78881812095642,
              1.3400542747214568
            ]
          ]
        ]
      },
      "properties": {
        "id": "e8d2529cc3"
      }
    },
    {
      "type": "Feature",
      "geometry": {
        "type": "Polygon",
        "coordinates": [
          [
            [
              103.76903414726257,
              1.3548640186582293
            ],
            [
              103.76927018165588,
              1.354939099513073
            ],
            [
              103.76936674118042,
              1.3547138569417863
            ],
            [
              103.76944184303284,
              1.3540595807826294
            ],
            [
              103.76996755599976,
              1.3524185266888746
            ],
            [
              103.7748384475708,
              1.3494152875657497
            ],
            [
              103.77939820289612,
              1.348975527239835
            ],
            [
              103.78570675849915,
              1.3545529693783631
            ],
            [
              103.7878954410553,
              1.3563763611416157
            ],
            [
              103.78916144371033,
              1.357341685636612
            ],
            [
              103.79107117652893,
              1.3578994285025496
            ],
            [
              103.79804491996765,
              1.3613316894580112
            ],
            [
              103.80250811576843,
              1.3659652339950394
            ],
            [
              103.80304455757141,
              1.366179749729659
            ],
            [
              103.8033664226532,
              1.3659437824205152
            ],
            [
              103.80390286445618,
              1.3568697492649864
            ],
            [
              103.797208070755,
              1.3548961961681913
            ],
            [
              103.78974080085754,
              1.3523219940606839
            ],
            [
              103.78997683525085,
              1.3488468168856589
            ],
            [
              103.78926873207092,
              1.3480960063497567
            ],
            [
              103.78881812095642,
              1.3474310025388836
            ],
            [
              103.78828167915344,
              1.3461224461232522
            ],
            [
              103.78817439079285,
              1.3457792180945978
            ],
            [
              103.78896832466125,
              1.3447173560751122
            ],
            [
              103.7890112400055,
              1.3445993713777447
            ],
            [
              103.78892540931702,
              1.3442454172514824
            ],
            [
              103.788743019104,
              1.3434624276383427
            ],
            [
              103.7886893749237,
              1.3426365342128306
            ],
            [
              103.78860890865326,
              1.341370878811561
            ],
            [
              103.78860890865326,
              1.3411456349850748
            ],
            [
              103.78869473934174,
              1.3408077692064664
            ],
            [
              103.78869205713272,
              1.3406227474507917
            ],
            [
              103.78872692584991,
              1.340405547980658
            ],
            [
              103.78882080316544,
              1.3400462302964042
            ],
            [
              103.76903414726257,
              1.3548640186582293
            ]
          ]
        ]
      },
      "properties": {
        "id": "8a042e5691"
      }
    },
    {
      "type": "Feature",
      "geometry": {
        "type": "Polygon",
        "coordinates": [
          [
            [
              103.78997683525085,
              1.3488414539544653
            ],
            [
              103.79207968711853,
              1.3495922642603626
            ],
            [
              103.79401087760925,
              1.3498067814480503
            ],
            [
              103.79553437232971,
              1.349506457379995
            ],
            [
              103.79690766334534,
              1.3489487125837916
            ],
            [
              103.79819512367249,
              1.3480477399506323
            ],
            [
              103.79976153373718,
              1.346374504176127
            ],
            [
              103.80267977714539,
              1.343371257598685
            ],
            [
              103.80742192268372,
              1.342813511399119
            ],
            [
              103.81259322166443,
              1.3424702829052897
            ],
            [
              103.81886154413223,
              1.336225124813543
            ],
            [
              103.81967693567276,
              1.3380914339264611
            ],
            [
              103.78997683525085,
              1.3488414539544653
            ]
          ]
        ]
      },
      "properties": {
        "id": "a5efbb4b59"
      }
    },
    {
      "type": "Feature",
      "geometry": {
        "type": "Polygon",
        "coordinates": [
          [
            [
              103.76858353614807,
              1.354719219862026
            ],
            [
              103.76902341842651,
              1.3548586557416535
            ],
            [
              103.76858353614807,
              1.354719219862026
            ]
          ]
        ]
      },
      "properties": {
        "id": "d21d4151e6"
      }
    },
    {
      "type": "Feature",
      "geometry": {
        "type": "Polygon",
        "coordinates": [
          [
            [
              103.76418471336365,
              1.346808902037639
            ],
            [
              103.76518249511719,
              1.3470877746968135
            ],
            [
              103.76604080200195,
              1.3471199523092658
            ],
            [
              103.76640558242798,
              1.3470019677281537
            ],
            [
              103.76673817634583,
              1.3473451955846383
            ],
            [
              103.76708149909973,
              1.3474202766717895
            ],
            [
              103.76778960227966,
              1.3477635044693321
            ],
            [
              103.76937747001648,
              1.3486108478873478
            ],
            [
              103.76899659633636,
              1.3492061332759866
            ],
            [
              103.76629292964935,
              1.3512654978234282
            ],
            [
              103.7652200460434,
              1.353367763997972
            ],
            [
              103.76200675964355,
              1.355534383352311
            ],
            [
              103.76212477684021,
              1.3557596258472897
            ],
            [
              103.7623393535614,
              1.356446079036043
            ],
            [
              103.76260757446289,
              1.3573255968995313
            ],
            [
              103.7626987695694,
              1.3574972101038856
            ],
            [
              103.76288115978241,
              1.3577439040638248
            ],
            [
              103.76326739788055,
              1.3583177355688694
            ],
            [
              103.76380920410156,
              1.3590363654858046
            ],
            [
              103.76383066177368,
              1.3590202767586599
            ],
            [
              103.76467823982239,
              1.3584839857925155
            ],
            [
              103.76683473587036,
              1.3577653557112983
            ],
            [
              103.76704931259155,
              1.3576151941748111
            ],
            [
              103.76787543296814,
              1.3563817240578606
            ],
            [
              103.76836895942688,
              1.3555826496029797
            ],
            [
              103.76849234104156,
              1.3552662374976163
            ],
            [
              103.76857817173004,
              1.3547245827806242
            ],
            [
              103.76418471336365,
              1.346808902037639
            ]
          ]
        ]
      },
      "properties": {
        "id": "a64ace885a"
      }
    },
    {
      "type": "Feature",
      "geometry": {
        "type": "Polygon",
        "coordinates": [
          [
            [
              103.76382529735565,
              1.3467204135913156
            ],
            [
              103.76418739557266,
              1.3468089020379064
            ],
            [
              103.76382529735565,
              1.3467204135913156
            ]
          ]
        ]
      },
      "properties": {
        "id": "0a3ec62c3c"
      }
    },
    {
      "type": "Feature",
      "geometry": {
        "type": "Polygon",
        "coordinates": [
          [
            [
              103.76447170972824,
              1.339716408795945
            ],
            [
              103.76502960920334,
              1.3421619135165122
            ],
            [
              103.7668964266777,
              1.34282691876338
            ],
            [
              103.76575380563736,
              1.3435938197508728
            ],
            [
              103.76526564359665,
              1.3443285428487473
            ],
            [
              103.7650939822197,
              1.3448165704775854
            ],
            [
              103.7641230225563,
              1.3450525398455913
            ],
            [
              103.76384407281876,
              1.3456692778587447
            ],
            [
              103.76371264457703,
              1.346698961846212
            ],
            [
              103.76381993293762,
              1.3467177321231936
            ],
            [
              103.76447170972824,
              1.339716408795945
            ]
          ]
        ]
      },
      "properties": {
        "id": "9a9a75777e"
      }
    },
    {
      "type": "Feature",
      "geometry": {
        "type": "Polygon",
        "coordinates": [
          [
            [
              103.75991731882095,
              1.3355038066763334
            ],
            [
              103.7602499127388,
              1.3364208728077878
            ],
            [
              103.76054495573044,
              1.337504190252864
            ],
            [
              103.76055032014847,
              1.337627538247456
            ],
            [
              103.76072734594345,
              1.337627538247456
            ],
            [
              103.76094192266464,
              1.337675804852744
            ],
            [
              103.76139789819717,
              1.3378366935301755
            ],
            [
              103.76191556453705,
              1.338027078451514
            ],
            [
              103.76207649707794,
              1.3381370190331698
            ],
            [
              103.76214891672134,
              1.3382281892678718
            ],
            [
              103.76244127750397,
              1.3388502919552772
            ],
            [
              103.76250565052032,
              1.3389387806868072
            ],
            [
              103.76263707876205,
              1.3390889433754058
            ],
            [
              103.76289457082748,
              1.3392069283385661
            ],
            [
              103.76306086778641,
              1.339223017196737
            ],
            [
              103.76370996236801,
              1.3392820096757982
            ],
            [
              103.7638708949089,
              1.339330276248517
            ],
            [
              103.76443952322006,
              1.3395608831939767
            ],
            [
              103.76447170972824,
              1.3397110458444468
            ],
            [
              103.75991731882095,
              1.3355038066763334
            ]
          ]
        ]
      },
      "properties": {
        "id": "88b45eedae"
      }
    },
    {
      "type": "Feature",
      "geometry": {
        "type": "Polygon",
        "coordinates": [
          [
            [
              103.7528845667839,
              1.3391130766650794
            ],
            [
              103.75630706548691,
              1.337193138758365
            ],
            [
              103.7528845667839,
              1.3391130766650794
            ]
          ]
        ]
      },
      "properties": {
        "id": "b2b0769c05"
      }
    },
    {
      "type": "Feature",
      "geometry": {
        "type": "Polygon",
        "coordinates": [
          [
            [
              103.75051349401474,
              1.3404645404350763
            ],
            [
              103.7528845667839,
              1.3391130766650794
            ],
            [
              103.75630706548691,
              1.337193138758365
            ],
            [
              103.75051349401474,
              1.3404645404350763
            ]
          ]
        ]
      },
      "properties": {
        "id": "76e2d56e3f"
      }
    },
    {
      "type": "Feature",
      "geometry": {
        "type": "Polygon",
        "coordinates": [
          [
            [
              103.7373223900795,
              1.3457792180985164
            ],
            [
              103.73839527368546,
              1.3452429242070378
            ],
            [
              103.7394466996193,
              1.3449533254566293
            ],
            [
              103.740294277668,
              1.3448675184128702
            ],
            [
              103.74120622873306,
              1.3448567925321888
            ],
            [
              103.74202162027359,
              1.344760259603919
            ],
            [
              103.74287992715836,
              1.3445564678539503
            ],
            [
              103.74365240335464,
              1.3442775949053583
            ],
            [
              103.74440342187881,
              1.3439343666172217
            ],
            [
              103.74505788087845,
              1.3435696865083095
            ],
            [
              103.746597468853,
              1.342652623052478
            ],
            [
              103.7489041686058,
              1.3413655158676325
            ],
            [
              103.75051885843277,
              1.3404591774853212
            ],
            [
              103.7373223900795,
              1.3457792180985164
            ]
          ]
        ]
      },
      "properties": {
        "id": "9698997e55"
      }
    },
    {
      "type": "Feature",
      "geometry": {
        "type": "Polygon",
        "coordinates": [
          [
            [
              103.73416543006897,
              1.399775356890069
            ],
            [
              103.73534560203552,
              1.3980807060395584
            ],
            [
              103.73626828193665,
              1.3955923557388095
            ],
            [
              103.73573184013367,
              1.395356391349402
            ],
            [
              103.73551726341248,
              1.394948816439227
            ],
            [
              103.73422980308533,
              1.3900150093008943
            ],
            [
              103.73302817344666,
              1.3839657186572403
            ],
            [
              103.73287796974182,
              1.3818420278536152
            ],
            [
              103.7328028678894,
              1.3804369586517595
            ],
            [
              103.73287796974182,
              1.3800722840666821
            ],
            [
              103.7330710887909,
              1.379139145903209
            ],
            [
              103.73211622238159,
              1.3783454418899943
            ],
            [
              103.72958421707153,
              1.3761573916191772
            ],
            [
              103.73416543006897,
              1.399775356890069
            ]
          ]
        ]
      },
      "properties": {
        "id": "25ef255383"
      }
    },
    {
      "type": "Feature",
      "geometry": {
        "type": "Polygon",
        "coordinates": [
          [
            [
              103.74296307563782,
              1.4065324968226822
            ],
            [
              103.74382138252258,
              1.4059747653773405
            ],
            [
              103.74513030052185,
              1.4055028386656698
            ],
            [
              103.74613881111145,
              1.4052025216176711
            ],
            [
              103.74785542488098,
              1.4051381679595079
            ],
            [
              103.74864935874939,
              1.4051167167397172
            ],
            [
              103.75021576881409,
              1.4049022045310606
            ],
            [
              103.75126719474792,
              1.4046662410787973
            ],
            [
              103.75199675559998,
              1.404258667786914
            ],
            [
              103.752361536026,
              1.4038725456555357
            ],
            [
              103.75257611274719,
              1.4034220697549418
            ],
            [
              103.75265121459961,
              1.4030466731047035
            ],
            [
              103.75257611274719,
              1.402081367156107
            ],
            [
              103.75211477279663,
              1.4006441331174129
            ],
            [
              103.75200748443604,
              1.4002901872859992
            ],
            [
              103.75192165374756,
              1.3994750391073878
            ],
            [
              103.74296307563782,
              1.4065324968226822
            ]
          ]
        ]
      },
      "properties": {
        "id": "6113f68762"
      }
    },
    {
      "type": "Feature",
      "geometry": {
        "type": "Polygon",
        "coordinates": [
          [
            [
              103.74019503593445,
              1.4187382015192174
            ],
            [
              103.7300455570221,
              1.4103293573475746
            ],
            [
              103.72974514961243,
              1.40925679850423
            ],
            [
              103.72970223426819,
              1.4084845558312418
            ],
            [
              103.73120427131653,
              1.405223972836673
            ],
            [
              103.73416543006897,
              1.3997324543519925
            ],
            [
              103.74019503593445,
              1.4187382015192174
            ]
          ]
        ]
      },
      "properties": {
        "id": "ac61c956ae"
      }
    },
    {
      "type": "Feature",
      "geometry": {
        "type": "Polygon",
        "coordinates": [
          [
            [
              103.74690592288971,
              1.428434075726568
            ],
            [
              103.74503910541534,
              1.4268467008846086
            ],
            [
              103.74388039112091,
              1.4241867730186892
            ],
            [
              103.74021112918854,
              1.4207331524191886
            ],
            [
              103.74021112918854,
              1.4187382015207821
            ],
            [
              103.74189019203186,
              1.4139117002990669
            ],
            [
              103.74195456504822,
              1.4134183240528544
            ],
            [
              103.74171853065491,
              1.412195608556192
            ],
            [
              103.74139666557312,
              1.4107583807464743
            ],
            [
              103.74135375022888,
              1.4094284079524764
            ],
            [
              103.74163269996643,
              1.4084202022637498
            ],
            [
              103.74223351478577,
              1.4072832889425622
            ],
            [
              103.74296307563782,
              1.4065539480295979
            ],
            [
              103.74690592288971,
              1.428434075726568
            ]
          ]
        ]
      },
      "properties": {
        "id": "3e7c3fa66f"
      }
    },
    {
      "type": "Feature",
      "geometry": {
        "type": "Polygon",
        "coordinates": [
          [
            [
              103.78601789474487,
              1.3548720630359297
            ],
            [
              103.7847089767456,
              1.355815936466321
            ],
            [
              103.78374338150024,
              1.3567598095286963
            ],
            [
              103.78601789474487,
              1.3548720630359297
            ]
          ]
        ]
      },
      "properties": {
        "id": "2c7afbb971"
      }
    },
    {
      "type": "Feature",
      "geometry": {
        "type": "Polygon",
        "coordinates": [
          [
            [
              103.78376483917236,
              1.356727632044026
            ],
            [
              103.78283143043518,
              1.3577465855183468
            ],
            [
              103.78214478492737,
              1.3586904578271726
            ],
            [
              103.78140449523926,
              1.3599561042078803
            ],
            [
              103.78066420555115,
              1.3615327983468513
            ],
            [
              103.78376483917236,
              1.356727632044026
            ]
          ]
        ]
      },
      "properties": {
        "id": "f03baca2e2"
      }
    },
    {
      "type": "Feature",
      "geometry": {
        "type": "Polygon",
        "coordinates": [
          [
            [
              103.78000974655151,
              1.365715859429379
            ],
            [
              103.7806749343872,
              1.3615327983468513
            ],
            [
              103.78000974655151,
              1.365715859429379
            ]
          ]
        ]
      },
      "properties": {
        "id": "f8675ef815"
      }
    },
    {
      "type": "Feature",
      "geometry": {
        "type": "Polygon",
        "coordinates": [
          [
            [
              103.78589987754822,
              1.373320431296384
            ],
            [
              103.78510594367981,
              1.37107874759928
            ],
            [
              103.77875447273254,
              1.3705639108555607
            ],
            [
              103.78002047538757,
              1.3656944078527302
            ],
            [
              103.78589987754822,
              1.373320431296384
            ]
          ]
        ]
      },
      "properties": {
        "id": "b7e8d30b08"
      }
    },
    {
      "type": "Feature",
      "geometry": {
        "type": "Polygon",
        "coordinates": [
          [
            [
              103.77811074256897,
              1.3732668025243937
            ],
            [
              103.78162980079651,
              1.3740390567257474
            ],
            [
              103.78588914871216,
              1.3733311570507212
            ],
            [
              103.77811074256897,
              1.3732668025243937
            ]
          ]
        ]
      },
      "properties": {
        "id": "61d0159b49"
      }
    },
    {
      "type": "Feature",
      "geometry": {
        "type": "Polygon",
        "coordinates": [
          [
            [
              103.77693057060242,
              1.3770208136590032
            ],
            [
              103.77808928489685,
              1.3732668025245207
            ],
            [
              103.77693057060242,
              1.3770208136590032
            ]
          ]
        ]
      },
      "properties": {
        "id": "37698b4e9d"
      }
    },
    {
      "type": "Feature",
      "geometry": {
        "type": "Polygon",
        "coordinates": [
          [
            [
              103.77583622932434,
              1.381278927702503
            ],
            [
              103.7769627571106,
              1.3769457334942
            ],
            [
              103.77583622932434,
              1.381278927702503
            ]
          ]
        ]
      },
      "properties": {
        "id": "6e7c723841"
      }
    },
    {
      "type": "Feature",
      "geometry": {
        "type": "Polygon",
        "coordinates": [
          [
            [
              103.76719951629639,
              1.3903850451958837
            ],
            [
              103.77003192901611,
              1.3902777884211517
            ],
            [
              103.77212405204773,
              1.3902241600319474
            ],
            [
              103.77466678619385,
              1.3902027086759272
            ],
            [
              103.77538561820984,
              1.3844108354299351
            ],
            [
              103.7758469581604,
              1.3812682019840683
            ],
            [
              103.76719951629639,
              1.3903850451958837
            ]
          ]
        ]
      },
      "properties": {
        "id": "11538f04be"
      }
    },
    {
      "type": "Feature",
      "geometry": {
        "type": "Polygon",
        "coordinates": [
          [
            [
              103.76425981521606,
              1.3902777884211517
            ],
            [
              103.76609444618225,
              1.3904172222273632
            ],
            [
              103.76721024513245,
              1.3903850451958966
            ],
            [
              103.76425981521606,
              1.3902777884211517
            ]
          ]
        ]
      },
      "properties": {
        "id": "02f0349f80"
      }
    },
    {
      "type": "Feature",
      "geometry": {
        "type": "Polygon",
        "coordinates": [
          [
            [
              103.7618350982666,
              1.3898380355938018
            ],
            [
              103.76338005065918,
              1.3901490802850436
            ],
            [
              103.76423835754395,
              1.390267062743428
            ],
            [
              103.7618350982666,
              1.3898380355938018
            ]
          ]
        ]
      },
      "properties": {
        "id": "b7f57d8d62"
      }
    },
    {
      "type": "Feature",
      "geometry": {
        "type": "Polygon",
        "coordinates": [
          [
            [
              103.76052618026733,
              1.3894733624553426
            ],
            [
              103.7618350982666,
              1.3898380355938018
            ],
            [
              103.76338005065918,
              1.3901490802850436
            ],
            [
              103.76423835754395,
              1.390267062743428
            ],
            [
              103.76052618026733,
              1.3894733624553426
            ]
          ]
        ]
      },
      "properties": {
        "id": "ccda51a256"
      }
    },
    {
      "type": "Feature",
      "geometry": {
        "type": "Polygon",
        "coordinates": [
          [
            [
              103.759925365448,
              1.3959945677134655
            ],
            [
              103.76052618026733,
              1.3894733624556097
            ],
            [
              103.7618350982666,
              1.3898380355938018
            ],
            [
              103.759925365448,
              1.3959945677134655
            ]
          ]
        ]
      },
      "properties": {
        "id": "de9d1ad297"
      }
    },
    {
      "type": "Feature",
      "geometry": {
        "type": "Polygon",
        "coordinates": [
          [
            [
              103.75187873840332,
              1.398697430385054
            ],
            [
              103.75483989715576,
              1.3982147765647281
            ],
            [
              103.75501155853271,
              1.3985794483492382
            ],
            [
              103.75540852546692,
              1.4000274092872944
            ],
            [
              103.75187873840332,
              1.398697430385054
            ]
          ]
        ]
      },
      "properties": {
        "id": "120c130796"
      }
    },
    {
      "type": "Feature",
      "geometry": {
        "type": "Polygon",
        "coordinates": [
          [
            [
              103.75540852546692,
              1.400022046470817
            ],
            [
              103.75575184822083,
              1.4017756868578162
            ],
            [
              103.75585377216339,
              1.4023119680595686
            ],
            [
              103.75598788261414,
              1.4029179656696151
            ],
            [
              103.75606298446655,
              1.403513237505465
            ],
            [
              103.75607371330261,
              1.4040119786566978
            ],
            [
              103.75605762004852,
              1.4045321709268466
            ],
            [
              103.75605762004852,
              1.4052615124714307
            ],
            [
              103.75608444213867,
              1.405856783710367
            ],
            [
              103.75610589981079,
              1.4068059996962752
            ],
            [
              103.75632584095001,
              1.4068113624973584
            ],
            [
              103.75634729862213,
              1.4051649819859542
            ],
            [
              103.75630974769592,
              1.40420503971892
            ],
            [
              103.75618636608124,
              1.4029286912896182
            ],
            [
              103.75615417957306,
              1.4027034532592095
            ],
            [
              103.75602006912231,
              1.4021403580883625
            ],
            [
              103.755784034729,
              1.4007674778660326
            ],
            [
              103.75550508499146,
              1.3993945968393149
            ],
            [
              103.75511884689331,
              1.3981504227146628
            ],
            [
              103.75457167625427,
              1.3965630271846072
            ],
            [
              103.75991463661194,
              1.3960052933653886
            ],
            [
              103.75540852546692,
              1.400022046470817
            ]
          ]
        ]
      },
      "properties": {
        "id": "a0d37d9577"
      }
    },
    {
      "type": "Feature",
      "geometry": {
        "type": "Polygon",
        "coordinates": [
          [
            [
              103.7563043832779,
              1.403802829157537
            ],
            [
              103.75997364521027,
              1.3996627377308937
            ],
            [
              103.76364290714264,
              1.3981825996428634
            ],
            [
              103.76597106456757,
              1.3983005816932843
            ],
            [
              103.76635730266571,
              1.4019043943550018
            ],
            [
              103.76635730266571,
              1.402081367157888
            ],
            [
              103.78586232662201,
              1.401116060811264
            ],
            [
              103.79219233989716,
              1.3999147901354851
            ],
            [
              103.79676282405853,
              1.4014163783839653
            ],
            [
              103.79805028438568,
              1.4035186003141944
            ],
            [
              103.79530370235443,
              1.406242905514021
            ],
            [
              103.79180610179901,
              1.407808843284544
            ],
            [
              103.7563043832779,
              1.403802829157537
            ]
          ]
        ]
      },
      "properties": {
        "id": "f66d596008"
      }
    },
    {
      "type": "Feature",
      "geometry": {
        "type": "Polygon",
        "coordinates": [
          [
            [
              103.77989709377289,
              1.4108978133363144
            ],
            [
              103.77747237682343,
              1.4110479714982456
            ],
            [
              103.77584159374237,
              1.4108978133363144
            ],
            [
              103.77989709377289,
              1.4108978133363144
            ]
          ]
        ]
      },
      "properties": {
        "id": "e97c2ac010"
      }
    },
    {
      "type": "Feature",
      "geometry": {
        "type": "Polygon",
        "coordinates": [
          [
            [
              103.74691665172577,
              1.4284340757266318
            ],
            [
              103.74514639377594,
              1.43373246759095
            ],
            [
              103.7443095445633,
              1.4349873480797255
            ],
            [
              103.74691665172577,
              1.4284340757266318
            ]
          ]
        ]
      },
      "properties": {
        "id": "eb7ccc045d"
      }
    },
    {
      "type": "Feature",
      "geometry": {
        "type": "Polygon",
        "coordinates": [
          [
            [
              103.78657042980194,
              1.4061356494639465
            ],
            [
              103.79180610179901,
              1.4078088432846074
            ],
            [
              103.78657042980194,
              1.4061356494639465
            ]
          ]
        ]
      },
      "properties": {
        "id": "3675f68d53"
      }
    },
    {
      "type": "Feature",
      "geometry": {
        "type": "Polygon",
        "coordinates": [
          [
            [
              103.79737436771393,
              1.4149413547380105
            ],
            [
              103.7955504655838,
              1.4143836253080972
            ],
            [
              103.79315793514252,
              1.4135577564829798
            ],
            [
              103.79002511501312,
              1.4124208456717968
            ],
            [
              103.78418862819672,
              1.410897813336098
            ],
            [
              103.78157079219818,
              1.410447338792176
            ],
            [
              103.78489673137665,
              1.4075943313233852
            ],
            [
              103.78654897212982,
              1.406157100674361
            ],
            [
              103.79737436771393,
              1.4149413547380105
            ]
          ]
        ]
      },
      "properties": {
        "id": "143a545bf8"
      }
    },
    {
      "type": "Feature",
      "geometry": {
        "type": "Polygon",
        "coordinates": [
          [
            [
              103.78448903560638,
              1.4115306226673756
            ],
            [
              103.78341615200043,
              1.4111230505756174
            ],
            [
              103.78173172473907,
              1.4109407156693343
            ],
            [
              103.77991855144501,
              1.4108978133363526
            ],
            [
              103.78448903560638,
              1.4115306226673756
            ]
          ]
        ]
      },
      "properties": {
        "id": "dda9b5d78e"
      }
    },
    {
      "type": "Feature",
      "geometry": {
        "type": "Polygon",
        "coordinates": [
          [
            [
              103.78800809383392,
              1.4125066502809176
            ],
            [
              103.78449976444244,
              1.4115413482477746
            ],
            [
              103.78800809383392,
              1.4125066502809176
            ]
          ]
        ]
      },
      "properties": {
        "id": "294a890cf2"
      }
    },
    {
      "type": "Feature",
      "geometry": {
        "type": "Polygon",
        "coordinates": [
          [
            [
              103.79152715206146,
              1.4133325194798774
            ],
            [
              103.78978908061981,
              1.4127426129391616
            ],
            [
              103.7879866361618,
              1.4125173758568128
            ],
            [
              103.79152715206146,
              1.4133325194798774
            ]
          ]
        ]
      },
      "properties": {
        "id": "82e6042e7f"
      }
    },
    {
      "type": "Feature",
      "geometry": {
        "type": "Polygon",
        "coordinates": [
          [
            [
              103.79548609256744,
              1.414716117869293
            ],
            [
              103.79152715206146,
              1.4133217939078497
            ],
            [
              103.79548609256744,
              1.414716117869293
            ]
          ]
        ]
      },
      "properties": {
        "id": "327f1747d8"
      }
    },
    {
      "type": "Feature",
      "geometry": {
        "type": "Polygon",
        "coordinates": [
          [
            [
              103.79794299602509,
              1.4154776329098522
            ],
            [
              103.79803955554962,
              1.4151558660218129
            ],
            [
              103.79738509654999,
              1.414941354738316
            ],
            [
              103.79794299602509,
              1.4154776329098522
            ]
          ]
        ]
      },
      "properties": {
        "id": "658134d850"
      }
    },
    {
      "type": "Feature",
      "geometry": {
        "type": "Polygon",
        "coordinates": [
          [
            [
              103.7954968214035,
              1.414716117869293
            ],
            [
              103.79651606082916,
              1.4150378848183354
            ],
            [
              103.79792153835297,
              1.415466907347646
            ],
            [
              103.7954968214035,
              1.414716117869293
            ]
          ]
        ]
      },
      "properties": {
        "id": "229c776b73"
      }
    },
    {
      "type": "Feature",
      "geometry": {
        "type": "Polygon",
        "coordinates": [
          [
            [
              103.79533588886261,
              1.4225886697205496
            ],
            [
              103.79194557666779,
              1.4243691068830353
            ],
            [
              103.78984272480011,
              1.4254845607900513
            ],
            [
              103.78821194171906,
              1.4260851895930966
            ],
            [
              103.78591597080231,
              1.4265571121141065
            ],
            [
              103.78370583057404,
              1.4267716223189373
            ],
            [
              103.78156006336212,
              1.4266643672190218
            ],
            [
              103.77926409244537,
              1.426278248817938
            ],
            [
              103.77730071544647,
              1.4256293552457262
            ],
            [
              103.77612054347992,
              1.4140028676380136
            ],
            [
              103.79533588886261,
              1.4225886697205496
            ]
          ]
        ]
      },
      "properties": {
        "id": "e53e6472bb"
      }
    },
    {
      "type": "Feature",
      "geometry": {
        "type": "Polygon",
        "coordinates": [
          [
            [
              103.79827558994293,
              1.425999385488094
            ],
            [
              103.79537880420685,
              1.4225725814228305
            ],
            [
              103.79883348941803,
              1.4205990831897897
            ],
            [
              103.80245983600616,
              1.4177675393028675
            ],
            [
              103.80490601062775,
              1.4157082324821118
            ],
            [
              103.80582869052887,
              1.4147214806487869
            ],
            [
              103.80610764026642,
              1.4145498715914304
            ],
            [
              103.8064295053482,
              1.414539146024937
            ],
            [
              103.80679428577423,
              1.4146142249894371
            ],
            [
              103.80751311779022,
              1.4149467175172754
            ],
            [
              103.80903661251068,
              1.4154615445631527
            ],
            [
              103.79827558994293,
              1.425999385488094
            ]
          ]
        ]
      },
      "properties": {
        "id": "16e8fbbe31"
      }
    },
    {
      "type": "Feature",
      "geometry": {
        "type": "Polygon",
        "coordinates": [
          [
            [
              103.8051849603653,
              1.434000604506759
            ],
            [
              103.79821121692657,
              1.4259135813797579
            ],
            [
              103.8051849603653,
              1.434000604506759
            ]
          ]
        ]
      },
      "properties": {
        "id": "8a1cac829a"
      }
    },
    {
      "type": "Feature",
      "geometry": {
        "type": "Polygon",
        "coordinates": [
          [
            [
              103.80787789821625,
              1.4371753431848393
            ],
            [
              103.80517423152924,
              1.4339791535548856
            ],
            [
              103.80787789821625,
              1.4371753431848393
            ]
          ]
        ]
      },
      "properties": {
        "id": "28655541c3"
      }
    },
    {
      "type": "Feature",
      "geometry": {
        "type": "Polygon",
        "coordinates": [
          [
            [
              103.81084978580475,
              1.4406396644765675
            ],
            [
              103.80786716938019,
              1.437164617723775
            ],
            [
              103.81084978580475,
              1.4406396644765675
            ]
          ]
        ]
      },
      "properties": {
        "id": "c2a3ef0e97"
      }
    },
    {
      "type": "Feature",
      "geometry": {
        "type": "Polygon",
        "coordinates": [
          [
            [
              103.81178319454193,
              1.4437178650439442
            ],
            [
              103.81167590618134,
              1.442570243716487
            ],
            [
              103.81084978580475,
              1.4406503899214493
            ],
            [
              103.81178319454193,
              1.4437178650439442
            ]
          ]
        ]
      },
      "properties": {
        "id": "c91f727e0e"
      }
    },
    {
      "type": "Feature",
      "geometry": {
        "type": "Polygon",
        "coordinates": [
          [
            [
              103.81231963634491,
              1.44823326669471
            ],
            [
              103.81177246570587,
              1.443723227754776
            ],
            [
              103.81481945514679,
              1.4424790775071585
            ],
            [
              103.8171797990799,
              1.4410633195013398
            ],
            [
              103.81996929645538,
              1.4386608190538144
            ],
            [
              103.82310211658478,
              1.4349712598703876
            ],
            [
              103.82408916950226,
              1.4344135352895608
            ],
            [
              103.82370293140411,
              1.4278924378098257
            ],
            [
              103.82183611392975,
              1.4270558483055822
            ],
            [
              103.82192194461823,
              1.4268627891460057
            ],
            [
              103.82329523563385,
              1.4274634175892669
            ],
            [
              103.82372438907623,
              1.4273347115074917
            ],
            [
              103.8198834657669,
              1.422079207022701
            ],
            [
              103.80934774875641,
              1.4186255832709782
            ],
            [
              103.80681574344635,
              1.4175315771558528
            ],
            [
              103.80909025669098,
              1.4154508190008446
            ],
            [
              103.80922973155975,
              1.4152684844343466
            ],
            [
              103.8099056482315,
              1.4152899355605655
            ],
            [
              103.81056010723114,
              1.4152470333079243
            ],
            [
              103.81131112575531,
              1.4149896197754759
            ],
            [
              103.81231963634491,
              1.44823326669471
            ]
          ]
        ]
      },
      "properties": {
        "id": "930bc95f29"
      }
    },
    {
      "type": "Feature",
      "geometry": {
        "type": "Polygon",
        "coordinates": [
          [
            [
              103.81132185459137,
              1.4594198405225813
            ],
            [
              103.81201922893524,
              1.4577037829435964
            ],
            [
              103.81256639957428,
              1.4556337867487057
            ],
            [
              103.81275951862335,
              1.4545612491126256
            ],
            [
              103.81286680698395,
              1.4530704209516798
            ],
            [
              103.81286680698395,
              1.4518906281843365
            ],
            [
              103.81132185459137,
              1.4594198405225813
            ]
          ]
        ]
      },
      "properties": {
        "id": "90d67f15bb"
      }
    },
    {
      "type": "Feature",
      "geometry": {
        "type": "Polygon",
        "coordinates": [
          [
            [
              103.81286680698395,
              1.4518799027927225
            ],
            [
              103.81275951862335,
              1.4508395395638716
            ],
            [
              103.81231963634491,
              1.4482225412858831
            ],
            [
              103.81286680698395,
              1.4518799027927225
            ]
          ]
        ]
      },
      "properties": {
        "id": "94c836a129"
      }
    },
    {
      "type": "Feature",
      "geometry": {
        "type": "Polygon",
        "coordinates": [
          [
            [
              103.80166590213776,
              1.4535530632699367
            ],
            [
              103.81132185459137,
              1.459409115166933
            ],
            [
              103.80166590213776,
              1.4535530632699367
            ]
          ]
        ]
      },
      "properties": {
        "id": "9f298f8f67"
      }
    },
    {
      "type": "Feature",
      "geometry": {
        "type": "Polygon",
        "coordinates": [
          [
            [
              103.80077004432678,
              1.4562451329743962
            ],
            [
              103.80105972290039,
              1.4550063522948231
            ],
            [
              103.80136549472809,
              1.454153684678498
            ],
            [
              103.80159616470337,
              1.453526249811703
            ],
            [
              103.8016551733017,
              1.453553063271247
            ],
            [
              103.80166590213776,
              1.4535584259630847
            ],
            [
              103.80077004432678,
              1.4562451329743962
            ]
          ]
        ]
      },
      "properties": {
        "id": "fd61484f33"
      }
    },
    {
      "type": "Feature",
      "geometry": {
        "type": "Polygon",
        "coordinates": [
          [
            [
              103.80061447620392,
              1.4568403909808765
            ],
            [
              103.80077540874481,
              1.4562290449179922
            ],
            [
              103.80061447620392,
              1.4568403909808765
            ]
          ]
        ]
      },
      "properties": {
        "id": "8379d5a330"
      }
    },
    {
      "type": "Feature",
      "geometry": {
        "type": "Polygon",
        "coordinates": [
          [
            [
              103.80037844181061,
              1.4567814014557239
            ],
            [
              103.80060911178589,
              1.456835028296825
            ],
            [
              103.80037844181061,
              1.4567814014557239
            ]
          ]
        ]
      },
      "properties": {
        "id": "565f6c83b9"
      }
    },
    {
      "type": "Feature",
      "geometry": {
        "type": "Polygon",
        "coordinates": [
          [
            [
              103.80059838294983,
              1.4558965583931203
            ],
            [
              103.80038380622864,
              1.4567760387715323
            ],
            [
              103.80059838294983,
              1.4558965583931203
            ]
          ]
        ]
      },
      "properties": {
        "id": "71a0c7c110"
      }
    },
    {
      "type": "Feature",
      "geometry": {
        "type": "Polygon",
        "coordinates": [
          [
            [
              103.8008451461792,
              1.4549312746560163
            ],
            [
              103.80059838294983,
              1.4558965583931203
            ],
            [
              103.80038380622864,
              1.4567760387715323
            ],
            [
              103.8008451461792,
              1.4549312746560163
            ]
          ]
        ]
      },
      "properties": {
        "id": "e8c64d160b"
      }
    },
    {
      "type": "Feature",
      "geometry": {
        "type": "Polygon",
        "coordinates": [
          [
            [
              103.8012233376503,
              1.4538265605390743
            ],
            [
              103.8008451461792,
              1.4549366373447115
            ],
            [
              103.8012233376503,
              1.4538265605390743
            ]
          ]
        ]
      },
      "properties": {
        "id": "9f78553e8f"
      }
    },
    {
      "type": "Feature",
      "geometry": {
        "type": "Polygon",
        "coordinates": [
          [
            [
              103.80251079797745,
              1.4502657307757734
            ],
            [
              103.80263417959213,
              1.450434655808427
            ],
            [
              103.80267709493637,
              1.4506116248767058
            ],
            [
              103.80210310220718,
              1.451887946838055
            ],
            [
              103.8014030456543,
              1.453400226548386
            ],
            [
              103.8012233376503,
              1.4538265605390743
            ],
            [
              103.8008451461792,
              1.4549366373447115
            ],
            [
              103.80251079797745,
              1.4502657307757734
            ]
          ]
        ]
      },
      "properties": {
        "id": "f031723b13"
      }
    },
    {
      "type": "Feature",
      "geometry": {
        "type": "Polygon",
        "coordinates": [
          [
            [
              103.80090683698654,
              1.4495095899989277
            ],
            [
              103.80250543355942,
              1.4502657307757734
            ],
            [
              103.80090683698654,
              1.4495095899989277
            ]
          ]
        ]
      },
      "properties": {
        "id": "64c332907f"
      }
    },
    {
      "type": "Feature",
      "geometry": {
        "type": "Polygon",
        "coordinates": [
          [
            [
              103.79600912332535,
              1.4473859592332083
            ],
            [
              103.79777401685715,
              1.4480187585079412
            ],
            [
              103.79973739385605,
              1.448941143575019
            ],
            [
              103.80090683698654,
              1.4495095899990675
            ],
            [
              103.80250543355942,
              1.4502657307757734
            ],
            [
              103.79600912332535,
              1.4473859592332083
            ]
          ]
        ]
      },
      "properties": {
        "id": "2a7da1b10e"
      }
    },
    {
      "type": "Feature",
      "geometry": {
        "type": "Polygon",
        "coordinates": [
          [
            [
              103.79269123077393,
              1.4463241431044707
            ],
            [
              103.79430055618286,
              1.446822874984488
            ],
            [
              103.79602253437042,
              1.4473913219398165
            ],
            [
              103.79269123077393,
              1.4463241431044707
            ]
          ]
        ]
      },
      "properties": {
        "id": "5d6dc8808a"
      }
    },
    {
      "type": "Feature",
      "geometry": {
        "type": "Polygon",
        "coordinates": [
          [
            [
              103.79233181476593,
              1.4462651533049504
            ],
            [
              103.79267513751984,
              1.446308054977471
            ],
            [
              103.79269123077393,
              1.4463241431044707
            ],
            [
              103.79430055618286,
              1.446822874984488
            ],
            [
              103.79602253437042,
              1.4473913219398165
            ],
            [
              103.79233181476593,
              1.4462651533049504
            ]
          ]
        ]
      },
      "properties": {
        "id": "e18d26902e"
      }
    },
    {
      "type": "Feature",
      "geometry": {
        "type": "Polygon",
        "coordinates": [
          [
            [
              103.79176318645477,
              1.4477130843042292
            ],
            [
              103.79228889942169,
              1.4462651533049504
            ],
            [
              103.7923264503479,
              1.4462705160140648
            ],
            [
              103.79176318645477,
              1.4477130843042292
            ]
          ]
        ]
      },
      "properties": {
        "id": "a644686b6d"
      }
    },
    {
      "type": "Feature",
      "geometry": {
        "type": "Polygon",
        "coordinates": [
          [
            [
              103.7804388999939,
              1.4471124611870996
            ],
            [
              103.78871083259583,
              1.4480884736716586
            ],
            [
              103.79174709320068,
              1.4477130843042418
            ],
            [
              103.7804388999939,
              1.4471124611870996
            ]
          ]
        ]
      },
      "properties": {
        "id": "bb2e904f36"
      }
    },
    {
      "type": "Feature",
      "geometry": {
        "type": "Polygon",
        "coordinates": [
          [
            [
              103.77070248126984,
              1.4487105473439577
            ],
            [
              103.77303063869476,
              1.4500833989810016
            ],
            [
              103.77480089664459,
              1.450887803850217
            ],
            [
              103.77690374851227,
              1.4513275450578176
            ],
            [
              103.77886712551117,
              1.4529792551711411
            ],
            [
              103.77922117710114,
              1.4509628816234215
            ],
            [
              103.78043353557587,
              1.4471178238944709
            ],
            [
              103.77070248126984,
              1.4487105473439577
            ]
          ]
        ]
      },
      "properties": {
        "id": "3f42a09a65"
      }
    },
    {
      "type": "Feature",
      "geometry": {
        "type": "Polygon",
        "coordinates": [
          [
            [
              103.76603543758392,
              1.4442058720709938
            ],
            [
              103.77075612545013,
              1.4487963505957704
            ],
            [
              103.76603543758392,
              1.4442058720709938
            ]
          ]
        ]
      },
      "properties": {
        "id": "8197a3e36b"
      }
    },
    {
      "type": "Feature",
      "geometry": {
        "type": "Polygon",
        "coordinates": [
          [
            [
              103.75268876552582,
              1.437899311694155
            ],
            [
              103.7542337179184,
              1.4384999372438618
            ],
            [
              103.76075685024261,
              1.4382854281371111
            ],
            [
              103.76607835292816,
              1.4442916754930297
            ],
            [
              103.75268876552582,
              1.437899311694155
            ]
          ]
        ]
      },
      "properties": {
        "id": "800def9519"
      }
    },
    {
      "type": "Feature",
      "geometry": {
        "type": "Polygon",
        "coordinates": [
          [
            [
              103.73835504055023,
              1.4389289553968565
            ],
            [
              103.74217450618744,
              1.438950406302383
            ],
            [
              103.74406278133392,
              1.4402803620512412
            ],
            [
              103.74981343746185,
              1.436955471225315
            ],
            [
              103.75268876552582,
              1.4378778607787306
            ],
            [
              103.73835504055023,
              1.4389289553968565
            ]
          ]
        ]
      },
      "properties": {
        "id": "629bc1c259"
      }
    },
    {
      "type": "Feature",
      "geometry": {
        "type": "Polygon",
        "coordinates": [
          [
            [
              103.74428808689117,
              1.4349927108201492
            ],
            [
              103.74285042285919,
              1.4380709190103866
            ],
            [
              103.74231398105621,
              1.4384892117891712
            ],
            [
              103.73823702335358,
              1.4384677608792813
            ],
            [
              103.73765766620636,
              1.43780278257334
            ],
            [
              103.73639166355133,
              1.437352313288287
            ],
            [
              103.73235762119293,
              1.4385642899720947
            ],
            [
              103.73235762119293,
              1.4387358972381372
            ],
            [
              103.73254001140594,
              1.4395939333746537
            ],
            [
              103.73633801937103,
              1.4400873040069582
            ],
            [
              103.73802244663239,
              1.4400015004263906
            ],
            [
              103.73835504055023,
              1.438950406302523
            ],
            [
              103.74428808689117,
              1.4349927108201492
            ]
          ]
        ]
      },
      "properties": {
        "id": "6adfa70073"
      }
    },
    {
      "type": "Feature",
      "geometry": {
        "type": "Polygon",
        "coordinates": [
          [
            [
              103.736332654953,
              1.4401302057887624
            ],
            [
              103.736332654953,
              1.4403876165062037
            ],
            [
              103.73611807823181,
              1.4434765428454994
            ],
            [
              103.73041033744812,
              1.449439874872537
            ],
            [
              103.72770667076111,
              1.4505553165317204
            ],
            [
              103.72380137443542,
              1.4513704466272372
            ],
            [
              103.71787905693054,
              1.4506411197134972
            ],
            [
              103.71208548545837,
              1.4492253667981434
            ],
            [
              103.70457530021667,
              1.4437768549048362
            ],
            [
              103.69780540466309,
              1.437298685979657
            ],
            [
              103.69548797607422,
              1.4349819853419097
            ],
            [
              103.68913650512695,
              1.4330943016056343
            ],
            [
              103.67772102355957,
              1.4289757135104908
            ],
            [
              103.67428779602051,
              1.4252861387365447
            ],
            [
              103.67085456848145,
              1.4136167471200671
            ],
            [
              103.66561889648438,
              1.4092407101170101
            ],
            [
              103.66252899169922,
              1.405722713621951
            ],
            [
              103.66270065307617,
              1.4043498355023112
            ],
            [
              103.736332654953,
              1.4401302057887624
            ]
          ]
        ]
      },
      "properties": {
        "id": "bdfdbe2b2a"
      }
    },
    {
      "type": "Feature",
      "geometry": {
        "type": "Polygon",
        "coordinates": [
          [
            [
              103.736332654953,
              1.437320136900132
            ],
            [
              103.73568892478943,
              1.421317694154461
            ],
            [
              103.72907996177673,
              1.414796559607104
            ],
            [
              103.72418761253357,
              1.4126085432463813
            ],
            [
              103.72126936912537,
              1.412007910943657
            ],
            [
              103.736332654953,
              1.437320136900132
            ]
          ]
        ]
      },
      "properties": {
        "id": "ad47661808"
      }
    },
    {
      "type": "Feature",
      "geometry": {
        "type": "Polygon",
        "coordinates": [
          [
            [
              103.71650576591492,
              1.4148823641282378
            ],
            [
              103.71890902519226,
              1.41235112942136
            ],
            [
              103.72118353843689,
              1.412007910943657
            ],
            [
              103.71650576591492,
              1.4148823641282378
            ]
          ]
        ]
      },
      "properties": {
        "id": "fc83f0bd29"
      }
    },
    {
      "type": "Feature",
      "geometry": {
        "type": "Polygon",
        "coordinates": [
          [
            [
              103.70576620101929,
              1.4072672005413605
            ],
            [
              103.70572328567505,
              1.4082110531554792
            ],
            [
              103.70793342590332,
              1.4083397603005139
            ],
            [
              103.70934963226318,
              1.4090905518382633
            ],
            [
              103.70977878570557,
              1.409541026644759
            ],
            [
              103.71080875396729,
              1.409541026644759
            ],
            [
              103.71113061904907,
              1.4101416595844976
            ],
            [
              103.71050834655762,
              1.4106135853570139
            ],
            [
              103.71014356613159,
              1.411428729647677
            ],
            [
              103.70962858200073,
              1.4116432412556414
            ],
            [
              103.70696783065796,
              1.4119435574735153
            ],
            [
              103.70621681213379,
              1.4117719482108988
            ],
            [
              103.70407104492188,
              1.410870999374395
            ],
            [
              103.70415687561035,
              1.4132306265391839
            ],
            [
              103.70525121688843,
              1.4126085432464703
            ],
            [
              103.71044397354126,
              1.4127587012978966
            ],
            [
              103.71224641799927,
              1.4130375662247863
            ],
            [
              103.71359825134277,
              1.4136811005436964
            ],
            [
              103.71432781219482,
              1.4149467175170845
            ],
            [
              103.7148642539978,
              1.4152041310543164
            ],
            [
              103.71595859527588,
              1.4152041310543164
            ],
            [
              103.71649503707886,
              1.4148823641283141
            ],
            [
              103.70576620101929,
              1.4072672005413605
            ]
          ]
        ]
      },
      "properties": {
        "id": "49b7267529"
      }
    },
    {
      "type": "Feature",
      "geometry": {
        "type": "Polygon",
        "coordinates": [
          [
            [
              103.8158118724823,
              1.41345586355324
            ],
            [
              103.81643414497375,
              1.413466589124746
            ],
            [
              103.81899833679199,
              1.413906337514039
            ],
            [
              103.8203501701355,
              1.4141101233247415
            ],
            [
              103.82138013839722,
              1.4140564954815622
            ],
            [
              103.82194876670837,
              1.413906337514128
            ],
            [
              103.82269978523254,
              1.4135094914103885
            ],
            [
              103.82290363311768,
              1.4133486078354827
            ],
            [
              103.82313966751099,
              1.4131233708119102
            ],
            [
              103.8158118724823,
              1.41345586355324
            ]
          ]
        ]
      },
      "properties": {
        "id": "3a916a7207"
      }
    },
    {
      "type": "Feature",
      "geometry": {
        "type": "Polygon",
        "coordinates": [
          [
            [
              103.83283853530884,
              1.4506089435255136
            ],
            [
              103.8329029083252,
              1.4510379593916893
            ],
            [
              103.83324086666107,
              1.4517672861726223
            ],
            [
              103.83467853069305,
              1.4527111204872798
            ],
            [
              103.844935297966,
              1.4588674846271819
            ],
            [
              103.84495675563812,
              1.4589318367767317
            ],
            [
              103.84240329265594,
              1.4606478934188654
            ],
            [
              103.83877694606781,
              1.4631147225453935
            ],
            [
              103.83283853530884,
              1.4506089435255136
            ]
          ]
        ]
      },
      "properties": {
        "id": "a68bedae03"
      }
    },
    {
      "type": "Feature",
      "geometry": {
        "type": "Polygon",
        "coordinates": [
          [
            [
              103.8325971364975,
              1.4657102528714567
            ],
            [
              103.83578360080719,
              1.4643374107594107
            ],
            [
              103.83707106113434,
              1.4640371014352744
            ],
            [
              103.83877694606781,
              1.4631147225453935
            ],
            [
              103.8325971364975,
              1.4657102528714567
            ]
          ]
        ]
      },
      "properties": {
        "id": "290939169d"
      }
    },
    {
      "type": "Feature",
      "geometry": {
        "type": "Polygon",
        "coordinates": [
          [
            [
              103.82757604122162,
              1.4685846383166856
            ],
            [
              103.83257567882538,
              1.4657209781971567
            ],
            [
              103.82757604122162,
              1.4685846383166856
            ]
          ]
        ]
      },
      "properties": {
        "id": "50e345317b"
      }
    },
    {
      "type": "Feature",
      "geometry": {
        "type": "Polygon",
        "coordinates": [
          [
            [
              103.78346979618073,
              1.4561646926850482
            ],
            [
              103.77885639667511,
              1.4529685297775934
            ],
            [
              103.78346979618073,
              1.4561646926850482
            ]
          ]
        ]
      },
      "properties": {
        "id": "05ac3bfc64"
      }
    },
    {
      "type": "Feature",
      "geometry": {
        "type": "Polygon",
        "coordinates": [
          [
            [
              103.79014313220978,
              1.4610340059828932
            ],
            [
              103.78346979618073,
              1.4561646926850482
            ],
            [
              103.77885639667511,
              1.4529685297775934
            ],
            [
              103.79014313220978,
              1.4610340059828932
            ]
          ]
        ]
      },
      "properties": {
        "id": "60a59d60f9"
      }
    },
    {
      "type": "Feature",
      "geometry": {
        "type": "Polygon",
        "coordinates": [
          [
            [
              103.79894077777863,
              1.4670187422262377
            ],
            [
              103.79014313220978,
              1.4610340059829188
            ],
            [
              103.78346979618073,
              1.4561646926850482
            ],
            [
              103.79894077777863,
              1.4670187422262377
            ]
          ]
        ]
      },
      "properties": {
        "id": "488c15a7ab"
      }
    },
    {
      "type": "Feature",
      "geometry": {
        "type": "Polygon",
        "coordinates": [
          [
            [
              103.8036185503006,
              1.46924960755769
            ],
            [
              103.8014942407608,
              1.4684130333193073
            ],
            [
              103.79894077777863,
              1.46704019286503
            ],
            [
              103.8036185503006,
              1.46924960755769
            ]
          ]
        ]
      },
      "properties": {
        "id": "9543d3e327"
      }
    },
    {
      "type": "Feature",
      "geometry": {
        "type": "Polygon",
        "coordinates": [
          [
            [
              103.82752239704132,
              1.4685846383168637
            ],
            [
              103.82226526737213,
              1.4690136507529894
            ],
            [
              103.81926119327545,
              1.470236335743934
            ],
            [
              103.81726562976837,
              1.4707726008795854
            ],
            [
              103.80870401859283,
              1.4705795454455834
            ],
            [
              103.80359709262848,
              1.4692281569401056
            ],
            [
              103.82752239704132,
              1.4685846383168637
            ]
          ]
        ]
      },
      "properties": {
        "id": "c5c38559c0"
      }
    },
    {
      "type": "Feature",
      "geometry": {
        "type": "Polygon",
        "coordinates": [
          [
            [
              103.81581723690033,
              1.413455863552553
            ],
            [
              103.81524860858917,
              1.4134773146955268
            ],
            [
              103.81437957286835,
              1.4136811005438998
            ],
            [
              103.81338179111481,
              1.4140886721869328
            ],
            [
              103.81200850009918,
              1.4147214806487869
            ],
            [
              103.81133258342743,
              1.4149896197754759
            ],
            [
              103.81581723690033,
              1.413455863552553
            ]
          ]
        ]
      },
      "properties": {
        "id": "9e69386d26"
      }
    },
    {
      "type": "Feature",
      "geometry": {
        "type": "Polygon",
        "coordinates": [
          [
            [
              103.77526223659515,
              1.4108280970418967
            ],
            [
              103.77536952495575,
              1.412007910945489
            ],
            [
              103.77476871013641,
              1.4134022356958116
            ],
            [
              103.77496182918549,
              1.4140672210511724
            ],
            [
              103.77612054347992,
              1.4139599653615822
            ],
            [
              103.77526223659515,
              1.4108280970418967
            ]
          ]
        ]
      },
      "properties": {
        "id": "2b963a483b"
      }
    },
    {
      "type": "Feature",
      "geometry": {
        "type": "Polygon",
        "coordinates": [
          [
            [
              103.82312893867493,
              1.4131126452404041
            ],
            [
              103.82308602333069,
              1.4128016035990727
            ],
            [
              103.82364392280579,
              1.4111820412766212
            ],
            [
              103.8237726688385,
              1.4099164222528184
            ],
            [
              103.82378339767456,
              1.4098949710769832
            ],
            [
              103.8244378566742,
              1.409734087251984
            ],
            [
              103.82843971252441,
              1.4058835977266229
            ],
            [
              103.82783889770508,
              1.4029662309592983
            ],
            [
              103.82813930511475,
              1.4025372061276604
            ],
            [
              103.82312893867493,
              1.4131126452404041
            ]
          ]
        ]
      },
      "properties": {
        "id": "97deba4aa5"
      }
    },
    {
      "type": "Feature",
      "geometry": {
        "type": "Polygon",
        "coordinates": [
          [
            [
              103.82846117019653,
              1.3773747629759485
            ],
            [
              103.82880449295044,
              1.3780290327861968
            ],
            [
              103.83008122444153,
              1.3789299941979394
            ],
            [
              103.83180856704712,
              1.3800454697589986
            ],
            [
              103.83249521255493,
              1.380356515735655
            ],
            [
              103.83386850357056,
              1.3807211902772096
            ],
            [
              103.83504867553711,
              1.3812574762660021
            ],
            [
              103.82846117019653,
              1.3773747629759485
            ]
          ]
        ]
      },
      "properties": {
        "id": "4a16b2b325"
      }
    },
    {
      "type": "Feature",
      "geometry": {
        "type": "Polygon",
        "coordinates": [
          [
            [
              103.83725881576538,
              1.3835313275133903
            ],
            [
              103.83552074432373,
              1.3815792478011881
            ],
            [
              103.83507013320923,
              1.3812360248287634
            ],
            [
              103.83725881576538,
              1.3835313275133903
            ]
          ]
        ]
      },
      "properties": {
        "id": "4d7e540fe3"
      }
    },
    {
      "type": "Feature",
      "geometry": {
        "type": "Polygon",
        "coordinates": [
          [
            [
              103.84105682373047,
              1.3871137113763066
            ],
            [
              103.83912563323975,
              1.3855477598152295
            ],
            [
              103.83721590042114,
              1.3834884246798274
            ],
            [
              103.84105682373047,
              1.3871137113763066
            ]
          ]
        ]
      },
      "properties": {
        "id": "60cce4ffc2"
      }
    },
    {
      "type": "Feature",
      "geometry": {
        "type": "Polygon",
        "coordinates": [
          [
            [
              103.84200096130371,
              1.3882506344631331
            ],
            [
              103.84217262268066,
              1.387993217963036
            ],
            [
              103.84103536605835,
              1.3870708086076016
            ],
            [
              103.84200096130371,
              1.3882506344631331
            ]
          ]
        ]
      },
      "properties": {
        "id": "0dc95cf210"
      }
    },
    {
      "type": "Feature",
      "geometry": {
        "type": "Polygon",
        "coordinates": [
          [
            [
              103.83706569671631,
              1.397753573932731
            ],
            [
              103.83464097976685,
              1.394857648359618
            ],
            [
              103.83502721786499,
              1.3943857194097657
            ],
            [
              103.83547782897949,
              1.3939352416875281
            ],
            [
              103.836829662323,
              1.3932273479499486
            ],
            [
              103.83702278137207,
              1.3930128346541402
            ],
            [
              103.83704423904419,
              1.392540905334593
            ],
            [
              103.83912563323975,
              1.391253824892055
            ],
            [
              103.84054183959961,
              1.3902027086763853
            ],
            [
              103.84212970733643,
              1.3880790234661982
            ],
            [
              103.83706569671631,
              1.397753573932731
            ]
          ]
        ]
      },
      "properties": {
        "id": "b35dcb625e"
      }
    },
    {
      "type": "Feature",
      "geometry": {
        "type": "Polygon",
        "coordinates": [
          [
            [
              103.82972717285156,
              1.4045107197015472
            ],
            [
              103.82946968078613,
              1.4029662309592983
            ],
            [
              103.82818222045898,
              1.4025372061276604
            ],
            [
              103.82972717285156,
              1.4045107197015472
            ]
          ]
        ]
      },
      "properties": {
        "id": "08b3c114be"
      }
    },
    {
      "type": "Feature",
      "geometry": {
        "type": "Polygon",
        "coordinates": [
          [
            [
              103.83303165435791,
              1.406527134023011
            ],
            [
              103.83101463317871,
              1.4056690855883964
            ],
            [
              103.82964134216309,
              1.4044678172502616
            ],
            [
              103.83303165435791,
              1.406527134023011
            ]
          ]
        ]
      },
      "properties": {
        "id": "dcbfd2fa10"
      }
    },
    {
      "type": "Feature",
      "geometry": {
        "type": "Polygon",
        "coordinates": [
          [
            [
              103.83530616760254,
              1.4066987436720777
            ],
            [
              103.83294582366943,
              1.406527134023011
            ],
            [
              103.83530616760254,
              1.4066987436720777
            ]
          ]
        ]
      },
      "properties": {
        "id": "329cf5e632"
      }
    },
    {
      "type": "Feature",
      "geometry": {
        "type": "Polygon",
        "coordinates": [
          [
            [
              103.8352632522583,
              1.4005636908894532
            ],
            [
              103.83479118347168,
              1.4018936687327468
            ],
            [
              103.83384704589844,
              1.4020652787220185
            ],
            [
              103.83388996124268,
              1.4039529877734227
            ],
            [
              103.83440494537354,
              1.4044249147981998
            ],
            [
              103.8363790512085,
              1.4060981098451426
            ],
            [
              103.83539199829102,
              1.4066558412609942
            ],
            [
              103.8352632522583,
              1.4005636908894532
            ]
          ]
        ]
      },
      "properties": {
        "id": "cbbe50ce69"
      }
    },
    {
      "type": "Feature",
      "geometry": {
        "type": "Polygon",
        "coordinates": [
          [
            [
              103.83706569671631,
              1.397732122645309
            ],
            [
              103.8363790512085,
              1.397732122645309
            ],
            [
              103.83393287658691,
              1.3990621020947318
            ],
            [
              103.8352632522583,
              1.400606593412314
            ],
            [
              103.83706569671631,
              1.397732122645309
            ]
          ]
        ]
      },
      "properties": {
        "id": "862ca75f65"
      }
    },
    {
      "type": "Feature",
      "geometry": {
        "type": "Polygon",
        "coordinates": [
          [
            [
              103.81859064102173,
              1.3937207284562851
            ],
            [
              103.81794691085815,
              1.389966743747416
            ],
            [
              103.81792545318604,
              1.3891086892611344
            ],
            [
              103.81824731826782,
              1.388400794075359
            ],
            [
              103.8191270828247,
              1.387499836259628
            ],
            [
              103.82243156433105,
              1.3854190514217761
            ],
            [
              103.82479190826416,
              1.3836600360095246
            ],
            [
              103.82522106170654,
              1.3831881048232717
            ],
            [
              103.82680892944336,
              1.380184904167556
            ],
            [
              103.82732391357422,
              1.3793482975948277
            ],
            [
              103.82809638977051,
              1.3774391173916818
            ],
            [
              103.82846117019653,
              1.3773747629761521
            ],
            [
              103.82880449295044,
              1.3780290327861968
            ],
            [
              103.83008122444153,
              1.3789299941979394
            ],
            [
              103.83180856704712,
              1.3800454697589986
            ],
            [
              103.83249521255493,
              1.380356515735655
            ],
            [
              103.83386850357056,
              1.3807211902772096
            ],
            [
              103.83504867553711,
              1.3812574762660021
            ],
            [
              103.81859064102173,
              1.3937207284562851
            ]
          ]
        ]
      },
      "properties": {
        "id": "99af25d1e3"
      }
    },
    {
      "type": "Feature",
      "geometry": {
        "type": "Polygon",
        "coordinates": [
          [
            [
              103.80687475204468,
              1.4080072668318042
            ],
            [
              103.80758285522461,
              1.405476024647913
            ],
            [
              103.80850553512573,
              1.4048753905064209
            ],
            [
              103.80666017532349,
              1.4010570698556633
            ],
            [
              103.80631685256958,
              1.4009927160834579
            ],
            [
              103.80595207214355,
              1.4004135320540203
            ],
            [
              103.80239009857178,
              1.397110035225635
            ],
            [
              103.80687475204468,
              1.4080072668318042
            ]
          ]
        ]
      },
      "properties": {
        "id": "b34b9306d5"
      }
    },
    {
      "type": "Feature",
      "geometry": {
        "type": "Polygon",
        "coordinates": [
          [
            [
              103.79801273345947,
              1.415150503240309
            ],
            [
              103.80198240280151,
              1.4159441948185474
            ],
            [
              103.80277633666992,
              1.4158798414574605
            ],
            [
              103.80348443984985,
              1.4155151723775543
            ],
            [
              103.80324840545654,
              1.414635676125401
            ],
            [
              103.80339860916138,
              1.4136274726944866
            ],
            [
              103.80382776260376,
              1.4132413521156262
            ],
            [
              103.80440711975098,
              1.4130482918021319
            ],
            [
              103.8046646118164,
              1.4130482918021319
            ],
            [
              103.80384922027588,
              1.4125549153724903
            ],
            [
              103.80348443984985,
              1.4118041249525024
            ],
            [
              103.80406379699707,
              1.4102167386949724
            ],
            [
              103.80447149276733,
              1.4101309340015542
            ],
            [
              103.80494356155396,
              1.4105385062671363
            ],
            [
              103.80509376525879,
              1.4104741527562707
            ],
            [
              103.8064455986023,
              1.4091870821651828
            ],
            [
              103.80687475204468,
              1.4079643644448419
            ],
            [
              103.79801273345947,
              1.415150503240309
            ]
          ]
        ]
      },
      "properties": {
        "id": "bb723bf902"
      }
    },
    {
      "type": "Feature",
      "geometry": {
        "type": "Polygon",
        "coordinates": [
          [
            [
              103.82936239242554,
              1.4087151561045084
            ],
            [
              103.82923364639282,
              1.4076854989110006
            ],
            [
              103.82843971252441,
              1.4059050489411464
            ],
            [
              103.82936239242554,
              1.4087151561045084
            ]
          ]
        ]
      },
      "properties": {
        "id": "2ebd57973b"
      }
    },
    {
      "type": "Feature",
      "geometry": {
        "type": "Polygon",
        "coordinates": [
          [
            [
              103.83165836334229,
              1.4094444963412993
            ],
            [
              103.83039236068726,
              1.4093586916194087
            ],
            [
              103.82979154586792,
              1.4090369238841842
            ],
            [
              103.82979154586792,
              1.4088867655925372
            ],
            [
              103.82949113845825,
              1.4089511191472817
            ],
            [
              103.82936239242554,
              1.4087366072912084
            ],
            [
              103.83165836334229,
              1.4094444963412993
            ]
          ]
        ]
      },
      "properties": {
        "id": "108433a71f"
      }
    },
    {
      "type": "Feature",
      "geometry": {
        "type": "Polygon",
        "coordinates": [
          [
            [
              103.83545637130737,
              1.4095946545969806
            ],
            [
              103.83474826812744,
              1.4112034924429022
            ],
            [
              103.83311748504639,
              1.4102167386959648
            ],
            [
              103.83165836334229,
              1.4094444963412993
            ],
            [
              103.83039236068726,
              1.4093586916194087
            ],
            [
              103.82979154586792,
              1.4090369238841842
            ],
            [
              103.82979154586792,
              1.4088867655925372
            ],
            [
              103.82949113845825,
              1.4089511191472817
            ],
            [
              103.82936239242554,
              1.4087366072912084
            ],
            [
              103.83545637130737,
              1.4095946545969806
            ]
          ]
        ]
      },
      "properties": {
        "id": "a92a93982f"
      }
    },
    {
      "type": "Feature",
      "geometry": {
        "type": "Polygon",
        "coordinates": [
          [
            [
              103.83869647979736,
              1.4097233616655802
            ],
            [
              103.83547782897949,
              1.4095946545969806
            ],
            [
              103.83869647979736,
              1.4097233616655802
            ]
          ]
        ]
      },
      "properties": {
        "id": "616e4140ed"
      }
    },
    {
      "type": "Feature",
      "geometry": {
        "type": "Polygon",
        "coordinates": [
          [
            [
              103.84234428405762,
              1.4076854989110006
            ],
            [
              103.83871793746948,
              1.4097233616655802
            ],
            [
              103.84234428405762,
              1.4076854989110006
            ]
          ]
        ]
      },
      "properties": {
        "id": "10007f3578"
      }
    },
    {
      "type": "Feature",
      "geometry": {
        "type": "Polygon",
        "coordinates": [
          [
            [
              103.84908199310303,
              1.410946078462301
            ],
            [
              103.84236574172974,
              1.4077284013031408
            ],
            [
              103.84908199310303,
              1.410946078462301
            ]
          ]
        ]
      },
      "properties": {
        "id": "b9cc7ea345"
      }
    },
    {
      "type": "Feature",
      "geometry": {
        "type": "Polygon",
        "coordinates": [
          [
            [
              103.84923219680786,
              1.4126621711279692
            ],
            [
              103.84910345077515,
              1.410946078462301
            ],
            [
              103.84923219680786,
              1.4126621711279692
            ]
          ]
        ]
      },
      "properties": {
        "id": "2ace1c47aa"
      }
    },
    {
      "type": "Feature",
      "geometry": {
        "type": "Polygon",
        "coordinates": [
          [
            [
              103.85345935821533,
              1.418990251866028
            ],
            [
              103.85253667831421,
              1.417553028266029
            ],
            [
              103.85234355926514,
              1.4156867813646585
            ],
            [
              103.84923219680786,
              1.4126192688269583
            ],
            [
              103.85345935821533,
              1.418990251866028
            ]
          ]
        ]
      },
      "properties": {
        "id": "ba0fc8e6d8"
      }
    },
    {
      "type": "Feature",
      "geometry": {
        "type": "Polygon",
        "coordinates": [
          [
            [
              103.8573431968689,
              1.4252754132249603
            ],
            [
              103.85695695877075,
              1.4245889800530025
            ],
            [
              103.85665655136108,
              1.4232804662522744
            ],
            [
              103.85620594024658,
              1.4217574410577096
            ],
            [
              103.85339498519897,
              1.418882996404318
            ],
            [
              103.8573431968689,
              1.4252754132249603
            ]
          ]
        ]
      },
      "properties": {
        "id": "6cdaccc211"
      }
    },
    {
      "type": "Feature",
      "geometry": {
        "type": "Polygon",
        "coordinates": [
          [
            [
              103.83601427078247,
              1.445932665314199
            ],
            [
              103.83779525756836,
              1.4470481086996092
            ],
            [
              103.83788108825684,
              1.4470910103573211
            ],
            [
              103.83931875228882,
              1.4457825094320003
            ],
            [
              103.83942604064941,
              1.4457396077495308
            ],
            [
              103.84013414382935,
              1.4457825094320003
            ],
            [
              103.8433313369751,
              1.4441951466413279
            ],
            [
              103.84607791900635,
              1.437695527987949
            ],
            [
              103.84341716766357,
              1.4351643183526968
            ],
            [
              103.84528398513794,
              1.4332122818898425
            ],
            [
              103.84674310684204,
              1.4331264780510902
            ],
            [
              103.84918928146362,
              1.4307883222082156
            ],
            [
              103.8499402999878,
              1.4311315378941167
            ],
            [
              103.85064840316772,
              1.4311744398512332
            ],
            [
              103.85116338729858,
              1.4308955771155547
            ],
            [
              103.85502576828003,
              1.4276779277147875
            ],
            [
              103.8558840751648,
              1.4266911809957818
            ],
            [
              103.85650634765625,
              1.4258116889981802
            ],
            [
              103.85727882385254,
              1.4253183152914117
            ],
            [
              103.85735392570496,
              1.4252539621914357
            ],
            [
              103.83601427078247,
              1.445932665314199
            ]
          ]
        ]
      },
      "properties": {
        "id": "8a9b59f421"
      }
    },
    {
      "type": "Feature",
      "geometry": {
        "type": "Polygon",
        "coordinates": [
          [
            [
              103.84491920471191,
              1.4588245831989024
            ],
            [
              103.8477087020874,
              1.4570656236984867
            ],
            [
              103.8502836227417,
              1.4558643822746382
            ],
            [
              103.85122776031494,
              1.4549205492782697
            ],
            [
              103.85234355926514,
              1.4520032447940046
            ],
            [
              103.85204315185547,
              1.451102311765532
            ],
            [
              103.84818077087402,
              1.44900013330388
            ],
            [
              103.84732246398926,
              1.449386247861556
            ],
            [
              103.84685039520264,
              1.45028718157339
            ],
            [
              103.8462495803833,
              1.453290291354577
            ],
            [
              103.84586334228516,
              1.4531186851888667
            ],
            [
              103.84612083435059,
              1.4505445911394703
            ],
            [
              103.84594917297363,
              1.4498152639595179
            ],
            [
              103.84556293487549,
              1.4483137072610843
            ],
            [
              103.84577751159668,
              1.4477988875925292
            ],
            [
              103.8473653793335,
              1.4461686245376477
            ],
            [
              103.84749412536621,
              1.4461257228624935
            ],
            [
              103.84757995605469,
              1.446468936241055
            ],
            [
              103.84633541107178,
              1.4482279039911043
            ],
            [
              103.84796619415283,
              1.4478417892360302
            ],
            [
              103.84903907775879,
              1.4477130843030588
            ],
            [
              103.85088443756104,
              1.4482279039911043
            ],
            [
              103.85187149047852,
              1.4490859365446116
            ],
            [
              103.85311603546143,
              1.4491717397820862
            ],
            [
              103.85440349578857,
              1.4486569203084736
            ],
            [
              103.85496139526367,
              1.4482279039911043
            ],
            [
              103.85594844818115,
              1.4463831329012808
            ],
            [
              103.85646343231201,
              1.443937736354597
            ],
            [
              103.84491920471191,
              1.4588245831989024
            ]
          ]
        ]
      },
      "properties": {
        "id": "5844ff7d5c"
      }
    },
    {
      "type": "Feature",
      "geometry": {
        "type": "Polygon",
        "coordinates": [
          [
            [
              103.85852336883545,
              1.4404626946325896
            ],
            [
              103.85942459106445,
              1.4390469353736322
            ],
            [
              103.85998249053955,
              1.4384248590576307
            ],
            [
              103.86124849319458,
              1.4373308623664507
            ],
            [
              103.8623857498169,
              1.435679140878993
            ],
            [
              103.8627290725708,
              1.434864005159594
            ],
            [
              103.86264324188232,
              1.4337914577178381
            ],
            [
              103.86219263076782,
              1.4325473020558737
            ],
            [
              103.8618278503418,
              1.431817969112298
            ],
            [
              103.86101245880127,
              1.4310028320183905
            ],
            [
              103.860604763031,
              1.430659616313228
            ],
            [
              103.8602614402771,
              1.430659616313228
            ],
            [
              103.8599181175232,
              1.4303593025291017
            ],
            [
              103.8599181175232,
              1.4300589887056512
            ],
            [
              103.86004686355591,
              1.429801576825717
            ],
            [
              103.86000394821167,
              1.4290936940070453
            ],
            [
              103.86000394821167,
              1.4288148310185764
            ],
            [
              103.85871648788452,
              1.4278924378155506
            ],
            [
              103.85830879211426,
              1.4280854968886667
            ],
            [
              103.85798692703247,
              1.427956790841725
            ],
            [
              103.85833024978638,
              1.4278280847875697
            ],
            [
              103.85787963867188,
              1.4267984360949213
            ],
            [
              103.85796546936035,
              1.4264981218060666
            ],
            [
              103.8573431968689,
              1.4252539621919065
            ],
            [
              103.85852336883545,
              1.4404626946325896
            ]
          ]
        ]
      },
      "properties": {
        "id": "f39ee3c425"
      }
    },
    {
      "type": "Feature",
      "geometry": {
        "type": "Polygon",
        "coordinates": [
          [
            [
              103.84734392166138,
              1.4371592549948267
            ],
            [
              103.84886741638184,
              1.437481018806137
            ],
            [
              103.8523006439209,
              1.4390898371823186
            ],
            [
              103.85335206985474,
              1.4400336767682493
            ],
            [
              103.8561201095581,
              1.4432942105106694
            ],
            [
              103.85646343231201,
              1.4438948346378289
            ],
            [
              103.84734392166138,
              1.4371592549948267
            ]
          ]
        ]
      },
      "properties": {
        "id": "e603599fc9"
      }
    },
    {
      "type": "Feature",
      "geometry": {
        "type": "Polygon",
        "coordinates": [
          [
            [
              103.84848117828369,
              1.4367087855828315
            ],
            [
              103.84766578674316,
              1.436794589287199
            ],
            [
              103.8473653793335,
              1.4371163531498818
            ],
            [
              103.84848117828369,
              1.4367087855828315
            ]
          ]
        ]
      },
      "properties": {
        "id": "a98085f947"
      }
    },
    {
      "type": "Feature",
      "geometry": {
        "type": "Polygon",
        "coordinates": [
          [
            [
              103.84755849838257,
              1.4354431805690924
            ],
            [
              103.84833097457886,
              1.4358936502305828
            ],
            [
              103.84858846664429,
              1.4363655707331235
            ],
            [
              103.84852409362793,
              1.4367302365092223
            ],
            [
              103.84755849838257,
              1.4354431805690924
            ]
          ]
        ]
      },
      "properties": {
        "id": "e04bd9cea5"
      }
    },
    {
      "type": "Feature",
      "geometry": {
        "type": "Polygon",
        "coordinates": [
          [
            [
              103.848717212677,
              1.4336198500805741
            ],
            [
              103.8476014137268,
              1.4346494957115188
            ],
            [
              103.84755849838257,
              1.4354646315073658
            ],
            [
              103.848717212677,
              1.4336198500805741
            ]
          ]
        ]
      },
      "properties": {
        "id": "8db7a5b421"
      }
    },
    {
      "type": "Feature",
      "geometry": {
        "type": "Polygon",
        "coordinates": [
          [
            [
              103.85815858840942,
              1.4408059088660077
            ],
            [
              103.85852336883545,
              1.4404412437413503
            ],
            [
              103.85815858840942,
              1.4408059088660077
            ]
          ]
        ]
      },
      "properties": {
        "id": "f2d129a94c"
      }
    },
    {
      "type": "Feature",
      "geometry": {
        "type": "Polygon",
        "coordinates": [
          [
            [
              103.85699987411499,
              1.4403339892818077
            ],
            [
              103.85815858840942,
              1.4408059088660077
            ],
            [
              103.85852336883545,
              1.4404412437413503
            ],
            [
              103.85699987411499,
              1.4403339892818077
            ]
          ]
        ]
      },
      "properties": {
        "id": "d38f029ca5"
      }
    },
    {
      "type": "Feature",
      "geometry": {
        "type": "Polygon",
        "coordinates": [
          [
            [
              103.8493824005127,
              1.4342633786542065
            ],
            [
              103.8489317893982,
              1.4335983991250112
            ],
            [
              103.848717212677,
              1.4336198500805741
            ],
            [
              103.8476014137268,
              1.4346494957115188
            ],
            [
              103.84755849838257,
              1.4354646315073658
            ],
            [
              103.8493824005127,
              1.4342633786542065
            ]
          ]
        ]
      },
      "properties": {
        "id": "1779c1dd43"
      }
    },
    {
      "type": "Feature",
      "geometry": {
        "type": "Polygon",
        "coordinates": [
          [
            [
              103.85215044021606,
              1.434349182450352
            ],
            [
              103.85206460952759,
              1.433448242430397
            ],
            [
              103.85189294815063,
              1.4332766347673322
            ],
            [
              103.85047674179077,
              1.4336198500805741
            ],
            [
              103.8498330116272,
              1.4340059672464704
            ],
            [
              103.84942531585693,
              1.4343062805526865
            ],
            [
              103.85215044021606,
              1.434349182450352
            ]
          ]
        ]
      },
      "properties": {
        "id": "b6b1b8dbbd"
      }
    },
    {
      "type": "Feature",
      "geometry": {
        "type": "Polygon",
        "coordinates": [
          [
            [
              103.85665655136108,
              1.4380387426383252
            ],
            [
              103.85706424713135,
              1.4393901498202366
            ],
            [
              103.85676383972168,
              1.4402910874965809
            ],
            [
              103.85697841644287,
              1.4403339892818077
            ],
            [
              103.85665655136108,
              1.4380387426383252
            ]
          ]
        ]
      },
      "properties": {
        "id": "149cc5e2ae"
      }
    },
    {
      "type": "Feature",
      "geometry": {
        "type": "Polygon",
        "coordinates": [
          [
            [
              103.85352373123169,
              1.4358507483618856
            ],
            [
              103.85472536087036,
              1.4365586290924215
            ],
            [
              103.85519742965698,
              1.4371163531498818
            ],
            [
              103.85661363601685,
              1.4380387426383252
            ],
            [
              103.85352373123169,
              1.4358507483618856
            ]
          ]
        ]
      },
      "properties": {
        "id": "54cbee1026"
      }
    },
    {
      "type": "Feature",
      "geometry": {
        "type": "Polygon",
        "coordinates": [
          [
            [
              103.85236501693726,
              1.4349283579901642
            ],
            [
              103.85352373123169,
              1.4358721992963297
            ],
            [
              103.85236501693726,
              1.4349283579901642
            ]
          ]
        ]
      },
      "properties": {
        "id": "f0aa28255f"
      }
    },
    {
      "type": "Feature",
      "geometry": {
        "type": "Polygon",
        "coordinates": [
          [
            [
              103.85215044021606,
              1.4343706333988924
            ],
            [
              103.85236501693726,
              1.4349069070468656
            ],
            [
              103.85215044021606,
              1.4343706333988924
            ]
          ]
        ]
      },
      "properties": {
        "id": "63e545c98b"
      }
    },
    {
      "type": "Feature",
      "geometry": {
        "type": "Polygon",
        "coordinates": [
          [
            [
              103.7094783782959,
              1.3144996812867444
            ],
            [
              103.7094783782959,
              1.3148858177110394
            ],
            [
              103.7094783782959,
              1.3144996812867444
            ]
          ]
        ]
      },
      "properties": {
        "id": "0263ebb72d"
      }
    },
    {
      "type": "Feature",
      "geometry": {
        "type": "Polygon",
        "coordinates": [
          [
            [
              103.71218204498291,
              1.3088363402127747
            ],
            [
              103.71219277381897,
              1.3084502028549998
            ],
            [
              103.71218204498291,
              1.3088363402127747
            ]
          ]
        ]
      },
      "properties": {
        "id": "657cdb8ffc"
      }
    },
    {
      "type": "Feature",
      "geometry": {
        "type": "Polygon",
        "coordinates": [
          [
            [
              103.72143030166626,
              1.3037950978136987
            ],
            [
              103.71582984924316,
              1.3084072987004634
            ],
            [
              103.71273994445801,
              1.3084287507778207
            ],
            [
              103.71270775794983,
              1.3088363402127747
            ],
            [
              103.71267557144165,
              1.3088470662496468
            ],
            [
              103.71219277381897,
              1.3088256141758645
            ],
            [
              103.72143030166626,
              1.3037950978136987
            ]
          ]
        ]
      },
      "properties": {
        "id": "b41279e8a0"
      }
    },
    {
      "type": "Feature",
      "geometry": {
        "type": "Polygon",
        "coordinates": [
          [
            [
              103.72784614562988,
              1.3002340439050304
            ],
            [
              103.7224817276001,
              1.3027868481213365
            ],
            [
              103.72145175933838,
              1.3037521935798138
            ],
            [
              103.72155904769897,
              1.303644932991584
            ],
            [
              103.72784614562988,
              1.3002340439050304
            ]
          ]
        ]
      },
      "properties": {
        "id": "e636d033ed"
      }
    },
    {
      "type": "Feature",
      "geometry": {
        "type": "Polygon",
        "coordinates": [
          [
            [
              103.72634410858154,
              1.3054040060611345
            ],
            [
              103.7280821800232,
              1.3002554960520545
            ],
            [
              103.727867603302,
              1.3002340439050304
            ],
            [
              103.72634410858154,
              1.3054040060611345
            ]
          ]
        ]
      },
      "properties": {
        "id": "38012a6b93"
      }
    },
    {
      "type": "Feature",
      "geometry": {
        "type": "Polygon",
        "coordinates": [
          [
            [
              103.72412323951721,
              1.3047604428856752
            ],
            [
              103.7259578704834,
              1.3053718279062705
            ],
            [
              103.72632265090942,
              1.3054790884208767
            ],
            [
              103.72633337974548,
              1.3054361842155915
            ],
            [
              103.72412323951721,
              1.3047604428856752
            ]
          ]
        ]
      },
      "properties": {
        "id": "33312c3c77"
      }
    },
    {
      "type": "Feature",
      "geometry": {
        "type": "Polygon",
        "coordinates": [
          [
            [
              103.72477769851685,
              1.308771983991008
            ],
            [
              103.72314691543579,
              1.3054683623698957
            ],
            [
              103.72409105300903,
              1.304781894994418
            ],
            [
              103.72477769851685,
              1.308771983991008
            ]
          ]
        ]
      },
      "properties": {
        "id": "15f13dec02"
      }
    },
    {
      "type": "Feature",
      "geometry": {
        "type": "Polygon",
        "coordinates": [
          [
            [
              103.73275995254517,
              1.326276815281239
            ],
            [
              103.73306035995483,
              1.3252900265991396
            ],
            [
              103.73164415359497,
              1.3219006190026952
            ],
            [
              103.72885465621948,
              1.317696030998926
            ],
            [
              103.72688055038452,
              1.314349517106033
            ],
            [
              103.72645139694214,
              1.3132769155497348
            ],
            [
              103.72477769851685,
              1.3087290798419422
            ],
            [
              103.73275995254517,
              1.326276815281239
            ]
          ]
        ]
      },
      "properties": {
        "id": "f4eccee425"
      }
    },
    {
      "type": "Feature",
      "geometry": {
        "type": "Polygon",
        "coordinates": [
          [
            [
              103.73181581497192,
              1.3284863624247778
            ],
            [
              103.7328028678894,
              1.3262124595097369
            ],
            [
              103.73181581497192,
              1.3284863624247778
            ]
          ]
        ]
      },
      "properties": {
        "id": "db9ef9540b"
      }
    },
    {
      "type": "Feature",
      "geometry": {
        "type": "Polygon",
        "coordinates": [
          [
            [
              103.72855424880981,
              1.3326909321109566
            ],
            [
              103.72769594192505,
              1.3291728232710602
            ],
            [
              103.7284255027771,
              1.328593621944583
            ],
            [
              103.72945547103882,
              1.3284220067106658
            ],
            [
              103.73072147369385,
              1.328615073848002
            ],
            [
              103.73153686523438,
              1.3287008814597319
            ],
            [
              103.7317943572998,
              1.328529266233257
            ],
            [
              103.72855424880981,
              1.3326909321109566
            ]
          ]
        ]
      },
      "properties": {
        "id": "3b7a53035c"
      }
    },
    {
      "type": "Feature",
      "geometry": {
        "type": "Polygon",
        "coordinates": [
          [
            [
              103.7230396270752,
              1.3440174922230357
            ],
            [
              103.72196674346924,
              1.3427303857567794
            ],
            [
              103.72224569320679,
              1.342151187625831
            ],
            [
              103.72288942337036,
              1.3414003750296672
            ],
            [
              103.72329711914062,
              1.3411644053090142
            ],
            [
              103.72497081756592,
              1.3414647304040834
            ],
            [
              103.72555017471313,
              1.3410785981322189
            ],
            [
              103.72602224349976,
              1.340370688808929
            ],
            [
              103.72733116149902,
              1.3397056828945517
            ],
            [
              103.72748136520386,
              1.339534068435723
            ],
            [
              103.7230396270752,
              1.3440174922230357
            ]
          ]
        ]
      },
      "properties": {
        "id": "e34740aeab"
      }
    },
    {
      "type": "Feature",
      "geometry": {
        "type": "Polygon",
        "coordinates": [
          [
            [
              103.6517545580864,
              1.2994322697737208
            ],
            [
              103.65070313215256,
              1.3006764943955305
            ],
            [
              103.65033835172653,
              1.3005048772427847
            ],
            [
              103.649522960186,
              1.3015560321201831
            ],
            [
              103.6517545580864,
              1.2994322697737208
            ]
          ]
        ]
      },
      "properties": {
        "id": "e040e02ad0"
      }
    },
    {
      "type": "Feature",
      "geometry": {
        "type": "Polygon",
        "coordinates": [
          [
            [
              103.65692585706711,
              1.297673192538636
            ],
            [
              103.65375012159348,
              1.3010197286660232
            ],
            [
              103.65179747343063,
              1.2994108176196995
            ],
            [
              103.65692585706711,
              1.297673192538636
            ]
          ]
        ]
      },
      "properties": {
        "id": "7e22f633bf"
      }
    },
    {
      "type": "Feature",
      "geometry": {
        "type": "Polygon",
        "coordinates": [
          [
            [
              103.666453063488,
              1.288791979071228
            ],
            [
              103.66486519575119,
              1.2918381958865452
            ],
            [
              103.65881413221359,
              1.2952705484851355
            ],
            [
              103.65907162427902,
              1.2961286359088342
            ],
            [
              103.65817040205002,
              1.2972870534695573
            ],
            [
              103.6565825343132,
              1.2958283053435926
            ],
            [
              103.666453063488,
              1.288791979071228
            ]
          ]
        ]
      },
      "properties": {
        "id": "aebc16dc15"
      }
    },
    {
      "type": "Feature",
      "geometry": {
        "type": "Polygon",
        "coordinates": [
          [
            [
              103.65688294172287,
              1.2976731925386742
            ],
            [
              103.65587443113327,
              1.296772201285848
            ],
            [
              103.6565825343132,
              1.2958497575280583
            ],
            [
              103.65688294172287,
              1.2976731925386742
            ]
          ]
        ]
      },
      "properties": {
        "id": "e32034f7bf"
      }
    },
    {
      "type": "Feature",
      "geometry": {
        "type": "Polygon",
        "coordinates": [
          [
            [
              103.67426365613937,
              1.295163287536778
            ],
            [
              103.66653889417648,
              1.2887276223386517
            ],
            [
              103.67426365613937,
              1.295163287536778
            ]
          ]
        ]
      },
      "properties": {
        "id": "182aebc5fd"
      }
    },
    {
      "type": "Feature",
      "geometry": {
        "type": "Polygon",
        "coordinates": [
          [
            [
              103.66877049207687,
              1.3063184017844764
            ],
            [
              103.66954296827316,
              1.3006979465388524
            ],
            [
              103.67443531751633,
              1.295506522555668
            ],
            [
              103.67426365613937,
              1.2951203831561422
            ],
            [
              103.66877049207687,
              1.3063184017844764
            ]
          ]
        ]
      },
      "properties": {
        "id": "be68e605ad"
      }
    },
    {
      "type": "Feature",
      "geometry": {
        "type": "Polygon",
        "coordinates": [
          [
            [
              103.67258995771408,
              1.306790347836731
            ],
            [
              103.66877049207687,
              1.3062754975935038
            ],
            [
              103.67258995771408,
              1.306790347836731
            ]
          ]
        ]
      },
      "properties": {
        "id": "8569ac6c1a"
      }
    },
    {
      "type": "Feature",
      "geometry": {
        "type": "Polygon",
        "coordinates": [
          [
            [
              103.67842644453049,
              1.296707844755504
            ],
            [
              103.67323368787766,
              1.3020708833289123
            ],
            [
              103.67267578840256,
              1.306790347836731
            ],
            [
              103.67842644453049,
              1.296707844755504
            ]
          ]
        ]
      },
      "properties": {
        "id": "58c12f6339"
      }
    },
    {
      "type": "Feature",
      "geometry": {
        "type": "Polygon",
        "coordinates": [
          [
            [
              103.68078678846359,
              1.3087639394577022
            ],
            [
              103.6820313334465,
              1.2980807837143078
            ],
            [
              103.67842644453049,
              1.296707844755504
            ],
            [
              103.67323368787766,
              1.3020708833289123
            ],
            [
              103.67267578840256,
              1.306790347836731
            ],
            [
              103.68078678846359,
              1.3087639394577022
            ]
          ]
        ]
      },
      "properties": {
        "id": "a9abc23195"
      }
    },
    {
      "type": "Feature",
      "geometry": {
        "type": "Polygon",
        "coordinates": [
          [
            [
              103.68135541677475,
              1.3100081594644635
            ],
            [
              103.68125885725021,
              1.3099223512079843
            ],
            [
              103.68140906095505,
              1.3094289536761006
            ],
            [
              103.68128031492233,
              1.3092358850502774
            ],
            [
              103.68078678846359,
              1.3089355560472098
            ],
            [
              103.68078678846359,
              1.3086995832338617
            ],
            [
              103.68135541677475,
              1.3100081594644635
            ]
          ]
        ]
      },
      "properties": {
        "id": "1aa674e319"
      }
    },
    {
      "type": "Feature",
      "geometry": {
        "type": "Polygon",
        "coordinates": [
          [
            [
              103.68173092603683,
              1.3097721867519643
            ],
            [
              103.68136614561081,
              1.310008159464349
            ],
            [
              103.68173092603683,
              1.3097721867519643
            ]
          ]
        ]
      },
      "properties": {
        "id": "078e0afc50"
      }
    },
    {
      "type": "Feature",
      "geometry": {
        "type": "Polygon",
        "coordinates": [
          [
            [
              103.6837586760521,
              1.2990890352877518
            ],
            [
              103.6829861998558,
              1.3053959615176125
            ],
            [
              103.68247121572495,
              1.3089999122652998
            ],
            [
              103.68193477392197,
              1.3093216933303689
            ],
            [
              103.68179529905319,
              1.3097400086532178
            ],
            [
              103.6817416548729,
              1.3097721867520788
            ],
            [
              103.6837586760521,
              1.2990890352877518
            ]
          ]
        ]
      },
      "properties": {
        "id": "f0ccb8b728"
      }
    },
    {
      "type": "Feature",
      "geometry": {
        "type": "Polygon",
        "coordinates": [
          [
            [
              103.68378013372421,
              1.2990890352877518
            ],
            [
              103.68895143270493,
              1.3000329300128726
            ],
            [
              103.69925111532211,
              1.2994322697740643
            ],
            [
              103.70234102010727,
              1.3017491013361009
            ],
            [
              103.70817750692368,
              1.3020065269338816
            ],
            [
              103.71092408895493,
              1.301663292797672
            ],
            [
              103.71083825826645,
              1.2926533800493671
            ],
            [
              103.685003221035,
              1.2904223490884308
            ],
            [
              103.68378013372421,
              1.2990890352877518
            ]
          ]
        ]
      },
      "properties": {
        "id": "b5ab69cd45"
      }
    },
    {
      "type": "Feature",
      "geometry": {
        "type": "Polygon",
        "coordinates": [
          [
            [
              103.65633577108383,
              1.2713726976942
            ],
            [
              103.685003221035,
              1.2903365401662235
            ],
            [
              103.65633577108383,
              1.2713726976942
            ]
          ]
        ]
      },
      "properties": {
        "id": "70ba586b8b"
      }
    },
    {
      "type": "Feature",
      "geometry": {
        "type": "Polygon",
        "coordinates": [
          [
            [
              103.66569131612778,
              1.241596610459826
            ],
            [
              103.65659326314926,
              1.2711152690053142
            ],
            [
              103.66569131612778,
              1.241596610459826
            ]
          ]
        ]
      },
      "properties": {
        "id": "8b5d7b910d"
      }
    },
    {
      "type": "Feature",
      "geometry": {
        "type": "Polygon",
        "coordinates": [
          [
            [
              103.68938058614731,
              1.238249997408561
            ],
            [
              103.67375940084457,
              1.2224607918538901
            ],
            [
              103.67238610982895,
              1.2224607918538901
            ],
            [
              103.66569131612778,
              1.2415966104598004
            ],
            [
              103.65659326314926,
              1.2711152690053142
            ],
            [
              103.68938058614731,
              1.238249997408561
            ]
          ]
        ]
      },
      "properties": {
        "id": "ea86fadcf5"
      }
    },
    {
      "type": "Feature",
      "geometry": {
        "type": "Polygon",
        "coordinates": [
          [
            [
              103.69332879781723,
              1.2611613400705255
            ],
            [
              103.69616121053696,
              1.2507783219122557
            ],
            [
              103.70706170797348,
              1.2548972100836244
            ],
            [
              103.71375650167465,
              1.2585870418965013
            ],
            [
              103.69332879781723,
              1.2611613400705255
            ]
          ]
        ]
      },
      "properties": {
        "id": "25f259cd7d"
      }
    },
    {
      "type": "Feature",
      "geometry": {
        "type": "Polygon",
        "coordinates": [
          [
            [
              103.68577569723129,
              1.2578147519485499
            ],
            [
              103.68011087179184,
              1.2633065866039783
            ],
            [
              103.68483155965805,
              1.2681119324067758
            ],
            [
              103.68577569723129,
              1.2578147519485499
            ]
          ]
        ]
      },
      "properties": {
        "id": "42987bd73c"
      }
    },
    {
      "type": "Feature",
      "geometry": {
        "type": "Polygon",
        "coordinates": [
          [
            [
              103.68586152791977,
              1.2577289419402213
            ],
            [
              103.68989557027817,
              1.2433986311179364
            ],
            [
              103.69041055440903,
              1.2404810732462206
            ],
            [
              103.68946641683578,
              1.2383358080524534
            ],
            [
              103.68586152791977,
              1.2577289419402213
            ]
          ]
        ]
      },
      "properties": {
        "id": "cb4381dfd2"
      }
    },
    {
      "type": "Feature",
      "geometry": {
        "type": "Polygon",
        "coordinates": [
          [
            [
              103.69324296712875,
              1.2610755301723842
            ],
            [
              103.685003221035,
              1.2682835517349444
            ],
            [
              103.69324296712875,
              1.2610755301723842
            ]
          ]
        ]
      },
      "properties": {
        "id": "99fbd4f42c"
      }
    },
    {
      "type": "Feature",
      "geometry": {
        "type": "Polygon",
        "coordinates": [
          [
            [
              103.73169511556625,
              1.2788381184844733
            ],
            [
              103.72663110494614,
              1.2841582901715711
            ],
            [
              103.72560113668442,
              1.2884487431454856
            ],
            [
              103.72259706258774,
              1.2906797758376998
            ],
            [
              103.71813386678696,
              1.2918811003229933
            ],
            [
              103.71701806783676,
              1.290593966924169
            ],
            [
              103.7121257185936,
              1.2920527180602488
            ],
            [
              103.73169511556625,
              1.2788381184844733
            ]
          ]
        ]
      },
      "properties": {
        "id": "41acd2bc0b"
      }
    },
    {
      "type": "Feature",
      "geometry": {
        "type": "Polygon",
        "coordinates": [
          [
            [
              103.73221009969711,
              1.269484886713295
            ],
            [
              103.73658746480942,
              1.2704287923761655
            ],
            [
              103.73941987752914,
              1.2719733645350637
            ],
            [
              103.74010652303696,
              1.2736037452553162
            ],
            [
              103.73607248067856,
              1.2780658345799574
            ],
            [
              103.73178094625473,
              1.2789239277928508
            ],
            [
              103.73221009969711,
              1.269484886713295
            ]
          ]
        ]
      },
      "properties": {
        "id": "4e0fbdee92"
      }
    },
    {
      "type": "Feature",
      "geometry": {
        "type": "Polygon",
        "coordinates": [
          [
            [
              103.72645944356918,
              1.2716301263573866
            ],
            [
              103.73212426900864,
              1.2695706963332654
            ],
            [
              103.72645944356918,
              1.2716301263573866
            ]
          ]
        ]
      },
      "properties": {
        "id": "219fae3805"
      }
    },
    {
      "type": "Feature",
      "geometry": {
        "type": "Polygon",
        "coordinates": [
          [
            [
              103.73023599386215,
              1.263821445508556
            ],
            [
              103.72954934835434,
              1.2671680258985523
            ],
            [
              103.72405618429184,
              1.2690558385707995
            ],
            [
              103.7263736128807,
              1.2716301263573866
            ],
            [
              103.73023599386215,
              1.263821445508556
            ]
          ]
        ]
      },
      "properties": {
        "id": "e96389c257"
      }
    },
    {
      "type": "Feature",
      "geometry": {
        "type": "Polygon",
        "coordinates": [
          [
            [
              103.71203988790512,
              1.2660524995817306
            ],
            [
              103.72268289327621,
              1.2602174310354277
            ],
            [
              103.72422784566879,
              1.2602174310354277
            ],
            [
              103.72972100973129,
              1.262963347277574
            ],
            [
              103.7304076552391,
              1.263649825885028
            ],
            [
              103.71203988790512,
              1.2660524995817306
            ]
          ]
        ]
      },
      "properties": {
        "id": "363cddac29"
      }
    },
    {
      "type": "Feature",
      "geometry": {
        "type": "Polygon",
        "coordinates": [
          [
            [
              103.70689004659653,
              1.2687984096511202
            ],
            [
              103.7121257185936,
              1.2660524995817306
            ],
            [
              103.70689004659653,
              1.2687984096511202
            ]
          ]
        ]
      },
      "properties": {
        "id": "ea95d55f1f"
      }
    },
    {
      "type": "Feature",
      "geometry": {
        "type": "Polygon",
        "coordinates": [
          [
            [
              103.7135848402977,
              1.2586728518765993
            ],
            [
              103.71427148580551,
              1.2591877116979144
            ],
            [
              103.7139281630516,
              1.2602174310354277
            ],
            [
              103.71229737997055,
              1.2611613400705255
            ],
            [
              103.70483011007309,
              1.2658808801057677
            ],
            [
              103.70680421590805,
              1.2687984096511202
            ],
            [
              103.7135848402977,
              1.2586728518765993
            ]
          ]
        ]
      },
      "properties": {
        "id": "b4677a3032"
      }
    },
    {
      "type": "Feature",
      "geometry": {
        "type": "Polygon",
        "coordinates": [
          [
            [
              103.71195405721664,
              1.2994322697740897
            ],
            [
              103.71203988790512,
              1.2924817623527212
            ],
            [
              103.71195405721664,
              1.2994322697740897
            ]
          ]
        ]
      },
      "properties": {
        "id": "0752c58280"
      }
    },
    {
      "type": "Feature",
      "geometry": {
        "type": "Polygon",
        "coordinates": [
          [
            [
              103.72075170278549,
              1.300461972953164
            ],
            [
              103.72027963399887,
              1.2996896956082493
            ],
            [
              103.71203988790512,
              1.2994322697740897
            ],
            [
              103.72075170278549,
              1.300461972953164
            ]
          ]
        ]
      },
      "properties": {
        "id": "22afed0edf"
      }
    },
    {
      "type": "Feature",
      "geometry": {
        "type": "Polygon",
        "coordinates": [
          [
            [
              103.7126836180687,
              1.306511470635114
            ],
            [
              103.7121257185936,
              1.3083992541667504
            ],
            [
              103.7126836180687,
              1.306511470635114
            ]
          ]
        ]
      },
      "properties": {
        "id": "e39c510f5f"
      }
    },
    {
      "type": "Feature",
      "geometry": {
        "type": "Polygon",
        "coordinates": [
          [
            [
              103.72066587209702,
              1.3014487714388776
            ],
            [
              103.7147006392479,
              1.3065543748220412
            ],
            [
              103.71272653341293,
              1.306425662259046
            ],
            [
              103.72066587209702,
              1.3014487714388776
            ]
          ]
        ]
      },
      "properties": {
        "id": "59fa4c37e7"
      }
    },
    {
      "type": "Feature",
      "geometry": {
        "type": "Polygon",
        "coordinates": [
          [
            [
              103.72075170278549,
              1.300461972953164
            ],
            [
              103.72075170278549,
              1.3014058671649176
            ],
            [
              103.72075170278549,
              1.300461972953164
            ]
          ]
        ]
      },
      "properties": {
        "id": "f85458af23"
      }
    },
    {
      "type": "Feature",
      "geometry": {
        "type": "Polygon",
        "coordinates": [
          [
            [
              103.64431947469711,
              1.3618518910836472
            ],
            [
              103.67418855428696,
              1.3610796329608348
            ],
            [
              103.67620557546616,
              1.3620878587940244
            ],
            [
              103.68011087179184,
              1.3646620504964615
            ],
            [
              103.68307203054428,
              1.3664425314791155
            ],
            [
              103.6847671866417,
              1.3667428534424835
            ],
            [
              103.68517488241196,
              1.3658847905902236
            ],
            [
              103.68751376867294,
              1.3631604390044751
            ],
            [
              103.688243329525,
              1.3625812457501312
            ],
            [
              103.69320005178452,
              1.3612297942818075
            ],
            [
              103.69420856237411,
              1.3583981792261959
            ],
            [
              103.69493812322617,
              1.3569394671444779
            ],
            [
              103.69742721319199,
              1.3549659141044366
            ],
            [
              103.69789928197861,
              1.3546441389997523
            ],
            [
              103.64431947469711,
              1.3618518910836472
            ]
          ]
        ]
      },
      "properties": {
        "id": "9a7df5ba33"
      }
    },
    {
      "type": "Feature",
      "geometry": {
        "type": "Polygon",
        "coordinates": [
          [
            [
              103.63032907247543,
              1.329159415830555
            ],
            [
              103.64410489797592,
              1.3621093104069442
            ],
            [
              103.65895360708237,
              1.3871646584170796
            ],
            [
              103.63032907247543,
              1.329159415830555
            ]
          ]
        ]
      },
      "properties": {
        "id": "b741cbc6f3"
      }
    },
    {
      "type": "Feature",
      "geometry": {
        "type": "Polygon",
        "coordinates": [
          [
            [
              103.6176261305809,
              1.2960374641355834
            ],
            [
              103.63050073385239,
              1.3291594158306568
            ],
            [
              103.6176261305809,
              1.2960374641355834
            ]
          ]
        ]
      },
      "properties": {
        "id": "759c264072"
      }
    },
    {
      "type": "Feature",
      "geometry": {
        "type": "Polygon",
        "coordinates": [
          [
            [
              103.60535234212875,
              1.2611988819016215
            ],
            [
              103.61144632101059,
              1.2774169013988224
            ],
            [
              103.61711114645004,
              1.2804202271479799
            ],
            [
              103.61985772848129,
              1.290202463721011
            ],
            [
              103.61711114645004,
              1.2937206273416744
            ],
            [
              103.61771196126938,
              1.2960374641357488
            ],
            [
              103.60535234212875,
              1.2611988819016215
            ]
          ]
        ]
      },
      "properties": {
        "id": "7e968de296"
      }
    },
    {
      "type": "Feature",
      "geometry": {
        "type": "Polygon",
        "coordinates": [
          [
            [
              103.63977044820786,
              1.2654893731352554
            ],
            [
              103.61590951681137,
              1.2539908407179268
            ],
            [
              103.6202010512352,
              1.2445517091691343
            ],
            [
              103.62123101949692,
              1.233396328348932
            ],
            [
              103.61814111471176,
              1.226874699413051
            ],
            [
              103.64457696676254,
              1.2124584107367427
            ],
            [
              103.64183038473129,
              1.209884065368287
            ],
            [
              103.60698312520981,
              1.2191516972249277
            ],
            [
              103.60578149557114,
              1.2224125230813723
            ],
            [
              103.61058801412582,
              1.2409476681972276
            ],
            [
              103.60715478658676,
              1.240604425943568
            ],
            [
              103.60526651144028,
              1.241977394690938
            ],
            [
              103.60912889242172,
              1.2600833530212985
            ],
            [
              103.6051806807518,
              1.260169162952136
            ],
            [
              103.60535234212875,
              1.2613705016869252
            ],
            [
              103.63977044820786,
              1.2654893731352554
            ]
          ]
        ]
      },
      "properties": {
        "id": "bcb5639736"
      }
    },
    {
      "type": "Feature",
      "geometry": {
        "type": "Polygon",
        "coordinates": [
          [
            [
              103.63788217306137,
              1.3161166271615605
            ],
            [
              103.64955514669418,
              1.3017008340351366
            ],
            [
              103.63788217306137,
              1.3161166271615605
            ]
          ]
        ]
      },
      "properties": {
        "id": "b405809e33"
      }
    },
    {
      "type": "Feature",
      "geometry": {
        "type": "Polygon",
        "coordinates": [
          [
            [
              103.63504976034164,
              1.3119978375886463
            ],
            [
              103.6377963423729,
              1.3163740512842892
            ],
            [
              103.63504976034164,
              1.3119978375886463
            ]
          ]
        ]
      },
      "properties": {
        "id": "814bd4e641"
      }
    },
    {
      "type": "Feature",
      "geometry": {
        "type": "Polygon",
        "coordinates": [
          [
            [
              103.65084260702133,
              1.2846248772835667
            ],
            [
              103.63504976034164,
              1.3119978375886463
            ],
            [
              103.6377963423729,
              1.3163740512842892
            ],
            [
              103.65084260702133,
              1.2846248772835667
            ]
          ]
        ]
      },
      "properties": {
        "id": "2c3623d7b1"
      }
    },
    {
      "type": "Feature",
      "geometry": {
        "type": "Polygon",
        "coordinates": [
          [
            [
              103.65101426839828,
              1.2847106863980322
            ],
            [
              103.65015596151352,
              1.2821364117111067
            ],
            [
              103.64886850118637,
              1.2805918456560872
            ],
            [
              103.64680856466293,
              1.2792188972701577
            ],
            [
              103.64097207784653,
              1.279476325148498
            ],
            [
              103.63968461751938,
              1.2655751828876767
            ],
            [
              103.65101426839828,
              1.2847106863980322
            ]
          ]
        ]
      },
      "properties": {
        "id": "11942bdf3e"
      }
    },
    {
      "type": "Feature",
      "geometry": {
        "type": "Polygon",
        "coordinates": [
          [
            [
              103.72927039861679,
              1.4039181295247798
            ],
            [
              103.72798293828964,
              1.4036607147400069
            ],
            [
              103.72656673192978,
              1.4009578577899564
            ],
            [
              103.72678130865097,
              1.3981262900216613
            ],
            [
              103.72626632452011,
              1.395595037155521
            ],
            [
              103.72085899114609,
              1.391948312136095
            ],
            [
              103.72927039861679,
              1.4039181295247798
            ]
          ]
        ]
      },
      "properties": {
        "id": "471a7435ac"
      }
    },
    {
      "type": "Feature",
      "geometry": {
        "type": "Polygon",
        "coordinates": [
          [
            [
              103.7334331870079,
              1.395294718837972
            ],
            [
              103.73321861028671,
              1.3969679204044032
            ],
            [
              103.72927039861679,
              1.4039181295247798
            ],
            [
              103.72798293828964,
              1.4036607147400069
            ],
            [
              103.72656673192978,
              1.4009578577899564
            ],
            [
              103.72678130865097,
              1.3981262900216613
            ],
            [
              103.72626632452011,
              1.395595037155521
            ],
            [
              103.72085899114609,
              1.391948312136095
            ],
            [
              103.7334331870079,
              1.395294718837972
            ]
          ]
        ]
      },
      "properties": {
        "id": "8bbb3836e9"
      }
    },
    {
      "type": "Feature",
      "geometry": {
        "type": "Polygon",
        "coordinates": [
          [
            [
              103.73311132192612,
              1.3878081998376086
            ],
            [
              103.73386234045029,
              1.3914978339479063
            ],
            [
              103.7334331870079,
              1.395273267528108
            ],
            [
              103.73311132192612,
              1.3878081998376086
            ]
          ]
        ]
      },
      "properties": {
        "id": "7a979b87ec"
      }
    },
    {
      "type": "Feature",
      "geometry": {
        "type": "Polygon",
        "coordinates": [
          [
            [
              103.7171682715416,
              1.3917552500669725
            ],
            [
              103.72083753347397,
              1.3919483121370873
            ],
            [
              103.7171682715416,
              1.3917552500669725
            ]
          ]
        ]
      },
      "properties": {
        "id": "860f52150c"
      }
    },
    {
      "type": "Feature",
      "geometry": {
        "type": "Polygon",
        "coordinates": [
          [
            [
              103.71326297521591,
              1.3885804493152534
            ],
            [
              103.71401399374008,
              1.388601900686006
            ],
            [
              103.71420711278915,
              1.3890309280601283
            ],
            [
              103.71684640645981,
              1.3916265420114469
            ],
            [
              103.71714681386948,
              1.3917552500669725
            ],
            [
              103.71326297521591,
              1.3885804493152534
            ]
          ]
        ]
      },
      "properties": {
        "id": "68dd5e8f20"
      }
    },
    {
      "type": "Feature",
      "geometry": {
        "type": "Polygon",
        "coordinates": [
          [
            [
              103.71324151754379,
              1.388580449317149
            ],
            [
              103.7167176604271,
              1.3921842768698929
            ],
            [
              103.71324151754379,
              1.388580449317149
            ]
          ]
        ]
      },
      "properties": {
        "id": "a41447f39f"
      }
    },
    {
      "type": "Feature",
      "geometry": {
        "type": "Polygon",
        "coordinates": [
          [
            [
              103.7328752875328,
              1.3798497252898516
            ],
            [
              103.73255342245102,
              1.3802573028017713
            ],
            [
              103.7324246764183,
              1.3804503658093608
            ],
            [
              103.7325319647789,
              1.3838396916092668
            ],
            [
              103.73311132192612,
              1.3878081998387664
            ],
            [
              103.73386234045029,
              1.3914978339479063
            ],
            [
              103.7334331870079,
              1.395273267528108
            ],
            [
              103.7328752875328,
              1.3798497252898516
            ]
          ]
        ]
      },
      "properties": {
        "id": "967b6d55a7"
      }
    },
    {
      "type": "Feature",
      "geometry": {
        "type": "Polygon",
        "coordinates": [
          [
            [
              103.70380014181137,
              1.3613156007504967
            ],
            [
              103.69787782430649,
              1.3547084940278442
            ],
            [
              103.70380014181137,
              1.3613156007504967
            ]
          ]
        ]
      },
      "properties": {
        "id": "6b9162e1a1"
      }
    },
    {
      "type": "Feature",
      "geometry": {
        "type": "Polygon",
        "coordinates": [
          [
            [
              103.70568841695786,
              1.3624096329110063
            ],
            [
              103.70455116033554,
              1.3619591491403589
            ],
            [
              103.70380014181137,
              1.3613370523662665
            ],
            [
              103.70568841695786,
              1.3624096329110063
            ]
          ]
        ]
      },
      "properties": {
        "id": "6c2327802a"
      }
    },
    {
      "type": "Feature",
      "geometry": {
        "type": "Polygon",
        "coordinates": [
          [
            [
              103.71701806783676,
              1.3556738191880597
            ],
            [
              103.71431440114975,
              1.356982370457274
            ],
            [
              103.70873540639877,
              1.3619162459197225
            ],
            [
              103.7079843878746,
              1.3623023748780088
            ],
            [
              103.70691150426865,
              1.3625168909392205
            ],
            [
              103.70566695928574,
              1.3624310845170309
            ],
            [
              103.71701806783676,
              1.3556738191880597
            ]
          ]
        ]
      },
      "properties": {
        "id": "e52855d905"
      }
    },
    {
      "type": "Feature",
      "geometry": {
        "type": "Polygon",
        "coordinates": [
          [
            [
              103.72306913137436,
              1.3440898919413367
            ],
            [
              103.72476428747177,
              1.3442829578470477
            ],
            [
              103.72650235891342,
              1.3431674657366972
            ],
            [
              103.72729629278183,
              1.3430602068530795
            ],
            [
              103.72796148061752,
              1.343381983489786
            ],
            [
              103.72306913137436,
              1.3440898919413367
            ]
          ]
        ]
      },
      "properties": {
        "id": "d64f6fbf54"
      }
    },
    {
      "type": "Feature",
      "geometry": {
        "type": "Polygon",
        "coordinates": [
          [
            [
              103.70834916830063,
              1.3621951168404693
            ],
            [
              103.70783418416977,
              1.3640399544245339
            ],
            [
              103.70817750692368,
              1.3655415653674674
            ],
            [
              103.70942205190659,
              1.36704317537229
            ],
            [
              103.71319860219955,
              1.3681157533722428
            ],
            [
              103.71882051229477,
              1.3696602648496308
            ],
            [
              103.72208207845688,
              1.370775744742033
            ],
            [
              103.72495740652084,
              1.3727063817890297
            ],
            [
              103.72959226369858,
              1.376181524543774
            ],
            [
              103.70834916830063,
              1.3621951168404693
            ]
          ]
        ]
      },
      "properties": {
        "id": "305c47044c"
      }
    },
    {
      "type": "Feature",
      "geometry": {
        "type": "Polygon",
        "coordinates": [
          [
            [
              103.7057313323021,
              1.4072001655471318
            ],
            [
              103.70804876089096,
              1.4068140439019712
            ],
            [
              103.7057313323021,
              1.4072001655471318
            ]
          ]
        ]
      },
      "properties": {
        "id": "ce4e413b8d"
      }
    },
    {
      "type": "Feature",
      "geometry": {
        "type": "Polygon",
        "coordinates": [
          [
            [
              103.7130269408226,
              1.4123055457274025
            ],
            [
              103.71161073446274,
              1.4095597964335764
            ],
            [
              103.7104520201683,
              1.4090449680803514
            ],
            [
              103.71070951223373,
              1.4057414834412765
            ],
            [
              103.71051639318466,
              1.405398263989764
            ],
            [
              103.70918601751328,
              1.4054197152069592
            ],
            [
              103.70892852544785,
              1.4056127761528752
            ],
            [
              103.70807021856308,
              1.4068354951061517
            ],
            [
              103.7130269408226,
              1.4123055457274025
            ]
          ]
        ]
      },
      "properties": {
        "id": "86f96324da"
      }
    },
    {
      "type": "Feature",
      "geometry": {
        "type": "Polygon",
        "coordinates": [
          [
            [
              103.716159760952,
              1.411704913346373
            ],
            [
              103.71405690908432,
              1.4128632756565103
            ],
            [
              103.71294111013412,
              1.4123484480343929
            ],
            [
              103.716159760952,
              1.411704913346373
            ]
          ]
        ]
      },
      "properties": {
        "id": "61c24b445b"
      }
    },
    {
      "type": "Feature",
      "geometry": {
        "type": "Polygon",
        "coordinates": [
          [
            [
              103.71620267629623,
              1.411704913346373
            ],
            [
              103.7163957953453,
              1.4111686343035938
            ],
            [
              103.71581643819809,
              1.4101175270211355
            ],
            [
              103.71633142232895,
              1.408744651488406
            ],
            [
              103.71697515249252,
              1.4087875538610557
            ],
            [
              103.71620267629623,
              1.411704913346373
            ]
          ]
        ]
      },
      "properties": {
        "id": "bd3ac52dc2"
      }
    },
    {
      "type": "Feature",
      "geometry": {
        "type": "Polygon",
        "coordinates": [
          [
            [
              103.72298330068588,
              1.4101604293684933
            ],
            [
              103.72238248586655,
              1.4104821969484431
            ],
            [
              103.71699661016464,
              1.4088090050470816
            ],
            [
              103.72298330068588,
              1.4101604293684933
            ]
          ]
        ]
      },
      "properties": {
        "id": "08f746ee3b"
      }
    },
    {
      "type": "Feature",
      "geometry": {
        "type": "Polygon",
        "coordinates": [
          [
            [
              103.7246784567833,
              1.4099673687992698
            ],
            [
              103.72291892766953,
              1.4063635685686229
            ],
            [
              103.72124522924423,
              1.4047332761590536
            ],
            [
              103.72081607580185,
              1.40584873950962
            ],
            [
              103.72238248586655,
              1.4069856535299317
            ],
            [
              103.7231120467186,
              1.4085944931779173
            ],
            [
              103.72304767370224,
              1.4101604293684933
            ],
            [
              103.7246784567833,
              1.4099673687992698
            ]
          ]
        ]
      },
      "properties": {
        "id": "b15123df8a"
      }
    },
    {
      "type": "Feature",
      "geometry": {
        "type": "Polygon",
        "coordinates": [
          [
            [
              103.72424930334091,
              1.396710504859147
            ],
            [
              103.7264809012413,
              1.4082083717637668
            ],
            [
              103.72532218694687,
              1.410053173498718
            ],
            [
              103.72454971075058,
              1.4099673687992698
            ],
            [
              103.72424930334091,
              1.396710504859147
            ]
          ]
        ]
      },
      "properties": {
        "id": "58beab8910"
      }
    },
    {
      "type": "Feature",
      "geometry": {
        "type": "Polygon",
        "coordinates": [
          [
            [
              103.72261852025986,
              1.3948227899786256
            ],
            [
              103.7241205573082,
              1.3951660109786865
            ],
            [
              103.72429221868515,
              1.3967534074524508
            ],
            [
              103.72261852025986,
              1.3948227899786256
            ]
          ]
        ]
      },
      "properties": {
        "id": "02b50a918e"
      }
    },
    {
      "type": "Feature",
      "geometry": {
        "type": "Polygon",
        "coordinates": [
          [
            [
              103.72017234563828,
              1.3925918522584868
            ],
            [
              103.72231811285019,
              1.3940934451872804
            ],
            [
              103.72257560491562,
              1.3948656926063814
            ],
            [
              103.72017234563828,
              1.3925918522584868
            ]
          ]
        ]
      },
      "properties": {
        "id": "52a466de0a"
      }
    },
    {
      "type": "Feature",
      "geometry": {
        "type": "Polygon",
        "coordinates": [
          [
            [
              103.71588081121445,
              1.3964959918808724
            ],
            [
              103.71849864721298,
              1.3932353922023097
            ],
            [
              103.72004359960556,
              1.3926347549268645
            ],
            [
              103.71588081121445,
              1.3964959918808724
            ]
          ]
        ]
      },
      "properties": {
        "id": "250b473f95"
      }
    },
    {
      "type": "Feature",
      "geometry": {
        "type": "Polygon",
        "coordinates": [
          [
            [
              103.7167176604271,
              1.3922271795457002
            ],
            [
              103.71843427419662,
              1.3925060469194162
            ],
            [
              103.71545165777206,
              1.3963029301837477
            ],
            [
              103.71581643819809,
              1.3966890535622598
            ],
            [
              103.71592372655869,
              1.396495991880936
            ],
            [
              103.7167176604271,
              1.3922271795457002
            ]
          ]
        ]
      },
      "properties": {
        "id": "e333c49d14"
      }
    },
    {
      "type": "Feature",
      "geometry": {
        "type": "Polygon",
        "coordinates": [
          [
            [
              103.88282418251038,
              1.3994106852903112
            ],
            [
              103.88267934322357,
              1.398134334248667
            ],
            [
              103.88282418251038,
              1.3994106852903112
            ]
          ]
        ]
      },
      "properties": {
        "id": "0f09fdc363"
      }
    },
    {
      "type": "Feature",
      "geometry": {
        "type": "Polygon",
        "coordinates": [
          [
            [
              103.8831889629364,
              1.401217954274523
            ],
            [
              103.88282418251038,
              1.3993945968361343
            ],
            [
              103.8831889629364,
              1.401217954274523
            ]
          ]
        ]
      },
      "properties": {
        "id": "d4b967e9a5"
      }
    },
    {
      "type": "Feature",
      "geometry": {
        "type": "Polygon",
        "coordinates": [
          [
            [
              103.88245403766632,
              1.396981327458967
            ],
            [
              103.8826847076416,
              1.3981450598905651
            ],
            [
              103.88245403766632,
              1.396981327458967
            ]
          ]
        ]
      },
      "properties": {
        "id": "9ccaa4e743"
      }
    },
    {
      "type": "Feature",
      "geometry": {
        "type": "Polygon",
        "coordinates": [
          [
            [
              103.88364762067795,
              1.3909588688554033
            ],
            [
              103.88350814580917,
              1.3907577624476632
            ],
            [
              103.88364762067795,
              1.3909588688554033
            ]
          ]
        ]
      },
      "properties": {
        "id": "7d7b81e657"
      }
    },
    {
      "type": "Feature",
      "geometry": {
        "type": "Polygon",
        "coordinates": [
          [
            [
              103.88194173574448,
              1.391934905044102
            ],
            [
              103.88233333826065,
              1.3917525686439254
            ],
            [
              103.88252913951874,
              1.391645311931354
            ],
            [
              103.88278126716614,
              1.3914897896894638
            ],
            [
              103.88318628072739,
              1.3912377363790887
            ],
            [
              103.88364493846893,
              1.3909642316927067
            ],
            [
              103.88194173574448,
              1.391934905044102
            ]
          ]
        ]
      },
      "properties": {
        "id": "c2ccae07f1"
      }
    },
    {
      "type": "Feature",
      "geometry": {
        "type": "Polygon",
        "coordinates": [
          [
            [
              103.8819283246994,
              1.391680170363477
            ],
            [
              103.8823065161705,
              1.3915085596157577
            ],
            [
              103.88247281312943,
              1.3914120285646767
            ],
            [
              103.88280004262924,
              1.3912109221955613
            ],
            [
              103.88350278139114,
              1.390760443866563
            ],
            [
              103.8819283246994,
              1.391680170363477
            ]
          ]
        ]
      },
      "properties": {
        "id": "2728d61330"
      }
    },
    {
      "type": "Feature",
      "geometry": {
        "type": "Polygon",
        "coordinates": [
          [
            [
              103.88113707304001,
              1.3921789140282128
            ],
            [
              103.88152331113815,
              1.392079701587188
            ],
            [
              103.8817647099495,
              1.3920019404818402
            ],
            [
              103.88194173574448,
              1.3919349050441403
            ],
            [
              103.88233333826065,
              1.3917525686439254
            ],
            [
              103.88252913951874,
              1.391645311931354
            ],
            [
              103.88278126716614,
              1.3914897896894638
            ],
            [
              103.88318628072739,
              1.3912377363790887
            ],
            [
              103.88364493846893,
              1.3909642316927067
            ],
            [
              103.88113707304001,
              1.3921789140282128
            ]
          ]
        ]
      },
      "properties": {
        "id": "e52c7f0e91"
      }
    },
    {
      "type": "Feature",
      "geometry": {
        "type": "Polygon",
        "coordinates": [
          [
            [
              103.88111293315887,
              1.3919617192194493
            ],
            [
              103.88143479824066,
              1.3918544625163942
            ],
            [
              103.88167083263397,
              1.3917740199859001
            ],
            [
              103.88193100690842,
              1.391680170363515
            ],
            [
              103.88111293315887,
              1.3919617192194493
            ]
          ]
        ]
      },
      "properties": {
        "id": "0069384aae"
      }
    },
    {
      "type": "Feature",
      "geometry": {
        "type": "Polygon",
        "coordinates": [
          [
            [
              103.88153940439224,
              1.393701958544571
            ],
            [
              103.88125509023666,
              1.3930637815607192
            ],
            [
              103.88117998838425,
              1.3928599939160198
            ],
            [
              103.88117998838425,
              1.3925918522513878
            ],
            [
              103.88117462396622,
              1.3923880645658755
            ],
            [
              103.88113707304001,
              1.3921842768627428
            ],
            [
              103.88153940439224,
              1.393701958544571
            ]
          ]
        ]
      },
      "properties": {
        "id": "aaf00f2249"
      }
    },
    {
      "type": "Feature",
      "geometry": {
        "type": "Polygon",
        "coordinates": [
          [
            [
              103.88241916894913,
              1.3959972491236632
            ],
            [
              103.88246208429337,
              1.3970000973417127
            ],
            [
              103.88241916894913,
              1.3959972491236632
            ]
          ]
        ]
      },
      "properties": {
        "id": "668ab2cd81"
      }
    },
    {
      "type": "Feature",
      "geometry": {
        "type": "Polygon",
        "coordinates": [
          [
            [
              103.88377636671066,
              1.3952035507654874
            ],
            [
              103.8829180598259,
              1.3946082768211077
            ],
            [
              103.88205975294113,
              1.3940773566896316
            ],
            [
              103.88152867555618,
              1.3936912328824447
            ],
            [
              103.88377636671066,
              1.3952035507654874
            ]
          ]
        ]
      },
      "properties": {
        "id": "82b7021ca4"
      }
    },
    {
      "type": "Feature",
      "geometry": {
        "type": "Polygon",
        "coordinates": [
          [
            [
              103.88289660215378,
              1.395348347107562
            ],
            [
              103.88262301683426,
              1.39539661255294
            ],
            [
              103.88247281312943,
              1.395782736080302
            ],
            [
              103.88241916894913,
              1.396002611949504
            ],
            [
              103.88289660215378,
              1.395348347107562
            ]
          ]
        ]
      },
      "properties": {
        "id": "1c38ec72cd"
      }
    },
    {
      "type": "Feature",
      "geometry": {
        "type": "Polygon",
        "coordinates": [
          [
            [
              103.88289660215378,
              1.395348347107562
            ],
            [
              103.88377100229263,
              1.3952089135931347
            ],
            [
              103.88289660215378,
              1.395348347107562
            ]
          ]
        ]
      },
      "properties": {
        "id": "5c63df153b"
      }
    },
    {
      "type": "Feature",
      "geometry": {
        "type": "Polygon",
        "coordinates": [
          [
            [
              103.88091176748276,
              1.38897193679567
            ],
            [
              103.88122290372849,
              1.3894009641026193
            ],
            [
              103.88149112462997,
              1.3902161157711006
            ],
            [
              103.88150185346603,
              1.3909776387860735
            ],
            [
              103.8813516497612,
              1.3915675508118592
            ],
            [
              103.88111561536789,
              1.3919536749670118
            ],
            [
              103.88091176748276,
              1.38897193679567
            ]
          ]
        ]
      },
      "properties": {
        "id": "64179bc139"
      }
    },
    {
      "type": "Feature",
      "geometry": {
        "type": "Polygon",
        "coordinates": [
          [
            [
              103.88052016496658,
              1.3882854929429387
            ],
            [
              103.88091176748276,
              1.3889665739542192
            ],
            [
              103.88052016496658,
              1.3882854929429387
            ]
          ]
        ]
      },
      "properties": {
        "id": "cae8f926f4"
      }
    },
    {
      "type": "Feature",
      "geometry": {
        "type": "Polygon",
        "coordinates": [
          [
            [
              103.88041287660599,
              1.386408497014782
            ],
            [
              103.88061136007309,
              1.387556146130631
            ],
            [
              103.88060599565506,
              1.387786748455902
            ],
            [
              103.8805416226387,
              1.3879690851622775
            ],
            [
              103.88052016496658,
              1.3882908557863234
            ],
            [
              103.88041287660599,
              1.386408497014782
            ]
          ]
        ]
      },
      "properties": {
        "id": "265cfd021a"
      }
    },
    {
      "type": "Feature",
      "geometry": {
        "type": "Polygon",
        "coordinates": [
          [
            [
              103.87963503599167,
              1.3858132208523726
            ],
            [
              103.8801982998848,
              1.3861403546178084
            ],
            [
              103.88031095266342,
              1.3862047087958524
            ],
            [
              103.88041287660599,
              1.386408497014782
            ],
            [
              103.88061136007309,
              1.387556146130631
            ],
            [
              103.88060599565506,
              1.387786748455902
            ],
            [
              103.8805416226387,
              1.3879690851622775
            ],
            [
              103.88052016496658,
              1.3882908557863234
            ],
            [
              103.87963503599167,
              1.3858132208523726
            ]
          ]
        ]
      },
      "properties": {
        "id": "20a136c4bd"
      }
    },
    {
      "type": "Feature",
      "geometry": {
        "type": "Polygon",
        "coordinates": [
          [
            [
              103.8784521818161,
              1.3851160503818727
            ],
            [
              103.87963771820068,
              1.3858159022769083
            ],
            [
              103.8784521818161,
              1.3851160503818727
            ]
          ]
        ]
      },
      "properties": {
        "id": "111e07b0f6"
      }
    },
    {
      "type": "Feature",
      "geometry": {
        "type": "Polygon",
        "coordinates": [
          [
            [
              103.87744903564453,
              1.3834401589889107
            ],
            [
              103.87750804424286,
              1.3835179203757502
            ],
            [
              103.87759655714035,
              1.3837217088257407
            ],
            [
              103.8776957988739,
              1.3839469486711267
            ],
            [
              103.87807935476303,
              1.3845395438764656
            ],
            [
              103.8784521818161,
              1.3851187318073244
            ],
            [
              103.87744903564453,
              1.3834401589889107
            ]
          ]
        ]
      },
      "properties": {
        "id": "f53638dde2"
      }
    },
    {
      "type": "Feature",
      "geometry": {
        "type": "Polygon",
        "coordinates": [
          [
            [
              103.87726128101349,
              1.383166653401236
            ],
            [
              103.87744635343552,
              1.383437477561818
            ],
            [
              103.87726128101349,
              1.383166653401236
            ]
          ]
        ]
      },
      "properties": {
        "id": "8f36023a7c"
      }
    },
    {
      "type": "Feature",
      "geometry": {
        "type": "Polygon",
        "coordinates": [
          [
            [
              103.87703865766525,
              1.38330608762639
            ],
            [
              103.87725323438644,
              1.3831720162561851
            ],
            [
              103.87703865766525,
              1.38330608762639
            ]
          ]
        ]
      },
      "properties": {
        "id": "318de531ba"
      }
    },
    {
      "type": "Feature",
      "geometry": {
        "type": "Polygon",
        "coordinates": [
          [
            [
              103.85144501924515,
              1.3922888521350156
            ],
            [
              103.85143965482712,
              1.3917954713289946
            ],
            [
              103.85144501924515,
              1.3922888521350156
            ]
          ]
        ]
      },
      "properties": {
        "id": "c8268c3b3c"
      }
    },
    {
      "type": "Feature",
      "geometry": {
        "type": "Polygon",
        "coordinates": [
          [
            [
              103.85087102651596,
              1.39173111730321
            ],
            [
              103.85142356157303,
              1.3917954713289946
            ],
            [
              103.85087102651596,
              1.39173111730321
            ]
          ]
        ]
      },
      "properties": {
        "id": "b2b1745134"
      }
    },
    {
      "type": "Feature",
      "geometry": {
        "type": "Polygon",
        "coordinates": [
          [
            [
              103.85086566209793,
              1.3895269908604495
            ],
            [
              103.85057061910629,
              1.3912699134003395
            ],
            [
              103.85073155164719,
              1.39173111730321
            ],
            [
              103.8508602976799,
              1.39173111730321
            ],
            [
              103.85086566209793,
              1.3895269908604495
            ]
          ]
        ]
      },
      "properties": {
        "id": "2582f6bf25"
      }
    },
    {
      "type": "Feature",
      "geometry": {
        "type": "Polygon",
        "coordinates": [
          [
            [
              103.85087102651596,
              1.3885295023050392
            ],
            [
              103.85087102651596,
              1.38953235370101
            ],
            [
              103.85087102651596,
              1.3885295023050392
            ]
          ]
        ]
      },
      "properties": {
        "id": "a659a750ed"
      }
    },
    {
      "type": "Feature",
      "geometry": {
        "type": "Polygon",
        "coordinates": [
          [
            [
              103.8535264134407,
              1.3866310551821166
            ],
            [
              103.8535264134407,
              1.3868509319043052
            ],
            [
              103.85351032018661,
              1.3868562947509342
            ],
            [
              103.85238915681839,
              1.387006454451567
            ],
            [
              103.85219603776932,
              1.3874944734127956
            ],
            [
              103.85183662176132,
              1.3876178188486061
            ],
            [
              103.85106950998306,
              1.387483747722426
            ],
            [
              103.85087102651596,
              1.388540227990689
            ],
            [
              103.8535264134407,
              1.3866310551821166
            ]
          ]
        ]
      },
      "properties": {
        "id": "1a8a99d95b"
      }
    },
    {
      "type": "Feature",
      "geometry": {
        "type": "Polygon",
        "coordinates": [
          [
            [
              103.85353177785873,
              1.386657869417627
            ],
            [
              103.85357469320297,
              1.38490421777607
            ],
            [
              103.85353177785873,
              1.386657869417627
            ]
          ]
        ]
      },
      "properties": {
        "id": "35cf859f75"
      }
    },
    {
      "type": "Feature",
      "geometry": {
        "type": "Polygon",
        "coordinates": [
          [
            [
              103.85576874017715,
              1.3795252720850746
            ],
            [
              103.85797888040543,
              1.379535997811448
            ],
            [
              103.85576874017715,
              1.3795252720850746
            ]
          ]
        ]
      },
      "properties": {
        "id": "519eee0bfc"
      }
    },
    {
      "type": "Feature",
      "geometry": {
        "type": "Polygon",
        "coordinates": [
          [
            [
              103.85577946901321,
              1.3795252720850746
            ],
            [
              103.85478168725967,
              1.3795038206322257
            ],
            [
              103.85478168725967,
              1.3795574492640046
            ],
            [
              103.85478168725967,
              1.3796432550723343
            ],
            [
              103.85471731424332,
              1.3848559521162973
            ],
            [
              103.853580057621,
              1.3848774035208018
            ],
            [
              103.85577946901321,
              1.3795252720850746
            ]
          ]
        ]
      },
      "properties": {
        "id": "20ce762867"
      }
    },
    {
      "type": "Feature",
      "geometry": {
        "type": "Polygon",
        "coordinates": [
          [
            [
              103.85836511850357,
              1.3795145463586882
            ],
            [
              103.85800033807755,
              1.379535997811448
            ],
            [
              103.85836511850357,
              1.3795145463586882
            ]
          ]
        ]
      },
      "properties": {
        "id": "c2bdd4f988"
      }
    },
    {
      "type": "Feature",
      "geometry": {
        "type": "Polygon",
        "coordinates": [
          [
            [
              103.85895520448685,
              1.3772621427433487
            ],
            [
              103.85875135660172,
              1.3774444802581318
            ],
            [
              103.85837584733963,
              1.3794930949058648
            ],
            [
              103.85895520448685,
              1.3772621427433487
            ]
          ]
        ]
      },
      "properties": {
        "id": "daa9a3234f"
      }
    },
    {
      "type": "Feature",
      "geometry": {
        "type": "Polygon",
        "coordinates": [
          [
            [
              103.85956674814224,
              1.377047628002258
            ],
            [
              103.85910004377365,
              1.3771602482437635
            ],
            [
              103.85894447565079,
              1.377267505611669
            ],
            [
              103.85956674814224,
              1.377047628002258
            ]
          ]
        ]
      },
      "properties": {
        "id": "f058f00950"
      }
    },
    {
      "type": "Feature",
      "geometry": {
        "type": "Polygon",
        "coordinates": [
          [
            [
              103.86282831430435,
              1.3779754041187828
            ],
            [
              103.85956674814224,
              1.377047628002258
            ],
            [
              103.85910004377365,
              1.3771602482437635
            ],
            [
              103.85894447565079,
              1.377267505611669
            ],
            [
              103.86282831430435,
              1.3779754041187828
            ]
          ]
        ]
      },
      "properties": {
        "id": "156184968f"
      }
    },
    {
      "type": "Feature",
      "geometry": {
        "type": "Polygon",
        "coordinates": [
          [
            [
              103.86155158281326,
              1.3788280997684534
            ],
            [
              103.86202365159988,
              1.3785706822460118
            ],
            [
              103.86238843202591,
              1.378088024316422
            ],
            [
              103.86281222105026,
              1.377980766985462
            ],
            [
              103.86155158281326,
              1.3788280997684534
            ]
          ]
        ]
      },
      "properties": {
        "id": "c0ab8478bb"
      }
    },
    {
      "type": "Feature",
      "geometry": {
        "type": "Polygon",
        "coordinates": [
          [
            [
              103.86161059141159,
              1.3789621713837137
            ],
            [
              103.86154621839523,
              1.3788280997684534
            ],
            [
              103.86161059141159,
              1.3789621713837137
            ]
          ]
        ]
      },
      "properties": {
        "id": "a71d91991b"
      }
    },
    {
      "type": "Feature",
      "geometry": {
        "type": "Polygon",
        "coordinates": [
          [
            [
              103.86250108480453,
              1.378275724634006
            ],
            [
              103.86210411787033,
              1.378769108255365
            ],
            [
              103.86161595582962,
              1.3789568085192485
            ],
            [
              103.86250108480453,
              1.378275724634006
            ]
          ]
        ]
      },
      "properties": {
        "id": "d4957377f0"
      }
    },
    {
      "type": "Feature",
      "geometry": {
        "type": "Polygon",
        "coordinates": [
          [
            [
              103.86301070451736,
              1.3780397585181046
            ],
            [
              103.86291414499283,
              1.3781791930439609
            ],
            [
              103.86250644922256,
              1.378275724634006
            ],
            [
              103.86301070451736,
              1.3780397585181046
            ]
          ]
        ]
      },
      "properties": {
        "id": "3a4d8f975a"
      }
    },
    {
      "type": "Feature",
      "geometry": {
        "type": "Polygon",
        "coordinates": [
          [
            [
              103.86477559804916,
              1.3784687878023663
            ],
            [
              103.86303216218948,
              1.3780236699184236
            ],
            [
              103.86301070451736,
              1.3780397585181046
            ],
            [
              103.86291414499283,
              1.3781791930439609
            ],
            [
              103.86250644922256,
              1.378275724634006
            ],
            [
              103.86477559804916,
              1.3784687878023663
            ]
          ]
        ]
      },
      "properties": {
        "id": "63025d5677"
      }
    },
    {
      "type": "Feature",
      "geometry": {
        "type": "Polygon",
        "coordinates": [
          [
            [
              103.87388974428177,
              1.378919268467711
            ],
            [
              103.87250572443008,
              1.3788495512274728
            ],
            [
              103.87035995721817,
              1.3787369310658375
            ],
            [
              103.86919051408768,
              1.3787530196606839
            ],
            [
              103.86537104845047,
              1.378581407976673
            ],
            [
              103.8647809624672,
              1.3784741506679383
            ],
            [
              103.87388974428177,
              1.378919268467711
            ]
          ]
        ]
      },
      "properties": {
        "id": "e027ed7604"
      }
    },
    {
      "type": "Feature",
      "geometry": {
        "type": "Polygon",
        "coordinates": [
          [
            [
              103.8738951086998,
              1.378919268467749
            ],
            [
              103.87528449296951,
              1.3789943485703533
            ],
            [
              103.876271545887,
              1.379037251485046
            ],
            [
              103.8738951086998,
              1.378919268467749
            ]
          ]
        ]
      },
      "properties": {
        "id": "8351e31ef1"
      }
    },
    {
      "type": "Feature",
      "geometry": {
        "type": "Polygon",
        "coordinates": [
          [
            [
              103.87689918279648,
              1.3791498716324577
            ],
            [
              103.87628763914108,
              1.379031888620746
            ],
            [
              103.87689918279648,
              1.3791498716324577
            ]
          ]
        ]
      },
      "properties": {
        "id": "60adb90d10"
      }
    },
    {
      "type": "Feature",
      "geometry": {
        "type": "Polygon",
        "coordinates": [
          [
            [
              103.87693136930466,
              1.3811984848119956
            ],
            [
              103.87685626745224,
              1.37957890071665
            ],
            [
              103.87689381837845,
              1.3791552344965288
            ],
            [
              103.87693136930466,
              1.3811984848119956
            ]
          ]
        ]
      },
      "properties": {
        "id": "a430ab8dab"
      }
    },
    {
      "type": "Feature",
      "geometry": {
        "type": "Polygon",
        "coordinates": [
          [
            [
              103.87706011533737,
              1.3833007247727132
            ],
            [
              103.8770279288292,
              1.3822174278825186
            ],
            [
              103.87694209814072,
              1.3811448562172257
            ],
            [
              103.87706011533737,
              1.3833007247727132
            ]
          ]
        ]
      },
      "properties": {
        "id": "01ea945abb"
      }
    },
    {
      "type": "Feature",
      "geometry": {
        "type": "Polygon",
        "coordinates": [
          [
            [
              103.88543397188187,
              1.4011536005092384
            ],
            [
              103.88319164514542,
              1.4012179542770165
            ],
            [
              103.88543397188187,
              1.4011536005092384
            ]
          ]
        ]
      },
      "properties": {
        "id": "b82cd5d261"
      }
    },
    {
      "type": "Feature",
      "geometry": {
        "type": "Polygon",
        "coordinates": [
          [
            [
              103.87681871652603,
              1.3785438679206317
            ],
            [
              103.87681871652603,
              1.379112331585284
            ],
            [
              103.87681871652603,
              1.3785438679206317
            ]
          ]
        ]
      },
      "properties": {
        "id": "d978d3301c"
      }
    },
    {
      "type": "Feature",
      "geometry": {
        "type": "Polygon",
        "coordinates": [
          [
            [
              103.87719422578812,
              1.3753046950166126
            ],
            [
              103.877172768116,
              1.376205657458206
            ],
            [
              103.87704402208328,
              1.3770529908724867
            ],
            [
              103.87681871652603,
              1.3785545936513943
            ],
            [
              103.87719422578812,
              1.3753046950166126
            ]
          ]
        ]
      },
      "properties": {
        "id": "443da28e98"
      }
    },
    {
      "type": "Feature",
      "geometry": {
        "type": "Polygon",
        "coordinates": [
          [
            [
              103.87700110673904,
              1.3728377723055831
            ],
            [
              103.87927561998367,
              1.3723872904920582
            ],
            [
              103.87912541627884,
              1.3716364872809481
            ],
            [
              103.87896448373795,
              1.3713897947458717
            ],
            [
              103.87866407632828,
              1.37126108558705
            ],
            [
              103.87853533029556,
              1.3712825371140058
            ],
            [
              103.87826710939407,
              1.3698131070734902
            ],
            [
              103.87700110673904,
              1.3728377723055831
            ]
          ]
        ]
      },
      "properties": {
        "id": "96ceec0d34"
      }
    },
    {
      "type": "Feature",
      "geometry": {
        "type": "Polygon",
        "coordinates": [
          [
            [
              103.87699037790298,
              1.3728592238183919
            ],
            [
              103.87709766626358,
              1.3736314781514463
            ],
            [
              103.877172768116,
              1.3747898591830026
            ],
            [
              103.87720495462418,
              1.3753046950166379
            ],
            [
              103.87699037790298,
              1.3728592238183919
            ]
          ]
        ]
      },
      "properties": {
        "id": "96817aee64"
      }
    },
    {
      "type": "Feature",
      "geometry": {
        "type": "Polygon",
        "coordinates": [
          [
            [
              103.88828784227371,
              1.3633990880371651
            ],
            [
              103.88828784227371,
              1.363431265432907
            ],
            [
              103.88828784227371,
              1.3633990880371651
            ]
          ]
        ]
      },
      "properties": {
        "id": "00e0a879c3"
      }
    },
    {
      "type": "Feature",
      "geometry": {
        "type": "Polygon",
        "coordinates": [
          [
            [
              103.8705262541771,
              1.3426874821934318
            ],
            [
              103.87053698301315,
              1.3437064415530382
            ],
            [
              103.8708159327507,
              1.3450793545442414
            ],
            [
              103.87150257825851,
              1.346570251370742
            ],
            [
              103.8705262541771,
              1.3426874821934318
            ]
          ]
        ]
      },
      "properties": {
        "id": "1a1f1f4dd2"
      }
    },
    {
      "type": "Feature",
      "geometry": {
        "type": "Polygon",
        "coordinates": [
          [
            [
              103.87053698301315,
              1.3426874821936992
            ],
            [
              103.87143820524216,
              1.3431379695419108
            ],
            [
              103.87382000684738,
              1.3432452284221064
            ],
            [
              103.8747426867485,
              1.343459746168376
            ],
            [
              103.87669533491135,
              1.3441032992941475
            ],
            [
              103.87053698301315,
              1.3426874821936992
            ]
          ]
        ]
      },
      "properties": {
        "id": "d56fb2df4a"
      }
    },
    {
      "type": "Feature",
      "geometry": {
        "type": "Polygon",
        "coordinates": [
          [
            [
              103.8782188296318,
              1.3434811979419647
            ],
            [
              103.87708157300949,
              1.3440818475260166
            ],
            [
              103.87665241956711,
              1.3441032992941475
            ],
            [
              103.8782188296318,
              1.3434811979419647
            ]
          ]
        ]
      },
      "properties": {
        "id": "30477fe3b9"
      }
    },
    {
      "type": "Feature",
      "geometry": {
        "type": "Polygon",
        "coordinates": [
          [
            [
              103.88454884290695,
              1.3406066586035619
            ],
            [
              103.88364762067795,
              1.340756821189912
            ],
            [
              103.88171643018723,
              1.3417650554597518
            ],
            [
              103.87817591428757,
              1.3434811979419647
            ],
            [
              103.88454884290695,
              1.3406066586035619
            ]
          ]
        ]
      },
      "properties": {
        "id": "ee123fe96f"
      }
    },
    {
      "type": "Feature",
      "geometry": {
        "type": "Polygon",
        "coordinates": [
          [
            [
              103.88469368219376,
              1.3405583920561346
            ],
            [
              103.88455957174301,
              1.3406066586037018
            ],
            [
              103.88469368219376,
              1.3405583920561346
            ]
          ]
        ]
      },
      "properties": {
        "id": "d394d3072c"
      }
    },
    {
      "type": "Feature",
      "geometry": {
        "type": "Polygon",
        "coordinates": [
          [
            [
              103.88322919607162,
              1.3396788681337535
            ],
            [
              103.88450056314468,
              1.340429681257953
            ],
            [
              103.88469368219376,
              1.3405530291063412
            ],
            [
              103.88322919607162,
              1.3396788681337535
            ]
          ]
        ]
      },
      "properties": {
        "id": "de1d719438"
      }
    },
    {
      "type": "Feature",
      "geometry": {
        "type": "Polygon",
        "coordinates": [
          [
            [
              103.88244062662125,
              1.3390192249847483
            ],
            [
              103.8832238316536,
              1.3396735051820392
            ],
            [
              103.88244062662125,
              1.3390192249847483
            ]
          ]
        ]
      },
      "properties": {
        "id": "fa629b7c9f"
      }
    },
    {
      "type": "Feature",
      "geometry": {
        "type": "Polygon",
        "coordinates": [
          [
            [
              103.88244599103928,
              1.338847610477855
            ],
            [
              103.88243526220322,
              1.3390192249847483
            ],
            [
              103.88244599103928,
              1.338847610477855
            ]
          ]
        ]
      },
      "properties": {
        "id": "3772ba38bd"
      }
    },
    {
      "type": "Feature",
      "geometry": {
        "type": "Polygon",
        "coordinates": [
          [
            [
              103.88648808002472,
              1.3386786774360178
            ],
            [
              103.88646394014359,
              1.338686721866859
            ],
            [
              103.88605087995529,
              1.3384614777934345
            ],
            [
              103.8849726319313,
              1.3382308707445687
            ],
            [
              103.88494580984116,
              1.3383005891569812
            ],
            [
              103.8832238316536,
              1.3379895377632294
            ],
            [
              103.88315409421921,
              1.338305952111698
            ],
            [
              103.88244599103928,
              1.338836884570775
            ],
            [
              103.88648808002472,
              1.3386786774360178
            ]
          ]
        ]
      },
      "properties": {
        "id": "11ec1b05ae"
      }
    },
    {
      "type": "Feature",
      "geometry": {
        "type": "Polygon",
        "coordinates": [
          [
            [
              103.88732761144638,
              1.3372065461493172
            ],
            [
              103.88722032308578,
              1.3374693310339356
            ],
            [
              103.8864853978157,
              1.3386759959590537
            ],
            [
              103.88732761144638,
              1.3372065461493172
            ]
          ]
        ]
      },
      "properties": {
        "id": "96a678a92b"
      }
    },
    {
      "type": "Feature",
      "geometry": {
        "type": "Polygon",
        "coordinates": [
          [
            [
              103.88821810483932,
              1.3349219253554379
            ],
            [
              103.88732761144638,
              1.3372011831922976
            ],
            [
              103.88821810483932,
              1.3349219253554379
            ]
          ]
        ]
      },
      "properties": {
        "id": "276fe8762a"
      }
    },
    {
      "type": "Feature",
      "geometry": {
        "type": "Polygon",
        "coordinates": [
          [
            [
              103.88885110616684,
              1.3333666658537868
            ],
            [
              103.8886633515358,
              1.3339619549515886
            ],
            [
              103.88820737600327,
              1.3349380142416867
            ],
            [
              103.88885110616684,
              1.3333666658537868
            ]
          ]
        ]
      },
      "properties": {
        "id": "893fe6ab21"
      }
    },
    {
      "type": "Feature",
      "geometry": {
        "type": "Polygon",
        "coordinates": [
          [
            [
              103.89058381319046,
              1.333983406808279
            ],
            [
              103.8894733786583,
              1.3335168288830228
            ],
            [
              103.88885378837585,
              1.3333559399189217
            ],
            [
              103.88859629631042,
              1.3331843250163802
            ],
            [
              103.89058381319046,
              1.333983406808279
            ]
          ]
        ]
      },
      "properties": {
        "id": "df65714c64"
      }
    },
    {
      "type": "Feature",
      "geometry": {
        "type": "Polygon",
        "coordinates": [
          [
            [
              103.89217168092728,
              1.3347717624119624
            ],
            [
              103.89055162668228,
              1.3339673179157836
            ],
            [
              103.89217168092728,
              1.3347717624119624
            ]
          ]
        ]
      },
      "properties": {
        "id": "c3cd252546"
      }
    },
    {
      "type": "Feature",
      "geometry": {
        "type": "Polygon",
        "coordinates": [
          [
            [
              103.89434963464737,
              1.3360856878563814
            ],
            [
              103.8935449719429,
              1.3355601177629188
            ],
            [
              103.89276176691055,
              1.3350667253279884
            ],
            [
              103.89218240976334,
              1.334771762411988
            ],
            [
              103.89434963464737,
              1.3360856878563814
            ]
          ]
        ]
      },
      "properties": {
        "id": "9167090061"
      }
    },
    {
      "type": "Feature",
      "geometry": {
        "type": "Polygon",
        "coordinates": [
          [
            [
              103.89624863862991,
              1.337978811852778
            ],
            [
              103.8960126042366,
              1.3376570345059937
            ],
            [
              103.89577120542526,
              1.337356708944108
            ],
            [
              103.89542788267136,
              1.3369652130673706
            ],
            [
              103.89510065317154,
              1.3366434355877026
            ],
            [
              103.8943549990654,
              1.3360803248968174
            ],
            [
              103.89624863862991,
              1.337978811852778
            ]
          ]
        ]
      },
      "properties": {
        "id": "9b3ce7cd33"
      }
    },
    {
      "type": "Feature",
      "geometry": {
        "type": "Polygon",
        "coordinates": [
          [
            [
              103.89924198389053,
              1.3446395934365465
            ],
            [
              103.8990917801857,
              1.3455405673299432
            ],
            [
              103.90437036752701,
              1.348929942326453
            ],
            [
              103.90977770090103,
              1.3587119094693154
            ],
            [
              103.89924198389053,
              1.3446395934365465
            ]
          ]
        ]
      },
      "properties": {
        "id": "03babfaa6d"
      }
    },
    {
      "type": "Feature",
      "geometry": {
        "type": "Polygon",
        "coordinates": [
          [
            [
              103.89827638864517,
              1.3405208514077214
            ],
            [
              103.89884501695633,
              1.341722151882766
            ],
            [
              103.89928489923477,
              1.3425265938354172
            ],
            [
              103.89947801828384,
              1.3431272436541304
            ],
            [
              103.89945656061172,
              1.343363213185375
            ],
            [
              103.8992527127266,
              1.3438673298348724
            ],
            [
              103.8992527127266,
              1.3446610451997794
            ],
            [
              103.89827638864517,
              1.3405208514077214
            ]
          ]
        ]
      },
      "properties": {
        "id": "8b2935b06c"
      }
    },
    {
      "type": "Feature",
      "geometry": {
        "type": "Polygon",
        "coordinates": [
          [
            [
              103.89767557382584,
              1.3401132671840554
            ],
            [
              103.89827370643616,
              1.3405315773138473
            ],
            [
              103.8998293876648,
              1.3396735051888073
            ],
            [
              103.90099883079529,
              1.3391801135808212
            ],
            [
              103.89767557382584,
              1.3401132671840554
            ]
          ]
        ]
      },
      "properties": {
        "id": "4d8f83e645"
      }
    },
    {
      "type": "Feature",
      "geometry": {
        "type": "Polygon",
        "coordinates": [
          [
            [
              103.89623790979385,
              1.337968085941894
            ],
            [
              103.89687091112137,
              1.3387081736825457
            ],
            [
              103.89766484498978,
              1.3401025412825096
            ],
            [
              103.89623790979385,
              1.337968085941894
            ]
          ]
        ]
      },
      "properties": {
        "id": "e946b39dda"
      }
    },
    {
      "type": "Feature",
      "geometry": {
        "type": "Polygon",
        "coordinates": [
          [
            [
              103.90977770090103,
              1.3586261029117743
            ],
            [
              103.91990572214127,
              1.3752725177823026
            ],
            [
              103.92012029886246,
              1.3754441297043718
            ],
            [
              103.92170816659927,
              1.3789621713873015
            ],
            [
              103.92758756875992,
              1.3847326065403898
            ],
            [
              103.90977770090103,
              1.3586261029117743
            ]
          ]
        ]
      },
      "properties": {
        "id": "b6f4f3e17d"
      }
    },
    {
      "type": "Feature",
      "geometry": {
        "type": "Polygon",
        "coordinates": [
          [
            [
              103.92604261636734,
              1.391639949100908
            ],
            [
              103.92602115869522,
              1.3913610816247655
            ],
            [
              103.92363935709,
              1.3882935372127803
            ],
            [
              103.9235320687294,
              1.3880146693414601
            ],
            [
              103.92763048410416,
              1.384711155134575
            ],
            [
              103.92604261636734,
              1.391639949100908
            ]
          ]
        ]
      },
      "properties": {
        "id": "2712e5c9a5"
      }
    },
    {
      "type": "Feature",
      "geometry": {
        "type": "Polygon",
        "coordinates": [
          [
            [
              103.92250210046768,
              1.3959087625009043
            ],
            [
              103.92305999994278,
              1.3954582850702857
            ],
            [
              103.92288833856583,
              1.3950292588656914
            ],
            [
              103.92602115869522,
              1.391725754471568
            ],
            [
              103.92603188753128,
              1.391650674772436
            ],
            [
              103.92250210046768,
              1.3959087625009043
            ]
          ]
        ]
      },
      "properties": {
        "id": "79e2604719"
      }
    },
    {
      "type": "Feature",
      "geometry": {
        "type": "Polygon",
        "coordinates": [
          [
            [
              103.87681871652603,
              1.3700812513116614
            ],
            [
              103.8782349228859,
              1.3698131070764417
            ],
            [
              103.87681871652603,
              1.3700812513116614
            ]
          ]
        ]
      },
      "properties": {
        "id": "0b3d95e159"
      }
    },
    {
      "type": "Feature",
      "geometry": {
        "type": "Polygon",
        "coordinates": [
          [
            [
              103.85179907083511,
              1.392567719506556
            ],
            [
              103.85144501924515,
              1.3925838080074615
            ],
            [
              103.85144501924515,
              1.3922942149743673
            ],
            [
              103.85179907083511,
              1.392567719506556
            ]
          ]
        ]
      },
      "properties": {
        "id": "4d2e8d99e4"
      }
    },
    {
      "type": "Feature",
      "geometry": {
        "type": "Polygon",
        "coordinates": [
          [
            [
              103.80362123250961,
              1.36374767647253
            ],
            [
              103.80452245473862,
              1.3639621924049674
            ],
            [
              103.80593866109848,
              1.3660215443829968
            ],
            [
              103.80941480398178,
              1.3665792852400833
            ],
            [
              103.81207555532455,
              1.3686386349745876
            ],
            [
              103.8113459944725,
              1.370054436891386
            ],
            [
              103.80362123250961,
              1.36374767647253
            ]
          ]
        ]
      },
      "properties": {
        "id": "ddb66c31e0"
      }
    },
    {
      "type": "Feature",
      "geometry": {
        "type": "Polygon",
        "coordinates": [
          [
            [
              103.81911367177963,
              1.383440158996277
            ],
            [
              103.8173970580101,
              1.3802653470967263
            ],
            [
              103.8145861029625,
              1.3817240449829418
            ],
            [
              103.81151765584946,
              1.3815309820788222
            ],
            [
              103.80844920873642,
              1.3786135851747496
            ],
            [
              103.80971521139145,
              1.3762110203342994
            ],
            [
              103.81003707647324,
              1.3762324718168166
            ],
            [
              103.81911367177963,
              1.383440158996277
            ]
          ]
        ]
      },
      "properties": {
        "id": "6d1be62563"
      }
    },
    {
      "type": "Feature",
      "geometry": {
        "type": "Polygon",
        "coordinates": [
          [
            [
              103.81799787282944,
              1.3908837891402033
            ],
            [
              103.81632417440414,
              1.38667932081273
            ],
            [
              103.81722539663315,
              1.3862717444039283
            ],
            [
              103.81857722997665,
              1.38667932081273
            ],
            [
              103.81926387548447,
              1.3850919175620051
            ],
            [
              103.81913512945175,
              1.3834616104138473
            ],
            [
              103.81799787282944,
              1.3908837891402033
            ]
          ]
        ]
      },
      "properties": {
        "id": "fb80d56de3"
      }
    },
    {
      "type": "Feature",
      "geometry": {
        "type": "Polygon",
        "coordinates": [
          [
            [
              103.8111099600792,
              1.3739157105916144
            ],
            [
              103.81149619817734,
              1.3736582925389362
            ],
            [
              103.81239742040634,
              1.370955401312506
            ],
            [
              103.81136745214462,
              1.370140243041842
            ],
            [
              103.8111099600792,
              1.3739157105916144
            ]
          ]
        ]
      },
      "properties": {
        "id": "34d6f2e236"
      }
    },
    {
      "type": "Feature",
      "geometry": {
        "type": "Polygon",
        "coordinates": [
          [
            [
              103.81035894155502,
              1.3757819906436137
            ],
            [
              103.81072372198105,
              1.3741087741129145
            ],
            [
              103.81113141775131,
              1.373894259088271
            ],
            [
              103.81035894155502,
              1.3757819906436137
            ]
          ]
        ]
      },
      "properties": {
        "id": "3ff20f6af0"
      }
    },
    {
      "type": "Feature",
      "geometry": {
        "type": "Polygon",
        "coordinates": [
          [
            [
              103.81005853414536,
              1.376275374781253
            ],
            [
              103.8103374838829,
              1.3759750540139646
            ],
            [
              103.8103374838829,
              1.3758034421299856
            ],
            [
              103.81005853414536,
              1.376275374781253
            ]
          ]
        ]
      },
      "properties": {
        "id": "ae970c2e62"
      }
    },
    {
      "type": "Feature",
      "geometry": {
        "type": "Polygon",
        "coordinates": [
          [
            [
              103.86003345251083,
              1.3662789632572252
            ],
            [
              103.86074155569077,
              1.3682096039266576
            ],
            [
              103.86084884405136,
              1.369196375224481
            ],
            [
              103.86003345251083,
              1.3662789632572252
            ]
          ]
        ]
      },
      "properties": {
        "id": "62e5a49cb4"
      }
    },
    {
      "type": "Feature",
      "geometry": {
        "type": "Polygon",
        "coordinates": [
          [
            [
              103.85693281888962,
              1.3572692863197482
            ],
            [
              103.8568577170372,
              1.3567329949651434
            ],
            [
              103.85664314031601,
              1.3549525068155293
            ],
            [
              103.85672897100449,
              1.3535152443424983
            ],
            [
              103.85693281888962,
              1.3572692863197482
            ]
          ]
        ]
      },
      "properties": {
        "id": "359cb825ff"
      }
    },
    {
      "type": "Feature",
      "geometry": {
        "type": "Polygon",
        "coordinates": [
          [
            [
              103.85767310857773,
              1.359543160341498
            ],
            [
              103.86007636785507,
              1.3663647695422183
            ],
            [
              103.85767310857773,
              1.359543160341498
            ]
          ]
        ]
      },
      "properties": {
        "id": "51bb3461b4"
      }
    },
    {
      "type": "Feature",
      "geometry": {
        "type": "Polygon",
        "coordinates": [
          [
            [
              103.85692209005356,
              1.3572478346678345
            ],
            [
              103.85769456624985,
              1.3595860636043595
            ],
            [
              103.85692209005356,
              1.3572478346678345
            ]
          ]
        ]
      },
      "properties": {
        "id": "a9a7a6e1cf"
      }
    },
    {
      "type": "Feature",
      "geometry": {
        "type": "Polygon",
        "coordinates": [
          [
            [
              103.84807080030441,
              1.3922781264744413
            ],
            [
              103.84700864553452,
              1.3918061970078126
            ],
            [
              103.8450238108635,
              1.3906263729281247
            ],
            [
              103.84201973676682,
              1.3882452716261222
            ],
            [
              103.84807080030441,
              1.3922781264744413
            ]
          ]
        ]
      },
      "properties": {
        "id": "f6d406f1f4"
      }
    },
    {
      "type": "Feature",
      "geometry": {
        "type": "Polygon",
        "coordinates": [
          [
            [
              103.84807080030441,
              1.3922781264744413
            ],
            [
              103.85010927915573,
              1.3926427991794037
            ],
            [
              103.85139673948288,
              1.3925998965111535
            ],
            [
              103.85142892599106,
              1.3925891708439762
            ],
            [
              103.84807080030441,
              1.3922781264744413
            ]
          ]
        ]
      },
      "properties": {
        "id": "e223176e84"
      }
    },
    {
      "type": "Feature",
      "geometry": {
        "type": "Polygon",
        "coordinates": [
          [
            [
              103.86022925376892,
              1.3434382943899017
            ],
            [
              103.86128067970276,
              1.3436742638911092
            ],
            [
              103.86022925376892,
              1.3434382943899017
            ]
          ]
        ]
      },
      "properties": {
        "id": "46b8242591"
      }
    },
    {
      "type": "Feature",
      "geometry": {
        "type": "Polygon",
        "coordinates": [
          [
            [
              103.86067986488342,
              1.3485867146878492
            ],
            [
              103.86059403419495,
              1.347535579760442
            ],
            [
              103.86128067970276,
              1.3437171674343302
            ],
            [
              103.86067986488342,
              1.3485867146878492
            ]
          ]
        ]
      },
      "properties": {
        "id": "9684da2fe7"
      }
    },
    {
      "type": "Feature",
      "geometry": {
        "type": "Polygon",
        "coordinates": [
          [
            [
              103.86638760566711,
              1.349015749221642
            ],
            [
              103.86372685432434,
              1.349530590562344
            ],
            [
              103.86067986488342,
              1.3486296181446356
            ],
            [
              103.86638760566711,
              1.349015749221642
            ]
          ]
        ]
      },
      "properties": {
        "id": "cc44667e1a"
      }
    },
    {
      "type": "Feature",
      "geometry": {
        "type": "Polygon",
        "coordinates": [
          [
            [
              103.86870503425598,
              1.3494233319586786
            ],
            [
              103.86679530143738,
              1.3489513940464049
            ],
            [
              103.86640906333923,
              1.3489942974967664
            ],
            [
              103.86870503425598,
              1.3494233319586786
            ]
          ]
        ]
      },
      "properties": {
        "id": "163259b0b6"
      }
    },
    {
      "type": "Feature",
      "geometry": {
        "type": "Polygon",
        "coordinates": [
          [
            [
              103.87222409248352,
              1.3480933248804767
            ],
            [
              103.86887669563293,
              1.3494447836797883
            ],
            [
              103.86864066123962,
              1.3494018802373908
            ],
            [
              103.87222409248352,
              1.3480933248804767
            ]
          ]
        ]
      },
      "properties": {
        "id": "7b9c2bfe84"
      }
    },
    {
      "type": "Feature",
      "geometry": {
        "type": "Polygon",
        "coordinates": [
          [
            [
              103.86497139930725,
              1.3705746366198084
            ],
            [
              103.86402726173401,
              1.3701885089911086
            ],
            [
              103.86186003684998,
              1.3695020597197425
            ],
            [
              103.86083006858826,
              1.3692446411922838
            ],
            [
              103.86497139930725,
              1.3705746366198084
            ]
          ]
        ]
      },
      "properties": {
        "id": "0e92571071"
      }
    },
    {
      "type": "Feature",
      "geometry": {
        "type": "Polygon",
        "coordinates": [
          [
            [
              103.86739611625671,
              1.371733019132282
            ],
            [
              103.866366147995,
              1.3714326977939821
            ],
            [
              103.86499285697937,
              1.3705746366198084
            ],
            [
              103.86739611625671,
              1.371733019132282
            ]
          ]
        ]
      },
      "properties": {
        "id": "3b5a234635"
      }
    },
    {
      "type": "Feature",
      "geometry": {
        "type": "Polygon",
        "coordinates": [
          [
            [
              103.87640833854675,
              1.3692446411923092
            ],
            [
              103.87539982795715,
              1.3695235112624613
            ],
            [
              103.87389779090881,
              1.3704459274171712
            ],
            [
              103.8726532459259,
              1.3707677004108323
            ],
            [
              103.86896252632141,
              1.3716686645629788
            ],
            [
              103.86743903160095,
              1.3717544706550142
            ],
            [
              103.87640833854675,
              1.3692446411923092
            ]
          ]
        ]
      },
      "properties": {
        "id": "8d04ee24dc"
      }
    },
    {
      "type": "Feature",
      "geometry": {
        "type": "Polygon",
        "coordinates": [
          [
            [
              103.88140797615051,
              1.3211927041671987
            ],
            [
              103.88123631477356,
              1.3229088609807238
            ],
            [
              103.88102173805237,
              1.323809842832708
            ],
            [
              103.88057112693787,
              1.325483093974763
            ],
            [
              103.88003468513489,
              1.3270490844039868
            ],
            [
              103.88140797615051,
              1.3211927041671987
            ]
          ]
        ]
      },
      "properties": {
        "id": "11facf069e"
      }
    },
    {
      "type": "Feature",
      "geometry": {
        "type": "Polygon",
        "coordinates": [
          [
            [
              103.87308239936829,
              1.3224154660183465
            ],
            [
              103.87095808982849,
              1.3253972862513832
            ],
            [
              103.86937022209167,
              1.3269418248171612
            ],
            [
              103.86825442314148,
              1.3277355456494797
            ],
            [
              103.87308239936829,
              1.3224154660183465
            ]
          ]
        ]
      },
      "properties": {
        "id": "70567f901a"
      }
    },
    {
      "type": "Feature",
      "geometry": {
        "type": "Polygon",
        "coordinates": [
          [
            [
              103.87303948402405,
              1.3225227258011198
            ],
            [
              103.8748848438263,
              1.3201630095099375
            ],
            [
              103.8756787776947,
              1.319605258059174
            ],
            [
              103.87773871421814,
              1.3195194501325693
            ],
            [
              103.87855410575867,
              1.3195194501325693
            ],
            [
              103.8797128200531,
              1.319819777862728
            ],
            [
              103.88145089149475,
              1.3206349529474835
            ],
            [
              103.88140797615051,
              1.3212141561346868
            ],
            [
              103.87303948402405,
              1.3225227258011198
            ]
          ]
        ]
      },
      "properties": {
        "id": "a87f01a4de"
      }
    },
    {
      "type": "Feature",
      "geometry": {
        "type": "Polygon",
        "coordinates": [
          [
            [
              103.87988448143005,
              1.3275639303562008
            ],
            [
              103.88260960578918,
              1.3273601371796897
            ],
            [
              103.88477683067322,
              1.3272099737757717
            ],
            [
              103.88462662696838,
              1.3257190651990045
            ],
            [
              103.88432621955872,
              1.3247215503261454
            ],
            [
              103.88418674468994,
              1.3243997712492026
            ],
            [
              103.88439059257507,
              1.3243354154288092
            ],
            [
              103.87988448143005,
              1.3275639303562008
            ]
          ]
        ]
      },
      "properties": {
        "id": "0404c5ff70"
      }
    },
    {
      "type": "Feature",
      "geometry": {
        "type": "Polygon",
        "coordinates": [
          [
            [
              103.88508796691895,
              1.3239385544994102
            ],
            [
              103.88434767723083,
              1.3243568673691228
            ],
            [
              103.88508796691895,
              1.3239385544994102
            ]
          ]
        ]
      },
      "properties": {
        "id": "03ab4ed26a"
      }
    },
    {
      "type": "Feature",
      "geometry": {
        "type": "Polygon",
        "coordinates": [
          [
            [
              103.88530254364014,
              1.3224261919971163
            ],
            [
              103.885098695755,
              1.3239278285274723
            ],
            [
              103.88530254364014,
              1.3224261919971163
            ]
          ]
        ]
      },
      "properties": {
        "id": "f772732c73"
      }
    },
    {
      "type": "Feature",
      "geometry": {
        "type": "Polygon",
        "coordinates": [
          [
            [
              103.88534545898438,
              1.3220507827225314
            ],
            [
              103.88530254364014,
              1.3224476439539432
            ],
            [
              103.88534545898438,
              1.3220507827225314
            ]
          ]
        ]
      },
      "properties": {
        "id": "0196189198"
      }
    },
    {
      "type": "Feature",
      "geometry": {
        "type": "Polygon",
        "coordinates": [
          [
            [
              103.8906991481781,
              1.323423707793723
            ],
            [
              103.89082789421082,
              1.322758697307273
            ],
            [
              103.88853192329407,
              1.3222331243773153
            ],
            [
              103.88534545898438,
              1.3220615087026368
            ],
            [
              103.8906991481781,
              1.323423707793723
            ]
          ]
        ]
      },
      "properties": {
        "id": "119d829002"
      }
    },
    {
      "type": "Feature",
      "geometry": {
        "type": "Polygon",
        "coordinates": [
          [
            [
              103.88876795768738,
              1.3332701324691456
            ],
            [
              103.8906991481781,
              1.3234237077936848
            ],
            [
              103.89082789421082,
              1.322758697307273
            ],
            [
              103.88853192329407,
              1.3222331243773153
            ],
            [
              103.88534545898438,
              1.3220615087026368
            ],
            [
              103.88876795768738,
              1.3332701324691456
            ]
          ]
        ]
      },
      "properties": {
        "id": "c3ef17422e"
      }
    },
    {
      "type": "Feature",
      "geometry": {
        "type": "Polygon",
        "coordinates": [
          [
            [
              103.86990666389465,
              1.3154435702133704
            ],
            [
              103.87237429618835,
              1.317116826987272
            ],
            [
              103.87282490730286,
              1.318811534625874
            ],
            [
              103.87359738349915,
              1.319176218397271
            ],
            [
              103.8746702671051,
              1.3192191223668646
            ],
            [
              103.87539982795715,
              1.3197125179640805
            ],
            [
              103.87545347213745,
              1.319755421924425
            ],
            [
              103.86990666389465,
              1.3154435702133704
            ]
          ]
        ]
      },
      "properties": {
        "id": "649db6586f"
      }
    },
    {
      "type": "Feature",
      "geometry": {
        "type": "Polygon",
        "coordinates": [
          [
            [
              103.86941313743591,
              1.3139419285634282
            ],
            [
              103.86988520622253,
              1.3154006661787792
            ],
            [
              103.86990666389465,
              1.315454296221923
            ],
            [
              103.86941313743591,
              1.3139419285634282
            ]
          ]
        ]
      },
      "properties": {
        "id": "2ed38f0bfd"
      }
    },
    {
      "type": "Feature",
      "geometry": {
        "type": "Polygon",
        "coordinates": [
          [
            [
              103.86925220489502,
              1.3135343399598076
            ],
            [
              103.86942386627197,
              1.3139741066082706
            ],
            [
              103.86925220489502,
              1.3135343399598076
            ]
          ]
        ]
      },
      "properties": {
        "id": "7a1f962feb"
      }
    },
    {
      "type": "Feature",
      "geometry": {
        "type": "Polygon",
        "coordinates": [
          [
            [
              103.86941313743591,
              1.3125689982649695
            ],
            [
              103.8692307472229,
              1.313545065976553
            ],
            [
              103.86941313743591,
              1.3125689982649695
            ]
          ]
        ]
      },
      "properties": {
        "id": "f664c7f10e"
      }
    },
    {
      "type": "Feature",
      "geometry": {
        "type": "Polygon",
        "coordinates": [
          [
            [
              103.87077569961548,
              1.3107348480185435
            ],
            [
              103.87053966522217,
              1.3112067932396936
            ],
            [
              103.86970281600952,
              1.3120005190927724
            ],
            [
              103.86941313743591,
              1.3125582722442801
            ],
            [
              103.87077569961548,
              1.3107348480185435
            ]
          ]
        ]
      },
      "properties": {
        "id": "6b778b1497"
      }
    },
    {
      "type": "Feature",
      "geometry": {
        "type": "Polygon",
        "coordinates": [
          [
            [
              103.87044310569763,
              1.309984025892522
            ],
            [
              103.87078642845154,
              1.310734848018569
            ],
            [
              103.87044310569763,
              1.309984025892522
            ]
          ]
        ]
      },
      "properties": {
        "id": "38ce5d2ffc"
      }
    },
    {
      "type": "Feature",
      "geometry": {
        "type": "Polygon",
        "coordinates": [
          [
            [
              103.87068450450897,
              1.307828092538449
            ],
            [
              103.87072741985321,
              1.3085574632341272
            ],
            [
              103.87042701244354,
              1.3099518477972105
            ],
            [
              103.87068450450897,
              1.307828092538449
            ]
          ]
        ]
      },
      "properties": {
        "id": "b20a267685"
      }
    },
    {
      "type": "Feature",
      "geometry": {
        "type": "Polygon",
        "coordinates": [
          [
            [
              103.86883914470673,
              1.3055541707742577
            ],
            [
              103.8698261976242,
              1.3068627486447408
            ],
            [
              103.87012660503387,
              1.3070343653640788
            ],
            [
              103.87066304683685,
              1.3078066404559519
            ],
            [
              103.86883914470673,
              1.3055541707742577
            ]
          ]
        ]
      },
      "properties": {
        "id": "fdd71471d4"
      }
    },
    {
      "type": "Feature",
      "geometry": {
        "type": "Polygon",
        "coordinates": [
          [
            [
              103.86943995952606,
              1.3042670443355557
            ],
            [
              103.86883914470673,
              1.3055327186723467
            ],
            [
              103.86943995952606,
              1.3042670443355557
            ]
          ]
        ]
      },
      "properties": {
        "id": "5126c1f664"
      }
    },
    {
      "type": "Feature",
      "geometry": {
        "type": "Polygon",
        "coordinates": [
          [
            [
              103.87207925319672,
              1.302207640664569
            ],
            [
              103.8718432188034,
              1.3031086299778294
            ],
            [
              103.87188613414764,
              1.304095427427293
            ],
            [
              103.87102782726288,
              1.3043743048972598
            ],
            [
              103.86946141719818,
              1.3042884964482553
            ],
            [
              103.87207925319672,
              1.302207640664569
            ]
          ]
        ]
      },
      "properties": {
        "id": "bb8530e0e6"
      }
    },
    {
      "type": "Feature",
      "geometry": {
        "type": "Polygon",
        "coordinates": [
          [
            [
              103.88945996761322,
              1.3063049942258964
            ],
            [
              103.88488948345184,
              1.3055327186723467
            ],
            [
              103.88411700725555,
              1.3051680329118052
            ],
            [
              103.88141334056854,
              1.3024007098302468
            ],
            [
              103.88945996761322,
              1.3063049942258964
            ]
          ]
        ]
      },
      "properties": {
        "id": "22986a9e8e"
      }
    },
    {
      "type": "Feature",
      "geometry": {
        "type": "Polygon",
        "coordinates": [
          [
            [
              103.87544810771942,
              1.2990541755333451
            ],
            [
              103.87677848339081,
              1.299075627690407
            ],
            [
              103.87836635112762,
              1.2996333837099356
            ],
            [
              103.88139188289642,
              1.3023792577014537
            ],
            [
              103.87544810771942,
              1.2990541755333451
            ]
          ]
        ]
      },
      "properties": {
        "id": "d3cef92e8c"
      }
    },
    {
      "type": "Feature",
      "geometry": {
        "type": "Polygon",
        "coordinates": [
          [
            [
              103.87207925319672,
              1.3021861885341348
            ],
            [
              103.87272298336029,
              1.3007703475220727
            ],
            [
              103.87358129024506,
              1.299826453072617
            ],
            [
              103.87495458126068,
              1.2992043406289238
            ],
            [
              103.8754266500473,
              1.2990541755333451
            ],
            [
              103.87207925319672,
              1.3021861885341348
            ]
          ]
        ]
      },
      "properties": {
        "id": "3292c39244"
      }
    },
    {
      "type": "Feature",
      "geometry": {
        "type": "Polygon",
        "coordinates": [
          [
            [
              103.88894498348236,
              1.3109600946133082
            ],
            [
              103.88973891735077,
              1.3082785862284576
            ],
            [
              103.8899964094162,
              1.3070129132748136
            ],
            [
              103.88978183269501,
              1.3066053235437498
            ],
            [
              103.88950288295746,
              1.3063478984163603
            ],
            [
              103.88894498348236,
              1.3109600946133082
            ]
          ]
        ]
      },
      "properties": {
        "id": "f41ec17a07"
      }
    },
    {
      "type": "Feature",
      "geometry": {
        "type": "Polygon",
        "coordinates": [
          [
            [
              103.88875186443329,
              1.3116787383733148
            ],
            [
              103.88894498348236,
              1.3109708206416817
            ],
            [
              103.88875186443329,
              1.3116787383733148
            ]
          ]
        ]
      },
      "properties": {
        "id": "4a064a59be"
      }
    },
    {
      "type": "Feature",
      "geometry": {
        "type": "Polygon",
        "coordinates": [
          [
            [
              103.89121949672699,
              1.312215039551826
            ],
            [
              103.8906079530716,
              1.312064875233422
            ],
            [
              103.88876259326935,
              1.3116787383733148
            ],
            [
              103.89121949672699,
              1.312215039551826
            ]
          ]
        ]
      },
      "properties": {
        "id": "249a2800ff"
      }
    },
    {
      "type": "Feature",
      "geometry": {
        "type": "Polygon",
        "coordinates": [
          [
            [
              103.89404118061066,
              1.3143602431158323
            ],
            [
              103.89404118061066,
              1.314070640742263
            ],
            [
              103.89404118061066,
              1.3143602431158323
            ]
          ]
        ]
      },
      "properties": {
        "id": "8a79fb4056"
      }
    },
    {
      "type": "Feature",
      "geometry": {
        "type": "Polygon",
        "coordinates": [
          [
            [
              103.8920670747757,
              1.3136094220780057
            ],
            [
              103.89151990413666,
              1.3124295599913383
            ],
            [
              103.89121949672699,
              1.3122150395521313
            ],
            [
              103.8906079530716,
              1.312064875233422
            ],
            [
              103.88876259326935,
              1.3116787383733148
            ],
            [
              103.8920670747757,
              1.3136094220780057
            ]
          ]
        ]
      },
      "properties": {
        "id": "903771487e"
      }
    },
    {
      "type": "Feature",
      "geometry": {
        "type": "Polygon",
        "coordinates": [
          [
            [
              103.8936334848404,
              1.3141671748705053
            ],
            [
              103.89398753643036,
              1.3141135447997163
            ],
            [
              103.89403581619263,
              1.3140813667566933
            ],
            [
              103.8936334848404,
              1.3141671748705053
            ]
          ]
        ]
      },
      "properties": {
        "id": "f622c630fa"
      }
    },
    {
      "type": "Feature",
      "geometry": {
        "type": "Polygon",
        "coordinates": [
          [
            [
              103.89242112636566,
              1.3137220452480642
            ],
            [
              103.89208316802979,
              1.3136576891514968
            ],
            [
              103.89206171035767,
              1.3136040590697793
            ],
            [
              103.89242112636566,
              1.3137220452480642
            ]
          ]
        ]
      },
      "properties": {
        "id": "9eb583187e"
      }
    },
    {
      "type": "Feature",
      "geometry": {
        "type": "Polygon",
        "coordinates": [
          [
            [
              103.89242649078369,
              1.3137274082560235
            ],
            [
              103.89279127120972,
              1.3138882984898275
            ],
            [
              103.89303267002106,
              1.314065277735029
            ],
            [
              103.89321506023407,
              1.3141349968281821
            ],
            [
              103.89362812042236,
              1.3141671748705053
            ],
            [
              103.89242649078369,
              1.3137274082560235
            ]
          ]
        ]
      },
      "properties": {
        "id": "52ca37c309"
      }
    },
    {
      "type": "Feature",
      "geometry": {
        "type": "Polygon",
        "coordinates": [
          [
            [
              103.89399290084839,
              1.3154435702153806
            ],
            [
              103.89403581619263,
              1.3151915090015178
            ],
            [
              103.89404118061066,
              1.31432270206929
            ],
            [
              103.89399290084839,
              1.3154435702153806
            ]
          ]
        ]
      },
      "properties": {
        "id": "4a3076f83c"
      }
    },
    {
      "type": "Feature",
      "geometry": {
        "type": "Polygon",
        "coordinates": [
          [
            [
              103.89789283275604,
              1.316194390701521
            ],
            [
              103.89737784862518,
              1.3160764046401023
            ],
            [
              103.89789283275604,
              1.316194390701521
            ]
          ]
        ]
      },
      "properties": {
        "id": "b559aa740b"
      }
    },
    {
      "type": "Feature",
      "geometry": {
        "type": "Polygon",
        "coordinates": [
          [
            [
              103.89737248420715,
              1.3160764046401787
            ],
            [
              103.89724910259247,
              1.3160656786343234
            ],
            [
              103.89535009860992,
              1.3156741793888187
            ],
            [
              103.89399290084839,
              1.315443570215457
            ],
            [
              103.89403581619263,
              1.3151915090015178
            ],
            [
              103.89404118061066,
              1.31432270206929
            ],
            [
              103.89737248420715,
              1.3160764046401787
            ]
          ]
        ]
      },
      "properties": {
        "id": "8024e5be06"
      }
    },
    {
      "type": "Feature",
      "geometry": {
        "type": "Polygon",
        "coordinates": [
          [
            [
              103.86663973331451,
              1.2985875910740592
            ],
            [
              103.86618912220001,
              1.2982014521446195
            ],
            [
              103.86663973331451,
              1.2985875910740592
            ]
          ]
        ]
      },
      "properties": {
        "id": "8efea2f0b6"
      }
    },
    {
      "type": "Feature",
      "geometry": {
        "type": "Polygon",
        "coordinates": [
          [
            [
              103.73190701007843,
              1.3393892687249702
            ],
            [
              103.73031914234161,
              1.3408050877343367
            ],
            [
              103.72864544391632,
              1.3404618589587483
            ],
            [
              103.727508187294,
              1.3394965277694733
            ],
            [
              103.73190701007843,
              1.3393892687249702
            ]
          ]
        ]
      },
      "properties": {
        "id": "39aa3e979f"
      }
    },
    {
      "type": "Feature",
      "geometry": {
        "type": "Polygon",
        "coordinates": [
          [
            [
              103.7337738275528,
              1.333661628938675
            ],
            [
              103.73323738574982,
              1.336643435588097
            ],
            [
              103.73190701007843,
              1.3393892687249702
            ],
            [
              103.73031914234161,
              1.3408050877343367
            ],
            [
              103.72864544391632,
              1.3404618589587483
            ],
            [
              103.727508187294,
              1.3394965277694733
            ],
            [
              103.7337738275528,
              1.333661628938675
            ]
          ]
        ]
      },
      "properties": {
        "id": "61718d64e3"
      }
    },
    {
      "type": "Feature",
      "geometry": {
        "type": "Polygon",
        "coordinates": [
          [
            [
              103.73379528522491,
              1.3336401770791857
            ],
            [
              103.73345196247101,
              1.332889361879
            ],
            [
              103.73094141483307,
              1.3346055105714114
            ],
            [
              103.72958958148956,
              1.334348088343848
            ],
            [
              103.72886002063751,
              1.3346055105714114
            ],
            [
              103.72886002063751,
              1.333168236122943
            ],
            [
              103.72853815555573,
              1.33269629507622
            ],
            [
              103.73379528522491,
              1.3336401770791857
            ]
          ]
        ]
      },
      "properties": {
        "id": "1399e55e0a"
      }
    },
    {
      "type": "Feature",
      "geometry": {
        "type": "Polygon",
        "coordinates": [
          [
            [
              103.72798025608063,
              1.3435294644327271
            ],
            [
              103.72997581958771,
              1.343014621824752
            ],
            [
              103.73081266880035,
              1.3403760517574501
            ],
            [
              103.72798025608063,
              1.3435294644327271
            ]
          ]
        ]
      },
      "properties": {
        "id": "61bd5b158d"
      }
    },
    {
      "type": "Feature",
      "geometry": {
        "type": "Polygon",
        "coordinates": [
          [
            [
              103.73340904712677,
              1.336192947045905
            ],
            [
              103.73431026935577,
              1.3339190512382462
            ],
            [
              103.73416006565094,
              1.3315164420640313
            ],
            [
              103.73104870319366,
              1.3339190512382462
            ],
            [
              103.73340904712677,
              1.336192947045905
            ]
          ]
        ]
      },
      "properties": {
        "id": "89804f998c"
      }
    },
    {
      "type": "Feature",
      "geometry": {
        "type": "Polygon",
        "coordinates": [
          [
            [
              103.72847378253937,
              1.3302507809320638
            ],
            [
              103.73006165027618,
              1.3339405030953053
            ],
            [
              103.73102724552155,
              1.3339619549521866
            ],
            [
              103.72847378253937,
              1.3302507809320638
            ]
          ]
        ]
      },
      "properties": {
        "id": "704b5801d6"
      }
    },
    {
      "type": "Feature",
      "geometry": {
        "type": "Polygon",
        "coordinates": [
          [
            [
              103.73250782489777,
              1.338177241196014
            ],
            [
              103.7333232164383,
              1.3371153758773646
            ],
            [
              103.73340904712677,
              1.3361822211272225
            ],
            [
              103.73250782489777,
              1.338177241196014
            ]
          ]
        ]
      },
      "properties": {
        "id": "d0e6463f76"
      }
    },
    {
      "type": "Feature",
      "geometry": {
        "type": "Polygon",
        "coordinates": [
          [
            [
              103.73098433017731,
              1.3295643203854788
            ],
            [
              103.7291818857193,
              1.3292854457339158
            ],
            [
              103.72853815555573,
              1.3295214165949887
            ],
            [
              103.72847378253937,
              1.3302722328210559
            ],
            [
              103.73098433017731,
              1.3295643203854788
            ]
          ]
        ]
      },
      "properties": {
        "id": "df1700a355"
      }
    },
    {
      "type": "Feature",
      "geometry": {
        "type": "Polygon",
        "coordinates": [
          [
            [
              103.73398840427399,
              1.325853139752601
            ],
            [
              103.73257219791412,
              1.3292210900406556
            ],
            [
              103.73096287250519,
              1.3295857722805011
            ],
            [
              103.73398840427399,
              1.325853139752601
            ]
          ]
        ]
      },
      "properties": {
        "id": "bfa6ecf9b4"
      }
    },
    {
      "type": "Feature",
      "geometry": {
        "type": "Polygon",
        "coordinates": [
          [
            [
              103.73235762119293,
              1.3195248131328825
            ],
            [
              103.73308718204498,
              1.321562750585244
            ],
            [
              103.73343050479889,
              1.3235577824714375
            ],
            [
              103.73405277729034,
              1.3252739376486309
            ],
            [
              103.7340098619461,
              1.3258745916797725
            ],
            [
              103.73235762119293,
              1.3195248131328825
            ]
          ]
        ]
      },
      "properties": {
        "id": "4cca831a91"
      }
    },
    {
      "type": "Feature",
      "geometry": {
        "type": "Polygon",
        "coordinates": [
          [
            [
              103.72720777988434,
              1.309849950493025
            ],
            [
              103.72810900211334,
              1.3133680866985664
            ],
            [
              103.73240053653717,
              1.3195462651147594
            ],
            [
              103.72720777988434,
              1.309849950493025
            ]
          ]
        ]
      },
      "properties": {
        "id": "95dc3b8532"
      }
    },
    {
      "type": "Feature",
      "geometry": {
        "type": "Polygon",
        "coordinates": [
          [
            [
              103.74055445194244,
              1.29895227778794
            ],
            [
              103.72965395450592,
              1.3016981525205784
            ],
            [
              103.72720777988434,
              1.309935758752074
            ],
            [
              103.74055445194244,
              1.29895227778794
            ]
          ]
        ]
      },
      "properties": {
        "id": "74e958ae16"
      }
    },
    {
      "type": "Feature",
      "geometry": {
        "type": "Polygon",
        "coordinates": [
          [
            [
              103.75587522983551,
              1.2973219132532123
            ],
            [
              103.74930918216705,
              1.296463826233902
            ],
            [
              103.74424517154694,
              1.2979654783267123
            ],
            [
              103.74377310276031,
              1.2989093734715391
            ],
            [
              103.74471724033356,
              1.3008829712711318
            ],
            [
              103.75587522983551,
              1.2973219132532123
            ]
          ]
        ]
      },
      "properties": {
        "id": "2d09b9e653"
      }
    },
    {
      "type": "Feature",
      "geometry": {
        "type": "Polygon",
        "coordinates": [
          [
            [
              103.74317228794098,
              1.3010974926781054
            ],
            [
              103.7445455789566,
              1.3009258755539845
            ],
            [
              103.74317228794098,
              1.3010974926781054
            ]
          ]
        ]
      },
      "properties": {
        "id": "058e47e32f"
      }
    },
    {
      "type": "Feature",
      "geometry": {
        "type": "Polygon",
        "coordinates": [
          [
            [
              103.74068319797516,
              1.2989093734715391
            ],
            [
              103.74317228794098,
              1.3011403969573194
            ],
            [
              103.74068319797516,
              1.2989093734715391
            ]
          ]
        ]
      },
      "properties": {
        "id": "cad2924c09"
      }
    },
    {
      "type": "Feature",
      "geometry": {
        "type": "Polygon",
        "coordinates": [
          [
            [
              103.75111162662506,
              1.3077905513970753
            ],
            [
              103.75257074832916,
              1.3066321386627548
            ],
            [
              103.75626146793365,
              1.2979225739935687
            ],
            [
              103.75587522983551,
              1.2973219132532123
            ],
            [
              103.74930918216705,
              1.296463826233902
            ],
            [
              103.74424517154694,
              1.2979654783267123
            ],
            [
              103.74377310276031,
              1.2989093734715391
            ],
            [
              103.74471724033356,
              1.3008829712711318
            ],
            [
              103.75111162662506,
              1.3077905513970753
            ]
          ]
        ]
      },
      "properties": {
        "id": "33e8baed0e"
      }
    },
    {
      "type": "Feature",
      "geometry": {
        "type": "Polygon",
        "coordinates": [
          [
            [
              103.75214159488678,
              1.321991789836003
            ],
            [
              103.748579621315,
              1.316414273803279
            ],
            [
              103.74699175357819,
              1.313110662266039
            ],
            [
              103.74716341495514,
              1.3102789917585125
            ],
            [
              103.74527513980865,
              1.3084341137962376
            ],
            [
              103.74540388584137,
              1.307919263890098
            ],
            [
              103.7471204996109,
              1.3077905513970753
            ],
            [
              103.74930918216705,
              1.3088631553039562
            ],
            [
              103.75124037265778,
              1.3077047430646955
            ],
            [
              103.75214159488678,
              1.321991789836003
            ]
          ]
        ]
      },
      "properties": {
        "id": "67b3eaf472"
      }
    },
    {
      "type": "Feature",
      "geometry": {
        "type": "Polygon",
        "coordinates": [
          [
            [
              103.7355762720108,
              1.351380800736425
            ],
            [
              103.73218595981598,
              1.3513378973281993
            ],
            [
              103.7355762720108,
              1.351380800736425
            ]
          ]
        ]
      },
      "properties": {
        "id": "263d89b4ca"
      }
    },
    {
      "type": "Feature",
      "geometry": {
        "type": "Polygon",
        "coordinates": [
          [
            [
              103.73169243335724,
              1.3622567902114886
            ],
            [
              103.73094141483307,
              1.3606693707351132
            ],
            [
              103.73139202594757,
              1.359661144308941
            ],
            [
              103.73089849948883,
              1.3559929126969545
            ],
            [
              103.73424589633942,
              1.3554780727272495
            ],
            [
              103.73561918735504,
              1.3514022524402578
            ],
            [
              103.73169243335724,
              1.3622567902114886
            ]
          ]
        ]
      },
      "properties": {
        "id": "33a950efa1"
      }
    },
    {
      "type": "Feature",
      "geometry": {
        "type": "Polygon",
        "coordinates": [
          [
            [
              103.73358070850372,
              1.3640587245658202
            ],
            [
              103.732550740242,
              1.36251420948751
            ],
            [
              103.73169243335724,
              1.3622567902114886
            ],
            [
              103.73094141483307,
              1.3606693707351132
            ],
            [
              103.73139202594757,
              1.359661144308941
            ],
            [
              103.73089849948883,
              1.3559929126969545
            ],
            [
              103.73424589633942,
              1.3554780727272495
            ],
            [
              103.73561918735504,
              1.3514022524402578
            ],
            [
              103.73358070850372,
              1.3640587245658202
            ]
          ]
        ]
      },
      "properties": {
        "id": "db0b2ff74a"
      }
    },
    {
      "type": "Feature",
      "geometry": {
        "type": "Polygon",
        "coordinates": [
          [
            [
              103.73027622699738,
              1.361463080603971
            ],
            [
              103.72982561588287,
              1.3539979072047468
            ],
            [
              103.7227874994278,
              1.3564433975806178
            ],
            [
              103.71699392795563,
              1.355671137728716
            ],
            [
              103.73027622699738,
              1.361463080603971
            ]
          ]
        ]
      },
      "properties": {
        "id": "4bc940971e"
      }
    },
    {
      "type": "Feature",
      "geometry": {
        "type": "Polygon",
        "coordinates": [
          [
            [
              103.73362362384796,
              1.3641016277484046
            ],
            [
              103.73306572437286,
              1.3645735627051034
            ],
            [
              103.7319928407669,
              1.363114854357929
            ],
            [
              103.73027622699738,
              1.3615274354467382
            ],
            [
              103.73362362384796,
              1.3641016277484046
            ]
          ]
        ]
      },
      "properties": {
        "id": "275b303a02"
      }
    },
    {
      "type": "Feature",
      "geometry": {
        "type": "Polygon",
        "coordinates": [
          [
            [
              103.73218595981598,
              1.3513164456239084
            ],
            [
              103.73328030109406,
              1.349600308658253
            ],
            [
              103.73566210269928,
              1.3471226337780622
            ],
            [
              103.73689591884613,
              1.3460393205926136
            ],
            [
              103.73733580112457,
              1.3457711736902063
            ],
            [
              103.73218595981598,
              1.3513164456239084
            ]
          ]
        ]
      },
      "properties": {
        "id": "f41d58e9aa"
      }
    },
    {
      "type": "Feature",
      "geometry": {
        "type": "Polygon",
        "coordinates": [
          [
            [
              103.87147843837738,
              1.2802781055659194
            ],
            [
              103.86950433254242,
              1.2824233362090667
            ],
            [
              103.87147843837738,
              1.2802781055659194
            ]
          ]
        ]
      },
      "properties": {
        "id": "d8a88f03ee"
      }
    },
    {
      "type": "Feature",
      "geometry": {
        "type": "Polygon",
        "coordinates": [
          [
            [
              103.86069864034653,
              1.2647358561453916
            ],
            [
              103.86173665523529,
              1.2655617751175896
            ],
            [
              103.86010587215424,
              1.2679644470427234
            ],
            [
              103.87126386165619,
              1.2764166858866788
            ],
            [
              103.87207925319672,
              1.2774893030466383
            ],
            [
              103.87216508388519,
              1.2787335383911667
            ],
            [
              103.87152135372162,
              1.2802781055659194
            ],
            [
              103.86069864034653,
              1.2647358561453916
            ]
          ]
        ]
      },
      "properties": {
        "id": "f801c95fc8"
      }
    },
    {
      "type": "Feature",
      "geometry": {
        "type": "Polygon",
        "coordinates": [
          [
            [
              103.8578662276268,
              1.268575840898518
            ],
            [
              103.86069864034653,
              1.2647573085899757
            ],
            [
              103.8578662276268,
              1.268575840898518
            ]
          ]
        ]
      },
      "properties": {
        "id": "a662c3771d"
      }
    },
    {
      "type": "Feature",
      "geometry": {
        "type": "Polygon",
        "coordinates": [
          [
            [
              103.86379659175873,
              1.308637908523231
            ],
            [
              103.86341035366058,
              1.3095174434635748
            ],
            [
              103.86276662349701,
              1.3104827863355106
            ],
            [
              103.85871112346649,
              1.3158886995347276
            ],
            [
              103.86379659175873,
              1.308637908523231
            ]
          ]
        ]
      },
      "properties": {
        "id": "c25640b5d9"
      }
    },
    {
      "type": "Feature",
      "geometry": {
        "type": "Polygon",
        "coordinates": [
          [
            [
              103.86430084705353,
              1.306921741898178
            ],
            [
              103.86387169361115,
              1.3081552367785965
            ],
            [
              103.86379659175873,
              1.3086379085232944
            ],
            [
              103.86341035366058,
              1.3095174434635748
            ],
            [
              103.86276662349701,
              1.3104827863355106
            ],
            [
              103.85871112346649,
              1.3158886995347276
            ],
            [
              103.86430084705353,
              1.306921741898178
            ]
          ]
        ]
      },
      "properties": {
        "id": "ef25cdd43e"
      }
    },
    {
      "type": "Feature",
      "geometry": {
        "type": "Polygon",
        "coordinates": [
          [
            [
              103.86971890926361,
              1.3086486345610315
            ],
            [
              103.86961162090302,
              1.3099357587538296
            ],
            [
              103.87036263942719,
              1.309957210818121
            ],
            [
              103.87040555477142,
              1.3099464847859943
            ],
            [
              103.86971890926361,
              1.3086486345610315
            ]
          ]
        ]
      },
      "properties": {
        "id": "537d933e44"
      }
    },
    {
      "type": "Feature",
      "geometry": {
        "type": "Polygon",
        "coordinates": [
          [
            [
              103.86581361293793,
              1.3060314799993389
            ],
            [
              103.86707961559296,
              1.3053021085700722
            ],
            [
              103.86789500713348,
              1.3058384111121888
            ],
            [
              103.8686352968216,
              1.307168440922769
            ],
            [
              103.86950433254242,
              1.3080479763782993
            ],
            [
              103.86972963809967,
              1.3086271824855573
            ],
            [
              103.86581361293793,
              1.3060314799993389
            ]
          ]
        ]
      },
      "properties": {
        "id": "7474208e38"
      }
    },
    {
      "type": "Feature",
      "geometry": {
        "type": "Polygon",
        "coordinates": [
          [
            [
              103.86456906795502,
              1.3070933586134958
            ],
            [
              103.86445105075836,
              1.3072971534476991
            ],
            [
              103.86456906795502,
              1.3070933586134958
            ]
          ]
        ]
      },
      "properties": {
        "id": "560575063b"
      }
    },
    {
      "type": "Feature",
      "geometry": {
        "type": "Polygon",
        "coordinates": [
          [
            [
              103.86580288410187,
              1.3060314799993389
            ],
            [
              103.86549174785614,
              1.3066321386645106
            ],
            [
              103.8655561208725,
              1.307104084657823
            ],
            [
              103.86535227298737,
              1.3074687701373562
            ],
            [
              103.86504113674164,
              1.307629660773246
            ],
            [
              103.86445105075836,
              1.3072864274041989
            ],
            [
              103.86580288410187,
              1.3060314799993389
            ]
          ]
        ]
      },
      "properties": {
        "id": "ac38dc724a"
      }
    },
    {
      "type": "Feature",
      "geometry": {
        "type": "Polygon",
        "coordinates": [
          [
            [
              103.8683670759201,
              1.2889555524321572
            ],
            [
              103.87064158916473,
              1.285458834496941
            ],
            [
              103.87319505214691,
              1.282712942208926
            ],
            [
              103.8744181394577,
              1.2816188749291515
            ],
            [
              103.8683670759201,
              1.2889555524321572
            ]
          ]
        ]
      },
      "properties": {
        "id": "ef60895c0e"
      }
    },
    {
      "type": "Feature",
      "geometry": {
        "type": "Polygon",
        "coordinates": [
          [
            [
              103.86840999126434,
              1.288826838973607
            ],
            [
              103.8670152425766,
              1.2920875779176417
            ],
            [
              103.86624276638031,
              1.294146989831672
            ],
            [
              103.866006731987,
              1.2955842867393728
            ],
            [
              103.8658994436264,
              1.296914321957392
            ],
            [
              103.86619985103607,
              1.29822290431233
            ],
            [
              103.86840999126434,
              1.288826838973607
            ]
          ]
        ]
      },
      "properties": {
        "id": "91adec2071"
      }
    },
    {
      "type": "Feature",
      "geometry": {
        "type": "Polygon",
        "coordinates": [
          [
            [
              103.87128531932831,
              1.298952277790014
            ],
            [
              103.87152135372162,
              1.2986304953993277
            ],
            [
              103.86967599391937,
              1.2981799999835628
            ],
            [
              103.86765897274017,
              1.2982014521480418
            ],
            [
              103.86742293834686,
              1.2984803302696535
            ],
            [
              103.86697232723236,
              1.2986948518807422
            ],
            [
              103.86660754680634,
              1.2985661389162848
            ],
            [
              103.87128531932831,
              1.298952277790014
            ]
          ]
        ]
      },
      "properties": {
        "id": "bbc3a79833"
      }
    },
    {
      "type": "Feature",
      "geometry": {
        "type": "Polygon",
        "coordinates": [
          [
            [
              103.87225091457367,
              1.2993384166047373
            ],
            [
              103.8725084066391,
              1.2986304953993277
            ],
            [
              103.87225091457367,
              1.2993384166047373
            ]
          ]
        ]
      },
      "properties": {
        "id": "dc6ae130be"
      }
    },
    {
      "type": "Feature",
      "geometry": {
        "type": "Polygon",
        "coordinates": [
          [
            [
              103.87119948863983,
              1.2994242252222095
            ],
            [
              103.87220799922943,
              1.2993598687593821
            ],
            [
              103.87119948863983,
              1.2994242252222095
            ]
          ]
        ]
      },
      "properties": {
        "id": "aaf1c43e1b"
      }
    },
    {
      "type": "Feature",
      "geometry": {
        "type": "Polygon",
        "coordinates": [
          [
            [
              103.87132823467255,
              1.2988879213151514
            ],
            [
              103.8711565732956,
              1.2994242252222095
            ],
            [
              103.87132823467255,
              1.2988879213151514
            ]
          ]
        ]
      },
      "properties": {
        "id": "4b08e00bfa"
      }
    },
    {
      "type": "Feature",
      "geometry": {
        "type": "Polygon",
        "coordinates": [
          [
            [
              103.87317359447479,
              1.2986948518807422
            ],
            [
              103.87252986431122,
              1.2986304953993277
            ],
            [
              103.87317359447479,
              1.2986948518807422
            ]
          ]
        ]
      },
      "properties": {
        "id": "e5c721ad24"
      }
    },
    {
      "type": "Feature",
      "geometry": {
        "type": "Polygon",
        "coordinates": [
          [
            [
              103.87265861034393,
              1.2991882515171354
            ],
            [
              103.87276589870453,
              1.298973729947941
            ],
            [
              103.8730663061142,
              1.2989308256319088
            ],
            [
              103.87317359447479,
              1.2987592083605282
            ],
            [
              103.87265861034393,
              1.2991882515171354
            ]
          ]
        ]
      },
      "properties": {
        "id": "302dac4c6b"
      }
    },
    {
      "type": "Feature",
      "geometry": {
        "type": "Polygon",
        "coordinates": [
          [
            [
              103.87673556804657,
              1.298265808640372
            ],
            [
              103.8749760389328,
              1.298265808640372
            ],
            [
              103.87278735637665,
              1.299274060139722
            ],
            [
              103.87263715267181,
              1.2992097036730523
            ],
            [
              103.87673556804657,
              1.298265808640372
            ]
          ]
        ]
      },
      "properties": {
        "id": "10b8798eeb"
      }
    },
    {
      "type": "Feature",
      "geometry": {
        "type": "Polygon",
        "coordinates": [
          [
            [
              103.88431012630463,
              1.305066135415654
            ],
            [
              103.88072669506073,
              1.3010974926802172
            ],
            [
              103.8789027929306,
              1.299231155828842
            ],
            [
              103.87675702571869,
              1.2982658086404102
            ],
            [
              103.88431012630463,
              1.305066135415654
            ]
          ]
        ]
      },
      "properties": {
        "id": "a2bf9865a5"
      }
    },
    {
      "type": "Feature",
      "geometry": {
        "type": "Polygon",
        "coordinates": [
          [
            [
              103.88473927974701,
              1.3054308211909786
            ],
            [
              103.88433158397675,
              1.305066135415654
            ],
            [
              103.88473927974701,
              1.3054308211909786
            ]
          ]
        ]
      },
      "properties": {
        "id": "6f9d56e774"
      }
    },
    {
      "type": "Feature",
      "geometry": {
        "type": "Polygon",
        "coordinates": [
          [
            [
              103.88139188289642,
              1.2849868844713597
            ],
            [
              103.87858092784882,
              1.282519871547917
            ],
            [
              103.87594163417816,
              1.2807178779962873
            ],
            [
              103.87437522411346,
              1.2816403272346946
            ],
            [
              103.88139188289642,
              1.2849868844713597
            ]
          ]
        ]
      },
      "properties": {
        "id": "561591ddfd"
      }
    },
    {
      "type": "Feature",
      "geometry": {
        "type": "Polygon",
        "coordinates": [
          [
            [
              103.88574779033661,
              1.2879472968339247
            ],
            [
              103.88134896755219,
              1.284943979919114
            ],
            [
              103.88574779033661,
              1.2879472968339247
            ]
          ]
        ]
      },
      "properties": {
        "id": "025c312bd3"
      }
    },
    {
      "type": "Feature",
      "geometry": {
        "type": "Polygon",
        "coordinates": [
          [
            [
              103.90458762645721,
              1.3174868740152332
            ],
            [
              103.90231311321259,
              1.3170471079859225
            ],
            [
              103.89950215816498,
              1.3164893558371162
            ],
            [
              103.8979035615921,
              1.316199753710638
            ],
            [
              103.90458762645721,
              1.3174868740152332
            ]
          ]
        ]
      },
      "properties": {
        "id": "89a5e69321"
      }
    },
    {
      "type": "Feature",
      "geometry": {
        "type": "Polygon",
        "coordinates": [
          [
            [
              103.90929758548737,
              1.3183771318369193
            ],
            [
              103.90458762645721,
              1.3174868740152332
            ],
            [
              103.90231311321259,
              1.3170471079859225
            ],
            [
              103.89950215816498,
              1.3164893558371162
            ],
            [
              103.8979035615921,
              1.316199753710638
            ],
            [
              103.90929758548737,
              1.3183771318369193
            ]
          ]
        ]
      },
      "properties": {
        "id": "3a8971d0e9"
      }
    },
    {
      "type": "Feature",
      "geometry": {
        "type": "Polygon",
        "coordinates": [
          [
            [
              103.91331017017365,
              1.3191923073944705
            ],
            [
              103.9127629995346,
              1.3190421434960398
            ],
            [
              103.91008079051971,
              1.3185272957755012
            ],
            [
              103.90924394130707,
              1.3183771318369575
            ],
            [
              103.91331017017365,
              1.3191923073944705
            ]
          ]
        ]
      },
      "properties": {
        "id": "49300990e2"
      }
    },
    {
      "type": "Feature",
      "geometry": {
        "type": "Polygon",
        "coordinates": [
          [
            [
              103.90922784805298,
              1.3350828142197206
            ],
            [
              103.90943169593811,
              1.3340960290592971
            ],
            [
              103.90922784805298,
              1.3350828142197206
            ]
          ]
        ]
      },
      "properties": {
        "id": "57ffe53b4e"
      }
    },
    {
      "type": "Feature",
      "geometry": {
        "type": "Polygon",
        "coordinates": [
          [
            [
              103.90945315361023,
              1.3318435831890163
            ],
            [
              103.9095389842987,
              1.332766013651668
            ],
            [
              103.90954971313477,
              1.333388117722118
            ],
            [
              103.90943169593811,
              1.3340960290592971
            ],
            [
              103.90945315361023,
              1.3318435831890163
            ]
          ]
        ]
      },
      "properties": {
        "id": "a03be8e1ef"
      }
    },
    {
      "type": "Feature",
      "geometry": {
        "type": "Polygon",
        "coordinates": [
          [
            [
              103.91337990760803,
              1.3418508626193213
            ],
            [
              103.9140772819519,
              1.3425480456235348
            ],
            [
              103.91539692878723,
              1.3417543295722896
            ],
            [
              103.91671657562256,
              1.3410464204444383
            ],
            [
              103.91337990760803,
              1.3418508626193213
            ]
          ]
        ]
      },
      "properties": {
        "id": "eb887c5d9d"
      }
    },
    {
      "type": "Feature",
      "geometry": {
        "type": "Polygon",
        "coordinates": [
          [
            [
              103.9172637462616,
              1.3420546545949565
            ],
            [
              103.91671657562256,
              1.3410464204444383
            ],
            [
              103.9172637462616,
              1.3420546545949565
            ]
          ]
        ]
      },
      "properties": {
        "id": "be5dc6dea4"
      }
    },
    {
      "type": "Feature",
      "geometry": {
        "type": "Polygon",
        "coordinates": [
          [
            [
              103.91801476478577,
              1.3421190099521467
            ],
            [
              103.91795039176941,
              1.3420868322737678
            ],
            [
              103.9172637462616,
              1.3420653804879403
            ],
            [
              103.91801476478577,
              1.3421190099521467
            ]
          ]
        ]
      },
      "properties": {
        "id": "b6735ba2d8"
      }
    },
    {
      "type": "Feature",
      "geometry": {
        "type": "Polygon",
        "coordinates": [
          [
            [
              103.91739249229431,
              1.341936669769018
            ],
            [
              103.91798257827759,
              1.341958121555978
            ],
            [
              103.91802549362183,
              1.3419688474493943
            ],
            [
              103.91739249229431,
              1.341936669769018
            ]
          ]
        ]
      },
      "properties": {
        "id": "5e4bd26a2b"
      }
    },
    {
      "type": "Feature",
      "geometry": {
        "type": "Polygon",
        "coordinates": [
          [
            [
              103.91802549362183,
              1.3421297358448634
            ],
            [
              103.91802549362183,
              1.3419688474493943
            ],
            [
              103.91802549362183,
              1.3421297358448634
            ]
          ]
        ]
      },
      "properties": {
        "id": "d10ad996ca"
      }
    },
    {
      "type": "Feature",
      "geometry": {
        "type": "Polygon",
        "coordinates": [
          [
            [
              103.91753196716309,
              1.3411644053133016
            ],
            [
              103.9176070690155,
              1.341368197346136
            ],
            [
              103.91719937324524,
              1.3416041670471333
            ],
            [
              103.91737103462219,
              1.341936669769018
            ],
            [
              103.91753196716309,
              1.3411644053133016
            ]
          ]
        ]
      },
      "properties": {
        "id": "ab3466a658"
      }
    },
    {
      "type": "Feature",
      "geometry": {
        "type": "Polygon",
        "coordinates": [
          [
            [
              103.91799330711365,
              1.3400703635843985
            ],
            [
              103.91810059547424,
              1.3402634298074525
            ],
            [
              103.91694188117981,
              1.3409284355698883
            ],
            [
              103.91712427139282,
              1.3413252937616822
            ],
            [
              103.91751050949097,
              1.3411429535193826
            ],
            [
              103.91799330711365,
              1.3400703635843985
            ]
          ]
        ]
      },
      "properties": {
        "id": "f36c2f6d60"
      }
    },
    {
      "type": "Feature",
      "geometry": {
        "type": "Polygon",
        "coordinates": [
          [
            [
              103.91237139701843,
              1.3426982080907286
            ],
            [
              103.91335844993591,
              1.34182941083142
            ],
            [
              103.91237139701843,
              1.3426982080907286
            ]
          ]
        ]
      },
      "properties": {
        "id": "119c5b7466"
      }
    },
    {
      "type": "Feature",
      "geometry": {
        "type": "Polygon",
        "coordinates": [
          [
            [
              103.91238212585449,
              1.3426874822005308
            ],
            [
              103.9123284816742,
              1.3427625634309854
            ],
            [
              103.91098737716675,
              1.341443278617098
            ],
            [
              103.91238212585449,
              1.3426874822005308
            ]
          ]
        ]
      },
      "properties": {
        "id": "7dee2336a3"
      }
    },
    {
      "type": "Feature",
      "geometry": {
        "type": "Polygon",
        "coordinates": [
          [
            [
              103.90421748161316,
              1.341282390176567
            ],
            [
              103.90552639961243,
              1.3426231268583784
            ],
            [
              103.91097664833069,
              1.341454004512766
            ],
            [
              103.90421748161316,
              1.341282390176567
            ]
          ]
        ]
      },
      "properties": {
        "id": "031cd1f06c"
      }
    },
    {
      "type": "Feature",
      "geometry": {
        "type": "Polygon",
        "coordinates": [
          [
            [
              103.9022970199585,
              1.3417436036780208
            ],
            [
              103.90103101730347,
              1.3391908394864
            ],
            [
              103.9022970199585,
              1.3417436036780208
            ]
          ]
        ]
      },
      "properties": {
        "id": "d6b8e7f756"
      }
    },
    {
      "type": "Feature",
      "geometry": {
        "type": "Polygon",
        "coordinates": [
          [
            [
              103.90419602394104,
              1.341282390176567
            ],
            [
              103.9022970199585,
              1.3417650554666727
            ],
            [
              103.90419602394104,
              1.341282390176567
            ]
          ]
        ]
      },
      "properties": {
        "id": "d0eafab667"
      }
    },
    {
      "type": "Feature",
      "geometry": {
        "type": "Polygon",
        "coordinates": [
          [
            [
              103.90944242477417,
              1.3318221313139043
            ],
            [
              103.9086377620697,
              1.3318972128767521
            ],
            [
              103.90803694725037,
              1.331865035064383
            ],
            [
              103.9073395729065,
              1.3315968866116206
            ],
            [
              103.90649199485779,
              1.3311463971453248
            ],
            [
              103.90661001205444,
              1.3309318783229338
            ],
            [
              103.90944242477417,
              1.3318221313139043
            ]
          ]
        ]
      },
      "properties": {
        "id": "50ffc22d4c"
      }
    },
    {
      "type": "Feature",
      "geometry": {
        "type": "Polygon",
        "coordinates": [
          [
            [
              103.9075219631195,
              1.331178574967083
            ],
            [
              103.9066207408905,
              1.330942604264491
            ],
            [
              103.9075219631195,
              1.331178574967083
            ]
          ]
        ]
      },
      "properties": {
        "id": "897a9e410c"
      }
    },
    {
      "type": "Feature",
      "geometry": {
        "type": "Polygon",
        "coordinates": [
          [
            [
              103.90777945518494,
              1.3308246189047281
            ],
            [
              103.90761852264404,
              1.3312107527884087
            ],
            [
              103.9075219631195,
              1.331178574967083
            ],
            [
              103.9066207408905,
              1.330942604264491
            ],
            [
              103.90777945518494,
              1.3308246189047281
            ]
          ]
        ]
      },
      "properties": {
        "id": "16e3252885"
      }
    },
    {
      "type": "Feature",
      "geometry": {
        "type": "Polygon",
        "coordinates": [
          [
            [
              103.90799939632416,
              1.3306261889688278
            ],
            [
              103.90777945518494,
              1.330813892962713
            ],
            [
              103.90799939632416,
              1.3306261889688278
            ]
          ]
        ]
      },
      "properties": {
        "id": "b30c723de5"
      }
    },
    {
      "type": "Feature",
      "geometry": {
        "type": "Polygon",
        "coordinates": [
          [
            [
              103.9086377620697,
              1.330486751706969
            ],
            [
              103.90799939632416,
              1.3306208259973558
            ],
            [
              103.9086377620697,
              1.330486751706969
            ]
          ]
        ]
      },
      "properties": {
        "id": "2d4e17e35e"
      }
    },
    {
      "type": "Feature",
      "geometry": {
        "type": "Polygon",
        "coordinates": [
          [
            [
              103.90875577926636,
              1.3286740665860113
            ],
            [
              103.90866458415985,
              1.329853920957989
            ],
            [
              103.90863239765167,
              1.3304760257634272
            ],
            [
              103.90875577926636,
              1.3286740665860113
            ]
          ]
        ]
      },
      "properties": {
        "id": "2cdb039f2d"
      }
    },
    {
      "type": "Feature",
      "geometry": {
        "type": "Polygon",
        "coordinates": [
          [
            [
              103.90942096710205,
              1.3276390120592603
            ],
            [
              103.9087450504303,
              1.328636525755823
            ],
            [
              103.9087450504303,
              1.3286579776588476
            ],
            [
              103.90942096710205,
              1.3276390120592603
            ]
          ]
        ]
      },
      "properties": {
        "id": "37e377c02a"
      }
    },
    {
      "type": "Feature",
      "geometry": {
        "type": "Polygon",
        "coordinates": [
          [
            [
              103.91304731369019,
              1.3380860709657902
            ],
            [
              103.915354013443,
              1.3393946316838599
            ],
            [
              103.91612648963928,
              1.3409606132639917
            ],
            [
              103.91795039176941,
              1.3400596376826746
            ],
            [
              103.91304731369019,
              1.3380860709657902
            ]
          ]
        ]
      },
      "properties": {
        "id": "247db2ec6d"
      }
    },
    {
      "type": "Feature",
      "geometry": {
        "type": "Polygon",
        "coordinates": [
          [
            [
              103.91311168670654,
              1.336562991218148
            ],
            [
              103.91123414039612,
              1.3356191103369894
            ],
            [
              103.91045093536377,
              1.3353724141378125
            ],
            [
              103.90922784805298,
              1.335072088296725
            ],
            [
              103.91311168670654,
              1.336562991218148
            ]
          ]
        ]
      },
      "properties": {
        "id": "364597a2de"
      }
    },
    {
      "type": "Feature",
      "geometry": {
        "type": "Polygon",
        "coordinates": [
          [
            [
              103.91363203525543,
              1.336825776171632
            ],
            [
              103.9133369922638,
              1.337463968084435
            ],
            [
              103.91304731369019,
              1.338075345055377
            ],
            [
              103.91363203525543,
              1.336825776171632
            ]
          ]
        ]
      },
      "properties": {
        "id": "7f007bb163"
      }
    },
    {
      "type": "Feature",
      "geometry": {
        "type": "Polygon",
        "coordinates": [
          [
            [
              103.91311705112457,
              1.3365683541766307
            ],
            [
              103.91339600086212,
              1.336702428135731
            ],
            [
              103.9136266708374,
              1.3368096872977362
            ],
            [
              103.91311705112457,
              1.3365683541766307
            ]
          ]
        ]
      },
      "properties": {
        "id": "5a867a02aa"
      }
    },
    {
      "type": "Feature",
      "geometry": {
        "type": "Polygon",
        "coordinates": [
          [
            [
              103.84156107902527,
              1.4016469793475392
            ],
            [
              103.84074568748474,
              1.3990299251778924
            ],
            [
              103.84010195732117,
              1.3980002637204059
            ],
            [
              103.83709788322449,
              1.397742848285464
            ],
            [
              103.84156107902527,
              1.4016469793475392
            ]
          ]
        ]
      },
      "properties": {
        "id": "bd9cdadd86"
      }
    },
    {
      "type": "Feature",
      "geometry": {
        "type": "Polygon",
        "coordinates": [
          [
            [
              103.85821223258972,
              1.414217379006037
            ],
            [
              103.85005831718445,
              1.4068810789068102
            ],
            [
              103.84718298912048,
              1.404521445310673
            ],
            [
              103.84469389915466,
              1.403706298605358
            ],
            [
              103.84516596794128,
              1.4004886114689887
            ],
            [
              103.84443640708923,
              1.3999308785824867
            ],
            [
              103.84246230125427,
              1.4020760043423524
            ],
            [
              103.84233355522156,
              1.4025908342323326
            ],
            [
              103.84156107902527,
              1.4017327843527918
            ],
            [
              103.85821223258972,
              1.414217379006037
            ]
          ]
        ]
      },
      "properties": {
        "id": "129d93f8b0"
      }
    },
    {
      "type": "Feature",
      "geometry": {
        "type": "Polygon",
        "coordinates": [
          [
            [
              103.86297583580017,
              1.4215107537781693
            ],
            [
              103.8612163066864,
              1.4185076022436145
            ],
            [
              103.8608729839325,
              1.4171347316719272
            ],
            [
              103.8601005077362,
              1.4171347316719272
            ],
            [
              103.85821223258972,
              1.4142602812777105
            ],
            [
              103.86297583580017,
              1.4215107537781693
            ]
          ]
        ]
      },
      "properties": {
        "id": "760bb7362e"
      }
    },
    {
      "type": "Feature",
      "geometry": {
        "type": "Polygon",
        "coordinates": [
          [
            [
              103.87718081474304,
              1.4321075572144004
            ],
            [
              103.87473464012146,
              1.431764341674601
            ],
            [
              103.86949896812439,
              1.4285466934914774
            ],
            [
              103.86503577232361,
              1.4240848805563255
            ],
            [
              103.8628900051117,
              1.4213391452242439
            ],
            [
              103.87718081474304,
              1.4321075572144004
            ]
          ]
        ]
      },
      "properties": {
        "id": "c2c67376ba"
      }
    },
    {
      "type": "Feature",
      "geometry": {
        "type": "Polygon",
        "coordinates": [
          [
            [
              103.88402581214905,
              1.4284179874703617
            ],
            [
              103.87990593910217,
              1.4312495182684999
            ],
            [
              103.88402581214905,
              1.4284179874703617
            ]
          ]
        ]
      },
      "properties": {
        "id": "3590cb52b9"
      }
    },
    {
      "type": "Feature",
      "geometry": {
        "type": "Polygon",
        "coordinates": [
          [
            [
              103.87720227241516,
              1.4321075572144004
            ],
            [
              103.87934803962708,
              1.431592733885421
            ],
            [
              103.88001322746277,
              1.4311637143562894
            ],
            [
              103.87720227241516,
              1.4321075572144004
            ]
          ]
        ]
      },
      "properties": {
        "id": "08d573c8fb"
      }
    },
    {
      "type": "Feature",
      "geometry": {
        "type": "Polygon",
        "coordinates": [
          [
            [
              103.89503359794617,
              1.4218110687170022
            ],
            [
              103.88393998146057,
              1.4284608894782271
            ],
            [
              103.89503359794617,
              1.4218110687170022
            ]
          ]
        ]
      },
      "properties": {
        "id": "9c9b60dc8a"
      }
    },
    {
      "type": "Feature",
      "geometry": {
        "type": "Polygon",
        "coordinates": [
          [
            [
              103.89514088630676,
              1.4159012925737813
            ],
            [
              103.89771580696106,
              1.4193227437603124
            ],
            [
              103.8970935344696,
              1.4205025533410727
            ],
            [
              103.89503359794617,
              1.4217896176512395
            ],
            [
              103.89514088630676,
              1.4159012925737813
            ]
          ]
        ]
      },
      "properties": {
        "id": "12f5dcdbf4"
      }
    },
    {
      "type": "Feature",
      "geometry": {
        "type": "Polygon",
        "coordinates": [
          [
            [
              103.89793038368225,
              1.414496243758047
            ],
            [
              103.8951301574707,
              1.4158905670136872
            ],
            [
              103.89501214027405,
              1.4156438791139132
            ],
            [
              103.89793038368225,
              1.414496243758047
            ]
          ]
        ]
      },
      "properties": {
        "id": "60289aa0f8"
      }
    },
    {
      "type": "Feature",
      "geometry": {
        "type": "Polygon",
        "coordinates": [
          [
            [
              103.89421820640564,
              1.4150646987248494
            ],
            [
              103.89500141143799,
              1.415622427991015
            ],
            [
              103.89421820640564,
              1.4150646987248494
            ]
          ]
        ]
      },
      "properties": {
        "id": "04e2260ad5"
      }
    },
    {
      "type": "Feature",
      "geometry": {
        "type": "Polygon",
        "coordinates": [
          [
            [
              103.89360666275024,
              1.413809807385726
            ],
            [
              103.89425039291382,
              1.4150539731607221
            ],
            [
              103.89360666275024,
              1.413809807385726
            ]
          ]
        ]
      },
      "properties": {
        "id": "87473cfa58"
      }
    },
    {
      "type": "Feature",
      "geometry": {
        "type": "Polygon",
        "coordinates": [
          [
            [
              103.8861608505249,
              1.4011965030185247
            ],
            [
              103.8863754272461,
              1.4028697003756063
            ],
            [
              103.8861608505249,
              1.4011965030185247
            ]
          ]
        ]
      },
      "properties": {
        "id": "9390fff7e5"
      }
    },
    {
      "type": "Feature",
      "geometry": {
        "type": "Polygon",
        "coordinates": [
          [
            [
              103.89326333999634,
              1.4095839290023966
            ],
            [
              103.89225482940674,
              1.4084255650596043
            ],
            [
              103.89135360717773,
              1.407245749340793
            ],
            [
              103.89028072357178,
              1.406516408416099
            ],
            [
              103.8878345489502,
              1.4051435307630467
            ],
            [
              103.88684749603271,
              1.4038564572304544
            ],
            [
              103.88633251190186,
              1.402826797894207
            ],
            [
              103.89326333999634,
              1.4095839290023966
            ]
          ]
        ]
      },
      "properties": {
        "id": "22c58443bf"
      }
    },
    {
      "type": "Feature",
      "geometry": {
        "type": "Polygon",
        "coordinates": [
          [
            [
              103.89500141143799,
              1.4121366178784824
            ],
            [
              103.89482975006104,
              1.412737250147951
            ],
            [
              103.8936710357666,
              1.413809807385726
            ],
            [
              103.89500141143799,
              1.4121366178784824
            ]
          ]
        ]
      },
      "properties": {
        "id": "06e6a937f5"
      }
    },
    {
      "type": "Feature",
      "geometry": {
        "type": "Polygon",
        "coordinates": [
          [
            [
              103.89326333999634,
              1.4095839290023966
            ],
            [
              103.89472246170044,
              1.4111498645274096
            ],
            [
              103.89502286911011,
              1.4120937155675737
            ],
            [
              103.89326333999634,
              1.4095839290023966
            ]
          ]
        ]
      },
      "properties": {
        "id": "1f916e94df"
      }
    },
    {
      "type": "Feature",
      "geometry": {
        "type": "Polygon",
        "coordinates": [
          [
            [
              103.90166401863098,
              1.4189902518607738
            ],
            [
              103.8997757434845,
              1.417595930470707
            ],
            [
              103.89893889427185,
              1.416587728327065
            ],
            [
              103.89793038368225,
              1.414506969324744
            ],
            [
              103.90166401863098,
              1.4189902518607738
            ]
          ]
        ]
      },
      "properties": {
        "id": "11ce26fd6e"
      }
    },
    {
      "type": "Feature",
      "geometry": {
        "type": "Polygon",
        "coordinates": [
          [
            [
              103.8977587223053,
              1.4140350443428755
            ],
            [
              103.89779090881348,
              1.4142710068458069
            ],
            [
              103.89501214027405,
              1.4156224279911676
            ],
            [
              103.8977587223053,
              1.4140350443428755
            ]
          ]
        ]
      },
      "properties": {
        "id": "cefd6b1ef6"
      }
    },
    {
      "type": "Feature",
      "geometry": {
        "type": "Polygon",
        "coordinates": [
          [
            [
              103.89678239822388,
              1.411975734208656
            ],
            [
              103.8977587223053,
              1.4140135932050542
            ],
            [
              103.89678239822388,
              1.411975734208656
            ]
          ]
        ]
      },
      "properties": {
        "id": "c8d6c4be2a"
      }
    },
    {
      "type": "Feature",
      "geometry": {
        "type": "Polygon",
        "coordinates": [
          [
            [
              103.90689969062805,
              1.420277317013304
            ],
            [
              103.90479683876038,
              1.420427474567762
            ],
            [
              103.90391707420349,
              1.420255865933305
            ],
            [
              103.9016854763031,
              1.4190331540440912
            ],
            [
              103.90689969062805,
              1.420277317013304
            ]
          ]
        ]
      },
      "properties": {
        "id": "0389e88737"
      }
    },
    {
      "type": "Feature",
      "geometry": {
        "type": "Polygon",
        "coordinates": [
          [
            [
              103.91260743141174,
              1.4211139089780755
            ],
            [
              103.91106247901917,
              1.4215858325168373
            ],
            [
              103.90968918800354,
              1.4214356750376946
            ],
            [
              103.90777945518494,
              1.4211997132650316
            ],
            [
              103.90694260597229,
              1.420298768093112
            ],
            [
              103.91260743141174,
              1.4211139089780755
            ]
          ]
        ]
      },
      "properties": {
        "id": "a14411c72f"
      }
    },
    {
      "type": "Feature",
      "geometry": {
        "type": "Polygon",
        "coordinates": [
          [
            [
              103.9213514328003,
              1.4047037807194327
            ],
            [
              103.9172637462616,
              1.4083826626805933
            ],
            [
              103.91640543937683,
              1.4098306175457367
            ],
            [
              103.91481757164001,
              1.4127479757229555
            ],
            [
              103.9213514328003,
              1.4047037807194327
            ]
          ]
        ]
      },
      "properties": {
        "id": "bb895e2b82"
      }
    },
    {
      "type": "Feature",
      "geometry": {
        "type": "Polygon",
        "coordinates": [
          [
            [
              103.9147961139679,
              1.4127479757229555
            ],
            [
              103.91404509544373,
              1.4166949838951326
            ],
            [
              103.91398072242737,
              1.417703185992097
            ],
            [
              103.91393780708313,
              1.4186684854607334
            ],
            [
              103.91344428062439,
              1.4193120182160954
            ],
            [
              103.91265034675598,
              1.4211353600501102
            ],
            [
              103.9147961139679,
              1.4127479757229555
            ]
          ]
        ]
      },
      "properties": {
        "id": "06030ffd3f"
      }
    },
    {
      "type": "Feature",
      "geometry": {
        "type": "Polygon",
        "coordinates": [
          [
            [
              103.92447352409363,
              1.4029233284764615
            ],
            [
              103.92136216163635,
              1.404703780719369
            ],
            [
              103.92447352409363,
              1.4029233284764615
            ]
          ]
        ]
      },
      "properties": {
        "id": "5078034329"
      }
    },
    {
      "type": "Feature",
      "geometry": {
        "type": "Polygon",
        "coordinates": [
          [
            [
              103.92159819602966,
              1.3968633453370092
            ],
            [
              103.92428040504456,
              1.3988368636895139
            ],
            [
              103.92565369606018,
              1.3995662070085166
            ],
            [
              103.92159819602966,
              1.3968633453370092
            ]
          ]
        ]
      },
      "properties": {
        "id": "31775a49e1"
      }
    },
    {
      "type": "Feature",
      "geometry": {
        "type": "Polygon",
        "coordinates": [
          [
            [
              103.92573952674866,
              1.4004886114694721
            ],
            [
              103.92558932304382,
              1.4007031240827843
            ],
            [
              103.9250099658966,
              1.4010463442232304
            ],
            [
              103.92458081245422,
              1.4013466618048753
            ],
            [
              103.92464518547058,
              1.4026766392034766
            ],
            [
              103.92449498176575,
              1.4029340540965536
            ],
            [
              103.92573952674866,
              1.4004886114694721
            ]
          ]
        ]
      },
      "properties": {
        "id": "9d89e82541"
      }
    },
    {
      "type": "Feature",
      "geometry": {
        "type": "Polygon",
        "coordinates": [
          [
            [
              103.92576098442078,
              1.4004457089444484
            ],
            [
              103.92580389976501,
              1.4000595861839438
            ],
            [
              103.9256751537323,
              1.3995876582791709
            ],
            [
              103.92576098442078,
              1.4004457089444484
            ]
          ]
        ]
      },
      "properties": {
        "id": "81cd76ed91"
      }
    },
    {
      "type": "Feature",
      "geometry": {
        "type": "Polygon",
        "coordinates": [
          [
            [
              103.88737320899963,
              1.4009819904507708
            ],
            [
              103.88741612434387,
              1.4026551879611422
            ],
            [
              103.88842463493347,
              1.4040495183059205
            ],
            [
              103.88949751853943,
              1.4047359575548117
            ],
            [
              103.89106392860413,
              1.4054438478189966
            ],
            [
              103.89217972755432,
              1.4062804451273163
            ],
            [
              103.89499068260193,
              1.4093479660241122
            ],
            [
              103.89623522758484,
              1.4108924505412614
            ],
            [
              103.89681458473206,
              1.411986459787223
            ],
            [
              103.88737320899963,
              1.4009819904507708
            ]
          ]
        ]
      },
      "properties": {
        "id": "425bd35248"
      }
    },
    {
      "type": "Feature",
      "geometry": {
        "type": "Polygon",
        "coordinates": [
          [
            [
              103.93802404403687,
              1.3445537863780423
            ],
            [
              103.9385175704956,
              1.3445216087317235
            ],
            [
              103.93802404403687,
              1.3445537863780423
            ]
          ]
        ]
      },
      "properties": {
        "id": "b4e3583896"
      }
    },
    {
      "type": "Feature",
      "geometry": {
        "type": "Polygon",
        "coordinates": [
          [
            [
              103.9150857925415,
              1.342097558156574
            ],
            [
              103.91804695129395,
              1.3454011309119112
            ],
            [
              103.92075061798096,
              1.346988560385546
            ],
            [
              103.92457008361816,
              1.3486617957382208
            ],
            [
              103.9150857925415,
              1.342097558156574
            ]
          ]
        ]
      },
      "properties": {
        "id": "643d765368"
      }
    },
    {
      "type": "Feature",
      "geometry": {
        "type": "Polygon",
        "coordinates": [
          [
            [
              103.92459154129028,
              1.348704699193684
            ],
            [
              103.92557859420776,
              1.3502277713723057
            ],
            [
              103.92598628997803,
              1.3498416404876974
            ],
            [
              103.92523527145386,
              1.348490181908811
            ],
            [
              103.92826080322266,
              1.3463879115170807
            ],
            [
              103.93042802810669,
              1.3448219334143512
            ],
            [
              103.93330335617065,
              1.34187231439707
            ],
            [
              103.92459154129028,
              1.348704699193684
            ]
          ]
        ]
      },
      "properties": {
        "id": "96fd00cf25"
      }
    },
    {
      "type": "Feature",
      "geometry": {
        "type": "Polygon",
        "coordinates": [
          [
            [
              103.9354920387268,
              1.3396627792753155
            ],
            [
              103.93594264984131,
              1.340081089475652
            ],
            [
              103.9365005493164,
              1.3408855319677762
            ],
            [
              103.93754124641418,
              1.3428269187596142
            ],
            [
              103.93807768821716,
              1.3438887816012732
            ],
            [
              103.93803477287292,
              1.344553786378144
            ],
            [
              103.9354920387268,
              1.3396627792753155
            ]
          ]
        ]
      },
      "properties": {
        "id": "769c2f89f5"
      }
    },
    {
      "type": "Feature",
      "geometry": {
        "type": "Polygon",
        "coordinates": [
          [
            [
              103.93327116966248,
              1.3419044920782732
            ],
            [
              103.93547058105469,
              1.3396627792753155
            ],
            [
              103.93327116966248,
              1.3419044920782732
            ]
          ]
        ]
      },
      "properties": {
        "id": "7ff68011bb"
      }
    },
    {
      "type": "Feature",
      "geometry": {
        "type": "Polygon",
        "coordinates": [
          [
            [
              103.94059896469116,
              1.3447897557715565
            ],
            [
              103.93852829933167,
              1.3445323346139826
            ],
            [
              103.94059896469116,
              1.3447897557715565
            ]
          ]
        ]
      },
      "properties": {
        "id": "62e492e4a0"
      }
    },
    {
      "type": "Feature",
      "geometry": {
        "type": "Polygon",
        "coordinates": [
          [
            [
              103.9410388469696,
              1.343180873091442
            ],
            [
              103.94060969352722,
              1.3447897557715565
            ],
            [
              103.9410388469696,
              1.343180873091442
            ]
          ]
        ]
      },
      "properties": {
        "id": "0e1b475668"
      }
    },
    {
      "type": "Feature",
      "geometry": {
        "type": "Polygon",
        "coordinates": [
          [
            [
              103.93623232841492,
              1.3399523786524332
            ],
            [
              103.93733739852905,
              1.3392873726244974
            ],
            [
              103.93938660621643,
              1.3384936555162392
            ],
            [
              103.94023418426514,
              1.338322040972566
            ],
            [
              103.9408028125763,
              1.340885531967827
            ],
            [
              103.94104957580566,
              1.34318087309148
            ],
            [
              103.93623232841492,
              1.3399523786524332
            ]
          ]
        ]
      },
      "properties": {
        "id": "fb83d0c737"
      }
    },
    {
      "type": "Feature",
      "geometry": {
        "type": "Polygon",
        "coordinates": [
          [
            [
              103.93579244613647,
              1.3394268093872506
            ],
            [
              103.93622159957886,
              1.3399309268478912
            ],
            [
              103.93579244613647,
              1.3394268093872506
            ]
          ]
        ]
      },
      "properties": {
        "id": "d437d8a9e6"
      }
    },
    {
      "type": "Feature",
      "geometry": {
        "type": "Polygon",
        "coordinates": [
          [
            [
              103.94056677818298,
              1.3364235542825127
            ],
            [
              103.94049167633057,
              1.336445006117715
            ],
            [
              103.93961191177368,
              1.3364664579527268
            ],
            [
              103.93871068954468,
              1.3367882354556002
            ],
            [
              103.93583536148071,
              1.3394697130052147
            ],
            [
              103.94056677818298,
              1.3364235542825127
            ]
          ]
        ]
      },
      "properties": {
        "id": "99f667ab26"
      }
    },
    {
      "type": "Feature",
      "geometry": {
        "type": "Polygon",
        "coordinates": [
          [
            [
              103.90943169593811,
              1.327660463961267
            ],
            [
              103.91164183616638,
              1.3289475783218383
            ],
            [
              103.90943169593811,
              1.327660463961267
            ]
          ]
        ]
      },
      "properties": {
        "id": "f3b1a1cd88"
      }
    },
    {
      "type": "Feature",
      "geometry": {
        "type": "Polygon",
        "coordinates": [
          [
            [
              103.91858339309692,
              1.3209835474760407
            ],
            [
              103.91843318939209,
              1.320924554559526
            ],
            [
              103.91635179519653,
              1.320259543403531
            ],
            [
              103.91449570655823,
              1.3196267100416996
            ],
            [
              103.91334772109985,
              1.3192083963751564
            ],
            [
              103.91858339309692,
              1.3209835474760407
            ]
          ]
        ]
      },
      "properties": {
        "id": "2a41f952b9"
      }
    },
    {
      "type": "Feature",
      "geometry": {
        "type": "Polygon",
        "coordinates": [
          [
            [
              103.91646981239319,
              1.328228939553381
            ],
            [
              103.91837954521179,
              1.3280895021561454
            ],
            [
              103.91835808753967,
              1.327553204401158
            ],
            [
              103.91646981239319,
              1.328228939553381
            ]
          ]
        ]
      },
      "properties": {
        "id": "a46c143110"
      }
    },
    {
      "type": "Feature",
      "geometry": {
        "type": "Polygon",
        "coordinates": [
          [
            [
              103.91477465629578,
              1.3304706627821463
            ],
            [
              103.91645908355713,
              1.3287437852596236
            ],
            [
              103.91646981239319,
              1.328239665506681
            ],
            [
              103.91477465629578,
              1.3304706627821463
            ]
          ]
        ]
      },
      "properties": {
        "id": "69f3311f85"
      }
    },
    {
      "type": "Feature",
      "geometry": {
        "type": "Polygon",
        "coordinates": [
          [
            [
              103.91895890235901,
              1.3239063765845762
            ],
            [
              103.9190125465393,
              1.3261802816184136
            ],
            [
              103.91818642616272,
              1.3269632767363175
            ],
            [
              103.91835808753967,
              1.327553204401158
            ],
            [
              103.91895890235901,
              1.3239063765845762
            ]
          ]
        ]
      },
      "properties": {
        "id": "eb72579c05"
      }
    },
    {
      "type": "Feature",
      "geometry": {
        "type": "Polygon",
        "coordinates": [
          [
            [
              103.91938805580139,
              1.3225978076477751
            ],
            [
              103.91896426677704,
              1.3238956506125492
            ],
            [
              103.91938805580139,
              1.3225978076477751
            ]
          ]
        ]
      },
      "properties": {
        "id": "8ba5891d3d"
      }
    },
    {
      "type": "Feature",
      "geometry": {
        "type": "Polygon",
        "coordinates": [
          [
            [
              103.91943097114563,
              1.3225388147696053
            ],
            [
              103.91938805580139,
              1.322608533625489
            ],
            [
              103.91943097114563,
              1.3225388147696053
            ]
          ]
        ]
      },
      "properties": {
        "id": "f0f4c9afe0"
      }
    },
    {
      "type": "Feature",
      "geometry": {
        "type": "Polygon",
        "coordinates": [
          [
            [
              103.9194256067276,
              1.321568113572988
            ],
            [
              103.91955435276031,
              1.3218898930172462
            ],
            [
              103.91943633556366,
              1.3225334517806149
            ],
            [
              103.9194256067276,
              1.321568113572988
            ]
          ]
        ]
      },
      "properties": {
        "id": "f77850ded4"
      }
    },
    {
      "type": "Feature",
      "geometry": {
        "type": "Polygon",
        "coordinates": [
          [
            [
              103.91921639442444,
              1.3211766151930266
            ],
            [
              103.91942024230957,
              1.3215627505819874
            ],
            [
              103.91921639442444,
              1.3211766151930266
            ]
          ]
        ]
      },
      "properties": {
        "id": "e640902c87"
      }
    },
    {
      "type": "Feature",
      "geometry": {
        "type": "Polygon",
        "coordinates": [
          [
            [
              103.9185780286789,
              1.3209835474760407
            ],
            [
              103.91909837722778,
              1.3211337112572106
            ],
            [
              103.91921103000641,
              1.3211658892091427
            ],
            [
              103.9185780286789,
              1.3209835474760407
            ]
          ]
        ]
      },
      "properties": {
        "id": "30e4d0112a"
      }
    },
    {
      "type": "Feature",
      "geometry": {
        "type": "Polygon",
        "coordinates": [
          [
            [
              103.93489927053452,
              1.3089355560465736
            ],
            [
              103.93479734659195,
              1.3092895152249688
            ],
            [
              103.93418312072754,
              1.3115929301761342
            ],
            [
              103.93489927053452,
              1.3089355560465736
            ]
          ]
        ]
      },
      "properties": {
        "id": "d18004ebd0"
      }
    },
    {
      "type": "Feature",
      "geometry": {
        "type": "Polygon",
        "coordinates": [
          [
            [
              103.92104029655457,
              1.3024757922826578
            ],
            [
              103.93088936805725,
              1.3048998815866584
            ],
            [
              103.93365740776062,
              1.3052431152816997
            ],
            [
              103.93582731485367,
              1.3060770657001881
            ],
            [
              103.94245773553848,
              1.308629863988551
            ],
            [
              103.92104029655457,
              1.3024757922826578
            ]
          ]
        ]
      },
      "properties": {
        "id": "aeb5a3aa03"
      }
    },
    {
      "type": "Feature",
      "geometry": {
        "type": "Polygon",
        "coordinates": [
          [
            [
              103.9170491695404,
              1.301424637788618
            ],
            [
              103.92101883888245,
              1.3024757922826578
            ],
            [
              103.9170491695404,
              1.301424637788618
            ]
          ]
        ]
      },
      "properties": {
        "id": "f6ea148f37"
      }
    },
    {
      "type": "Feature",
      "geometry": {
        "type": "Polygon",
        "coordinates": [
          [
            [
              103.88900399208069,
              1.2906770943132182
            ],
            [
              103.88578534126282,
              1.2880599211461456
            ],
            [
              103.88900399208069,
              1.2906770943132182
            ]
          ]
        ]
      },
      "properties": {
        "id": "4a126d50d4"
      }
    },
    {
      "type": "Feature",
      "geometry": {
        "type": "Polygon",
        "coordinates": [
          [
            [
              103.91702771186829,
              1.3014031856517208
            ],
            [
              103.91237139701843,
              1.2994939447198908
            ],
            [
              103.90910983085632,
              1.2984642411462242
            ],
            [
              103.9003336429596,
              1.2958685281935765
            ],
            [
              103.88900399208069,
              1.2906770943132182
            ],
            [
              103.88578534126282,
              1.2880599211461456
            ],
            [
              103.91702771186829,
              1.3014031856517208
            ]
          ]
        ]
      },
      "properties": {
        "id": "473ad519a6"
      }
    },
    {
      "type": "Feature",
      "geometry": {
        "type": "Polygon",
        "coordinates": [
          [
            [
              103.93264889717102,
              1.3184790287923633
            ],
            [
              103.93337845802307,
              1.3144245991969041
            ],
            [
              103.9341938495636,
              1.3115500260763033
            ],
            [
              103.93264889717102,
              1.3184790287923633
            ]
          ]
        ]
      },
      "properties": {
        "id": "5095132dc8"
      }
    },
    {
      "type": "Feature",
      "geometry": {
        "type": "Polygon",
        "coordinates": [
          [
            [
              103.9283037185669,
              1.3191654924093923
            ],
            [
              103.92882943153381,
              1.3186291927247624
            ],
            [
              103.92950534820557,
              1.3183288648509062
            ],
            [
              103.93046021461487,
              1.3182859608659698
            ],
            [
              103.93181204795837,
              1.3185326587692625
            ],
            [
              103.93239140510559,
              1.318618466729899
            ],
            [
              103.93264889717102,
              1.3184683027968513
            ],
            [
              103.9283037185669,
              1.3191654924093923
            ]
          ]
        ]
      },
      "properties": {
        "id": "9411e816b4"
      }
    },
    {
      "type": "Feature",
      "geometry": {
        "type": "Polygon",
        "coordinates": [
          [
            [
              103.92588973045349,
              1.3231126545288636
            ],
            [
              103.92614722251892,
              1.3223618361305793
            ],
            [
              103.92732739448547,
              1.3225763556961134
            ],
            [
              103.92773509025574,
              1.3203238993336155
            ],
            [
              103.92790675163269,
              1.3196803399978743
            ],
            [
              103.92835736274719,
              1.3191225884388829
            ],
            [
              103.92588973045349,
              1.3231126545288636
            ]
          ]
        ]
      },
      "properties": {
        "id": "a9d40c1c76"
      }
    },
    {
      "type": "Feature",
      "geometry": {
        "type": "Polygon",
        "coordinates": [
          [
            [
              103.92330944538116,
              1.3225227257997205
            ],
            [
              103.9215874671936,
              1.321916707966168
            ],
            [
              103.9200907945633,
              1.3214233128065962
            ],
            [
              103.91921639442444,
              1.3211712521981331
            ],
            [
              103.92330944538116,
              1.3225227257997205
            ]
          ]
        ]
      },
      "properties": {
        "id": "ca9887581d"
      }
    },
    {
      "type": "Feature",
      "geometry": {
        "type": "Polygon",
        "coordinates": [
          [
            [
              103.92514407634735,
              1.3230161207407753
            ],
            [
              103.92443597316742,
              1.3228766830499872
            ],
            [
              103.9233148097992,
              1.3225227257997205
            ],
            [
              103.92514407634735,
              1.3230161207407753
            ]
          ]
        ]
      },
      "properties": {
        "id": "a75eed8ff1"
      }
    },
    {
      "type": "Feature",
      "geometry": {
        "type": "Polygon",
        "coordinates": [
          [
            [
              103.92588973045349,
              1.3231126545221463
            ],
            [
              103.92586827278137,
              1.3231448324484174
            ],
            [
              103.92514944076538,
              1.3230214837287608
            ],
            [
              103.92588973045349,
              1.3231126545221463
            ]
          ]
        ]
      },
      "properties": {
        "id": "6aa7546969"
      }
    },
    {
      "type": "Feature",
      "geometry": {
        "type": "Polygon",
        "coordinates": [
          [
            [
              103.79153788089752,
              1.3967989914496806
            ],
            [
              103.79531443119049,
              1.3978286534339814
            ],
            [
              103.79896223545074,
              1.3966273810751038
            ],
            [
              103.79939138889313,
              1.3958122316246777
            ],
            [
              103.8014942407608,
              1.3956835237908876
            ],
            [
              103.80239546298981,
              1.397142212161265
            ],
            [
              103.79153788089752,
              1.3967989914496806
            ]
          ]
        ]
      },
      "properties": {
        "id": "18ad4871b4"
      }
    },
    {
      "type": "Feature",
      "geometry": {
        "type": "Polygon",
        "coordinates": [
          [
            [
              103.78771841526031,
              1.3952544976273606
            ],
            [
              103.79153788089752,
              1.3967989914496806
            ],
            [
              103.79531443119049,
              1.3978286534339814
            ],
            [
              103.79896223545074,
              1.3966273810751038
            ],
            [
              103.79939138889313,
              1.3958122316246777
            ],
            [
              103.8014942407608,
              1.3956835237908876
            ],
            [
              103.80239546298981,
              1.397142212161265
            ],
            [
              103.78771841526031,
              1.3952544976273606
            ]
          ]
        ]
      },
      "properties": {
        "id": "6b6ac123cc"
      }
    },
    {
      "type": "Feature",
      "geometry": {
        "type": "Polygon",
        "coordinates": [
          [
            [
              103.78145277500153,
              1.3916935774524672
            ],
            [
              103.78458559513092,
              1.392208409617778
            ],
            [
              103.7872463464737,
              1.393023560316241
            ],
            [
              103.78763258457184,
              1.3952544976273606
            ],
            [
              103.78145277500153,
              1.3916935774524672
            ]
          ]
        ]
      },
      "properties": {
        "id": "9048890474"
      }
    },
    {
      "type": "Feature",
      "geometry": {
        "type": "Polygon",
        "coordinates": [
          [
            [
              103.79209578037262,
              1.3998879760476541
            ],
            [
              103.78548681735992,
              1.3970564069880793
            ],
            [
              103.78454267978668,
              1.3943964450655946
            ],
            [
              103.78132402896881,
              1.3917793828211553
            ],
            [
              103.79209578037262,
              1.3998879760476541
            ]
          ]
        ]
      },
      "properties": {
        "id": "11f9ae8663"
      }
    },
    {
      "type": "Feature",
      "geometry": {
        "type": "Polygon",
        "coordinates": [
          [
            [
              103.95615845918655,
              1.3117511390369148
            ],
            [
              103.95860463380814,
              1.312641398904499
            ],
            [
              103.95860463380814,
              1.3128344672676973
            ],
            [
              103.96125465631485,
              1.3136496446368036
            ],
            [
              103.96219879388809,
              1.3146471639503021
            ],
            [
              103.96242409944534,
              1.3147222460330437
            ],
            [
              103.96276742219925,
              1.3145291778157182
            ],
            [
              103.96306246519089,
              1.3146257119325995
            ],
            [
              103.96349161863327,
              1.3138105348819558
            ],
            [
              103.95615845918655,
              1.3117511390369148
            ]
          ]
        ]
      },
      "properties": {
        "id": "4828111c1e"
      }
    },
    {
      "type": "Feature",
      "geometry": {
        "type": "Polygon",
        "coordinates": [
          [
            [
              103.94243627786636,
              1.3086513160639999
            ],
            [
              103.94554764032364,
              1.3096595634033623
            ],
            [
              103.95086914300919,
              1.3109037829651258
            ],
            [
              103.9523497223854,
              1.311011043243239
            ],
            [
              103.95616918802261,
              1.311718960963473
            ],
            [
              103.94243627786636,
              1.3086513160639999
            ]
          ]
        ]
      },
      "properties": {
        "id": "3790c4c833"
      }
    },
    {
      "type": "Feature",
      "geometry": {
        "type": "Polygon",
        "coordinates": [
          [
            [
              103.93510311841965,
              1.3058196405188054
            ],
            [
              103.93449157476425,
              1.3074553625775676
            ],
            [
              103.93408387899399,
              1.3086942202144778
            ],
            [
              103.93489390611649,
              1.3089301930283348
            ],
            [
              103.93510311841965,
              1.3058196405188054
            ]
          ]
        ]
      },
      "properties": {
        "id": "fdd68fd6af"
      }
    },
    {
      "type": "Feature",
      "geometry": {
        "type": "Polygon",
        "coordinates": [
          [
            [
              103.96401733160019,
              1.3495171832387305
            ],
            [
              103.96539062261581,
              1.3487234694552845
            ],
            [
              103.96697849035263,
              1.34647103703903
            ],
            [
              103.96900624036789,
              1.3433712576022598
            ],
            [
              103.96997183561325,
              1.3419983436511271
            ],
            [
              103.96401733160019,
              1.3495171832387305
            ]
          ]
        ]
      },
      "properties": {
        "id": "0492c04f7e"
      }
    },
    {
      "type": "Feature",
      "geometry": {
        "type": "Polygon",
        "coordinates": [
          [
            [
              103.94670099020004,
              1.3415585819831075
            ],
            [
              103.94058555364609,
              1.336453050555579
            ],
            [
              103.94670099020004,
              1.3415585819831075
            ]
          ]
        ]
      },
      "properties": {
        "id": "5b58d9b89c"
      }
    },
    {
      "type": "Feature",
      "geometry": {
        "type": "Polygon",
        "coordinates": [
          [
            [
              103.95006984472275,
              1.3375256420736397
            ],
            [
              103.94674390554428,
              1.3415585819831075
            ],
            [
              103.95006984472275,
              1.3375256420736397
            ]
          ]
        ]
      },
      "properties": {
        "id": "d86d1f5f56"
      }
    },
    {
      "type": "Feature",
      "geometry": {
        "type": "Polygon",
        "coordinates": [
          [
            [
              103.95006984472275,
              1.3375041902482967
            ],
            [
              103.95251601934433,
              1.3391988839059565
            ],
            [
              103.953717648983,
              1.3418374552423888
            ],
            [
              103.95449012517929,
              1.3424595570129674
            ],
            [
              103.95006984472275,
              1.3375041902482967
            ]
          ]
        ]
      },
      "properties": {
        "id": "44d25e47be"
      }
    },
    {
      "type": "Feature",
      "geometry": {
        "type": "Polygon",
        "coordinates": [
          [
            [
              103.95605653524399,
              1.339520661050407
            ],
            [
              103.95500510931015,
              1.3412153533135969
            ],
            [
              103.95451158285141,
              1.3424381052304093
            ],
            [
              103.95605653524399,
              1.339520661050407
            ]
          ]
        ]
      },
      "properties": {
        "id": "025004e2bf"
      }
    },
    {
      "type": "Feature",
      "geometry": {
        "type": "Polygon",
        "coordinates": [
          [
            [
              103.95622819662094,
              1.3392846911486147
            ],
            [
              103.95607799291611,
              1.339499209242099
            ],
            [
              103.95622819662094,
              1.3392846911486147
            ]
          ]
        ]
      },
      "properties": {
        "id": "9397c574fa"
      }
    },
    {
      "type": "Feature",
      "geometry": {
        "type": "Polygon",
        "coordinates": [
          [
            [
              103.9588674902916,
              1.3409793835750945
            ],
            [
              103.95624965429306,
              1.3392632393382333
            ],
            [
              103.9588674902916,
              1.3409793835750945
            ]
          ]
        ]
      },
      "properties": {
        "id": "84f304c329"
      }
    },
    {
      "type": "Feature",
      "geometry": {
        "type": "Polygon",
        "coordinates": [
          [
            [
              103.96024078130722,
              1.3387912994623614
            ],
            [
              103.96000474691391,
              1.3382550040385808
            ],
            [
              103.95948976278305,
              1.3388127512768648
            ],
            [
              103.95914644002914,
              1.3402500224213603
            ],
            [
              103.9588674902916,
              1.3410008353704383
            ],
            [
              103.96024078130722,
              1.3387912994623614
            ]
          ]
        ]
      },
      "properties": {
        "id": "f74c85c27e"
      }
    },
    {
      "type": "Feature",
      "geometry": {
        "type": "Polygon",
        "coordinates": [
          [
            [
              103.96403878927231,
              1.3494957315187024
            ],
            [
              103.96365255117416,
              1.3496673452771601
            ],
            [
              103.96024078130722,
              1.3388127512768648
            ],
            [
              103.96403878927231,
              1.3494957315187024
            ]
          ]
        ]
      },
      "properties": {
        "id": "afa9753b41"
      }
    },
    {
      "type": "Feature",
      "geometry": {
        "type": "Polygon",
        "coordinates": [
          [
            [
              103.963802754879,
              1.3529709077661376
            ],
            [
              103.96296590566635,
              1.3562315624341754
            ],
            [
              103.96230071783066,
              1.3579476947060825
            ],
            [
              103.96090596914291,
              1.360285922965162
            ],
            [
              103.963802754879,
              1.3529709077661376
            ]
          ]
        ]
      },
      "properties": {
        "id": "dbc0002401"
      }
    },
    {
      "type": "Feature",
      "geometry": {
        "type": "Polygon",
        "coordinates": [
          [
            [
              103.96365255117416,
              1.349688796996705
            ],
            [
              103.96371692419052,
              1.3500963796209464
            ],
            [
              103.9641460776329,
              1.3515550958213303
            ],
            [
              103.963802754879,
              1.3529280043860028
            ],
            [
              103.96365255117416,
              1.349688796996705
            ]
          ]
        ]
      },
      "properties": {
        "id": "4016c56e65"
      }
    },
    {
      "type": "Feature",
      "geometry": {
        "type": "Polygon",
        "coordinates": [
          [
            [
              103.95648032426834,
              1.3815283006442358
            ],
            [
              103.95644813776016,
              1.3778386510156302
            ],
            [
              103.95644277334213,
              1.3774257102215237
            ],
            [
              103.956238925457,
              1.3771361153363162
            ],
            [
              103.95648032426834,
              1.3815283006442358
            ]
          ]
        ]
      },
      "properties": {
        "id": "5773526183"
      }
    },
    {
      "type": "Feature",
      "geometry": {
        "type": "Polygon",
        "coordinates": [
          [
            [
              103.95667344331741,
              1.3771843811529665
            ],
            [
              103.95624965429306,
              1.377141478204878
            ],
            [
              103.95667344331741,
              1.3771843811529665
            ]
          ]
        ]
      },
      "properties": {
        "id": "8b0815e840"
      }
    },
    {
      "type": "Feature",
      "geometry": {
        "type": "Polygon",
        "coordinates": [
          [
            [
              103.95668417215347,
              1.3774954275034526
            ],
            [
              103.95668417215347,
              1.3771951068898614
            ],
            [
              103.95668417215347,
              1.3774954275034526
            ]
          ]
        ]
      },
      "properties": {
        "id": "a964400403"
      }
    },
    {
      "type": "Feature",
      "geometry": {
        "type": "Polygon",
        "coordinates": [
          [
            [
              103.96176964044571,
              1.3789326756299938
            ],
            [
              103.96023541688919,
              1.378412477714208
            ],
            [
              103.9590123295784,
              1.3778922796847741
            ],
            [
              103.9582559466362,
              1.377506153238948
            ],
            [
              103.9578965306282,
              1.377361355805625
            ],
            [
              103.95770877599716,
              1.3773399043332857
            ],
            [
              103.95730644464493,
              1.3774686131644978
            ],
            [
              103.95667880773544,
              1.3774954275034526
            ],
            [
              103.96176964044571,
              1.3789326756299938
            ]
          ]
        ]
      },
      "properties": {
        "id": "07c80ce524"
      }
    },
    {
      "type": "Feature",
      "geometry": {
        "type": "Polygon",
        "coordinates": [
          [
            [
              103.96205395460129,
              1.3791471902014847
            ],
            [
              103.96178036928177,
              1.3789326756301465
            ],
            [
              103.96205395460129,
              1.3791471902014847
            ]
          ]
        ]
      },
      "properties": {
        "id": "23752ab427"
      }
    },
    {
      "type": "Feature",
      "geometry": {
        "type": "Polygon",
        "coordinates": [
          [
            [
              103.96268159151077,
              1.3794796877489885
            ],
            [
              103.96242409944534,
              1.379420696252032
            ],
            [
              103.96205395460129,
              1.37915255306567
            ],
            [
              103.96268159151077,
              1.3794796877489885
            ]
          ]
        ]
      },
      "properties": {
        "id": "c7a87536ef"
      }
    },
    {
      "type": "Feature",
      "geometry": {
        "type": "Polygon",
        "coordinates": [
          [
            [
              103.96463960409164,
              1.3794046076617146
            ],
            [
              103.9638939499855,
              1.3791311016094496
            ],
            [
              103.9635881781578,
              1.3791203758812696
            ],
            [
              103.96328777074814,
              1.3792329960247502
            ],
            [
              103.9629927277565,
              1.3794046076617146
            ],
            [
              103.9626869559288,
              1.3794796877489885
            ],
            [
              103.96463960409164,
              1.3794046076617146
            ]
          ]
        ]
      },
      "properties": {
        "id": "e66ae1b33d"
      }
    },
    {
      "type": "Feature",
      "geometry": {
        "type": "Polygon",
        "coordinates": [
          [
            [
              103.9666673541069,
              1.380262665660855
            ],
            [
              103.96463960409164,
              1.3794046076617146
            ],
            [
              103.9638939499855,
              1.3791311016094496
            ],
            [
              103.9635881781578,
              1.3791203758812696
            ],
            [
              103.96328777074814,
              1.3792329960247502
            ],
            [
              103.9629927277565,
              1.3794046076617146
            ],
            [
              103.9626869559288,
              1.3794796877489885
            ],
            [
              103.9666673541069,
              1.380262665660855
            ]
          ]
        ]
      },
      "properties": {
        "id": "2125be78f8"
      }
    },
    {
      "type": "Feature",
      "geometry": {
        "type": "Polygon",
        "coordinates": [
          [
            [
              103.96156042814255,
              1.3814585834806237
            ],
            [
              103.95975798368454,
              1.3811904405240378
            ],
            [
              103.9577516913414,
              1.3813513263016177
            ],
            [
              103.95701140165329,
              1.381619469240036
            ],
            [
              103.95646423101425,
              1.3815229377856864
            ],
            [
              103.96156042814255,
              1.3814585834806237
            ]
          ]
        ]
      },
      "properties": {
        "id": "bf03d1606b"
      }
    },
    {
      "type": "Feature",
      "geometry": {
        "type": "Polygon",
        "coordinates": [
          [
            [
              103.96624356508255,
              1.3816409206738653
            ],
            [
              103.96568566560745,
              1.3815175749270732
            ],
            [
              103.96550863981247,
              1.3818018064209374
            ],
            [
              103.96455377340317,
              1.3821664807405658
            ],
            [
              103.96398514509201,
              1.3819734178724117
            ],
            [
              103.96288007497787,
              1.3817803549885586
            ],
            [
              103.96154969930649,
              1.3814693091982444
            ],
            [
              103.96624356508255,
              1.3816409206738653
            ]
          ]
        ]
      },
      "properties": {
        "id": "dfe8cae39f"
      }
    },
    {
      "type": "Feature",
      "geometry": {
        "type": "Polygon",
        "coordinates": [
          [
            [
              103.96898478269577,
              1.384316985515868
            ],
            [
              103.96746128797531,
              1.38333022047445
            ],
            [
              103.96628111600876,
              1.3816570092490688
            ],
            [
              103.96898478269577,
              1.384316985515868
            ]
          ]
        ]
      },
      "properties": {
        "id": "c056af40cc"
      }
    },
    {
      "type": "Feature",
      "geometry": {
        "type": "Polygon",
        "coordinates": [
          [
            [
              103.97325485944748,
              1.388821777222743
            ],
            [
              103.97254675626755,
              1.387277278174886
            ],
            [
              103.97046536207199,
              1.3859472920756868
            ],
            [
              103.96896332502365,
              1.384316985515868
            ],
            [
              103.97325485944748,
              1.388821777222743
            ]
          ]
        ]
      },
      "properties": {
        "id": "910456b4bd"
      }
    },
    {
      "type": "Feature",
      "geometry": {
        "type": "Polygon",
        "coordinates": [
          [
            [
              103.98657470941544,
              1.3917284358874018
            ],
            [
              103.98674100637436,
              1.3904842577090184
            ],
            [
              103.98657470941544,
              1.3917284358874018
            ]
          ]
        ]
      },
      "properties": {
        "id": "5a2e543052"
      }
    },
    {
      "type": "Feature",
      "geometry": {
        "type": "Polygon",
        "coordinates": [
          [
            [
              103.98232609033585,
              1.3928170912551863
            ],
            [
              103.98288935422897,
              1.3924470557432629
            ],
            [
              103.9843162894249,
              1.392264719382703
            ],
            [
              103.98519605398178,
              1.3925811265876205
            ],
            [
              103.98543745279312,
              1.3921252856856863
            ],
            [
              103.98622065782547,
              1.3917767014070772
            ],
            [
              103.9865693449974,
              1.3917284358875162
            ],
            [
              103.98232609033585,
              1.3928170912551863
            ]
          ]
        ]
      },
      "properties": {
        "id": "5b0a8d7edf"
      }
    },
    {
      "type": "Feature",
      "geometry": {
        "type": "Polygon",
        "coordinates": [
          [
            [
              103.98077577352524,
              1.3923773389011793
            ],
            [
              103.98152142763138,
              1.3925114097495062
            ],
            [
              103.9817950129509,
              1.3928814452513154
            ],
            [
              103.98232072591782,
              1.3928224540882532
            ],
            [
              103.98077577352524,
              1.3923773389011793
            ]
          ]
        ]
      },
      "properties": {
        "id": "5bbc0deef1"
      }
    },
    {
      "type": "Feature",
      "geometry": {
        "type": "Polygon",
        "coordinates": [
          [
            [
              103.97940248250961,
              1.3925596752530371
            ],
            [
              103.98049682378769,
              1.3923934274033825
            ],
            [
              103.98077577352524,
              1.392382701735264
            ],
            [
              103.97940248250961,
              1.3925596752530371
            ]
          ]
        ]
      },
      "properties": {
        "id": "4ca02966fc"
      }
    },
    {
      "type": "Feature",
      "geometry": {
        "type": "Polygon",
        "coordinates": [
          [
            [
              103.97382348775864,
              1.3902965583581703
            ],
            [
              103.97337287664413,
              1.3890094766915895
            ],
            [
              103.97323340177536,
              1.3887842373278414
            ],
            [
              103.97382348775864,
              1.3902965583581703
            ]
          ]
        ]
      },
      "properties": {
        "id": "3d7bc2bfbd"
      }
    },
    {
      "type": "Feature",
      "geometry": {
        "type": "Polygon",
        "coordinates": [
          [
            [
              103.97939175367355,
              1.3925596752531644
            ],
            [
              103.97839397192001,
              1.3923558875648532
            ],
            [
              103.97674173116684,
              1.3921950025353398
            ],
            [
              103.97535771131516,
              1.3915836393230445
            ],
            [
              103.97508949041367,
              1.391004452975733
            ],
            [
              103.97381275892258,
              1.3902965583581703
            ],
            [
              103.97939175367355,
              1.3925596752531644
            ]
          ]
        ]
      },
      "properties": {
        "id": "998de28151"
      }
    },
    {
      "type": "Feature",
      "geometry": {
        "type": "Polygon",
        "coordinates": [
          [
            [
              103.93281787633896,
              1.398254997721423
            ],
            [
              103.93002837896347,
              1.399799489570514
            ],
            [
              103.92410606145859,
              1.3973540436734022
            ],
            [
              103.92256110906601,
              1.3958524528255438
            ],
            [
              103.93281787633896,
              1.398254997721423
            ]
          ]
        ]
      },
      "properties": {
        "id": "35752269fb"
      }
    },
    {
      "type": "Feature",
      "geometry": {
        "type": "Polygon",
        "coordinates": [
          [
            [
              103.94594997167587,
              1.3848264564373205
            ],
            [
              103.95097106695175,
              1.382595509281341
            ],
            [
              103.95633548498154,
              1.381565840655851
            ],
            [
              103.94594997167587,
              1.3848264564373205
            ]
          ]
        ]
      },
      "properties": {
        "id": "b8edece9db"
      }
    },
    {
      "type": "Feature",
      "geometry": {
        "type": "Polygon",
        "coordinates": [
          [
            [
              103.93874019384384,
              1.3896744689740204
            ],
            [
              103.94594997167587,
              1.3848264564373205
            ],
            [
              103.95097106695175,
              1.382595509281341
            ],
            [
              103.95633548498154,
              1.381565840655851
            ],
            [
              103.93874019384384,
              1.3896744689740204
            ]
          ]
        ]
      },
      "properties": {
        "id": "362e1e291e"
      }
    },
    {
      "type": "Feature",
      "geometry": {
        "type": "Polygon",
        "coordinates": [
          [
            [
              103.93268913030624,
              1.3983408028508186
            ],
            [
              103.93440574407578,
              1.3966246996671323
            ],
            [
              103.93693774938583,
              1.3917767014076625
            ],
            [
              103.93878310918808,
              1.3896315662518022
            ],
            [
              103.93268913030624,
              1.3983408028508186
            ]
          ]
        ]
      },
      "properties": {
        "id": "3a3ab846c6"
      }
    },
    {
      "type": "Feature",
      "geometry": {
        "type": "Polygon",
        "coordinates": [
          [
            [
              103.96416753530502,
              1.3730281544761618
            ],
            [
              103.9667209982872,
              1.3802143999079177
            ],
            [
              103.96416753530502,
              1.3730281544761618
            ]
          ]
        ]
      },
      "properties": {
        "id": "1978a48c9f"
      }
    },
    {
      "type": "Feature",
      "geometry": {
        "type": "Polygon",
        "coordinates": [
          [
            [
              103.9661630988121,
              1.36642107991038
            ],
            [
              103.96562665700912,
              1.3671182558455055
            ],
            [
              103.96476835012436,
              1.3685876875379375
            ],
            [
              103.96504729986191,
              1.3721164650764677
            ],
            [
              103.96417826414108,
              1.373028154476327
            ],
            [
              103.9661630988121,
              1.36642107991038
            ]
          ]
        ]
      },
      "properties": {
        "id": "4824a35736"
      }
    },
    {
      "type": "Feature",
      "geometry": {
        "type": "Polygon",
        "coordinates": [
          [
            [
              103.96204322576523,
              1.3613585039798097
            ],
            [
              103.96095961332321,
              1.3602537455297012
            ],
            [
              103.96204322576523,
              1.3613585039798097
            ]
          ]
        ]
      },
      "properties": {
        "id": "6fa4bfdeb5"
      }
    },
    {
      "type": "Feature",
      "geometry": {
        "type": "Polygon",
        "coordinates": [
          [
            [
              103.96498292684555,
              1.3643617282746927
            ],
            [
              103.96299809217453,
              1.3622809232688038
            ],
            [
              103.96203249692917,
              1.3613477781720267
            ],
            [
              103.96498292684555,
              1.3643617282746927
            ]
          ]
        ]
      },
      "properties": {
        "id": "5767ce9128"
      }
    },
    {
      "type": "Feature",
      "geometry": {
        "type": "Polygon",
        "coordinates": [
          [
            [
              103.96498292684555,
              1.3643510024802934
            ],
            [
              103.96554082632065,
              1.3648980179330565
            ],
            [
              103.96659225225449,
              1.3659705968909415
            ],
            [
              103.96614164113998,
              1.3664532572658052
            ],
            [
              103.96498292684555,
              1.3643510024802934
            ]
          ]
        ]
      },
      "properties": {
        "id": "1717d7bed1"
      }
    },
    {
      "type": "Feature",
      "geometry": {
        "type": "Polygon",
        "coordinates": [
          [
            [
              103.97153824567795,
              1.340518169934218
            ],
            [
              103.97179573774338,
              1.3410330130677224
            ],
            [
              103.97153824567795,
              1.340518169934218
            ]
          ]
        ]
      },
      "properties": {
        "id": "565b39a486"
      }
    },
    {
      "type": "Feature",
      "geometry": {
        "type": "Polygon",
        "coordinates": [
          [
            [
              103.96992892026901,
              1.3420841507956462
            ],
            [
              103.97145241498947,
              1.3405610735328186
            ],
            [
              103.96992892026901,
              1.3420841507956462
            ]
          ]
        ]
      },
      "properties": {
        "id": "44686dde4f"
      }
    },
    {
      "type": "Feature",
      "geometry": {
        "type": "Polygon",
        "coordinates": [
          [
            [
              103.97705286741257,
              1.3379654044657951
            ],
            [
              103.97265404462814,
              1.3398746158652972
            ],
            [
              103.97149533033371,
              1.3405396217338237
            ],
            [
              103.97705286741257,
              1.3379654044657951
            ]
          ]
        ]
      },
      "properties": {
        "id": "20c038d9d2"
      }
    },
    {
      "type": "Feature",
      "geometry": {
        "type": "Polygon",
        "coordinates": [
          [
            [
              103.97885531187057,
              1.3353697326520828
            ],
            [
              103.97889822721481,
              1.3365281319823372
            ],
            [
              103.97707432508469,
              1.3379439526438748
            ],
            [
              103.97885531187057,
              1.3353697326520828
            ]
          ]
        ]
      },
      "properties": {
        "id": "1041b84323"
      }
    },
    {
      "type": "Feature",
      "geometry": {
        "type": "Polygon",
        "coordinates": [
          [
            [
              103.97289007902145,
              1.3268962394973296
            ],
            [
              103.97885531187057,
              1.3353911844964836
            ],
            [
              103.97289007902145,
              1.3268962394973296
            ]
          ]
        ]
      },
      "properties": {
        "id": "9472b01145"
      }
    },
    {
      "type": "Feature",
      "geometry": {
        "type": "Polygon",
        "coordinates": [
          [
            [
              103.96235436201096,
              1.3164491333184316
            ],
            [
              103.96707504987717,
              1.3185085252805115
            ],
            [
              103.96872729063034,
              1.3199458082447497
            ],
            [
              103.97291153669357,
              1.326896239497406
            ],
            [
              103.96235436201096,
              1.3164491333184316
            ]
          ]
        ]
      },
      "properties": {
        "id": "bb35964d8c"
      }
    },
    {
      "type": "Feature",
      "geometry": {
        "type": "Polygon",
        "coordinates": [
          [
            [
              103.9822456240654,
              1.3165992973737017
            ],
            [
              103.97027224302292,
              1.3156554088792622
            ],
            [
              103.96353453397751,
              1.3137676308192867
            ],
            [
              103.9822456240654,
              1.3165992973737017
            ]
          ]
        ]
      },
      "properties": {
        "id": "d804bd654d"
      }
    },
    {
      "type": "Feature",
      "geometry": {
        "type": "Polygon",
        "coordinates": [
          [
            [
              103.98382544517517,
              1.3120648752297837
            ],
            [
              103.98502707481384,
              1.3128800528498354
            ],
            [
              103.98481249809265,
              1.3153684881503869
            ],
            [
              103.98399710655212,
              1.3168701289418083
            ],
            [
              103.98228049278259,
              1.3166127048703629
            ],
            [
              103.98382544517517,
              1.3120648752297837
            ]
          ]
        ]
      },
      "properties": {
        "id": "574ce3d3ee"
      }
    },
    {
      "type": "Feature",
      "geometry": {
        "type": "Polygon",
        "coordinates": [
          [
            [
              103.99039149284363,
              1.3139526545764844
            ],
            [
              103.98378252983093,
              1.3119790670437983
            ],
            [
              103.99039149284363,
              1.3139526545764844
            ]
          ]
        ]
      },
      "properties": {
        "id": "edd1962362"
      }
    },
    {
      "type": "Feature",
      "geometry": {
        "type": "Polygon",
        "coordinates": [
          [
            [
              103.99755835533142,
              1.3110351768037432
            ],
            [
              103.99039149284363,
              1.3139526545764844
            ],
            [
              103.98378252983093,
              1.3119790670437983
            ],
            [
              103.99755835533142,
              1.3110351768037432
            ]
          ]
        ]
      },
      "properties": {
        "id": "67dc9a4f6f"
      }
    },
    {
      "type": "Feature",
      "geometry": {
        "type": "Polygon",
        "coordinates": [
          [
            [
              104.00854468345642,
              1.3140813667527367
            ],
            [
              104.0045964717865,
              1.3112496973441046
            ],
            [
              104.00232195854187,
              1.310477423312781
            ],
            [
              104.00034785270691,
              1.3103058068290203
            ],
            [
              103.99760127067566,
              1.3109922726934546
            ],
            [
              104.00854468345642,
              1.3140813667527367
            ]
          ]
        ]
      },
      "properties": {
        "id": "c33f7f0227"
      }
    },
    {
      "type": "Feature",
      "geometry": {
        "type": "Polygon",
        "coordinates": [
          [
            [
              104.03227686882019,
              1.3157546244402587
            ],
            [
              104.01365160942078,
              1.3155830083188014
            ],
            [
              104.01077628135681,
              1.3149394477582415
            ],
            [
              104.00850176811218,
              1.3140813667527367
            ],
            [
              104.03227686882019,
              1.3157546244402587
            ]
          ]
        ]
      },
      "properties": {
        "id": "c15f999e9d"
      }
    },
    {
      "type": "Feature",
      "geometry": {
        "type": "Polygon",
        "coordinates": [
          [
            [
              103.98682951927185,
              1.3934954895386924
            ],
            [
              103.99893164634705,
              1.389162317671992
            ],
            [
              103.99948954582214,
              1.388604582101458
            ],
            [
              104.00026202201843,
              1.3871887912160827
            ],
            [
              103.98682951927185,
              1.3934954895386924
            ]
          ]
        ]
      },
      "properties": {
        "id": "0f93af42de"
      }
    },
    {
      "type": "Feature",
      "geometry": {
        "type": "Polygon",
        "coordinates": [
          [
            [
              103.98640036582947,
              1.3925945336675651
            ],
            [
              103.98674368858337,
              1.3934096842324704
            ],
            [
              103.98640036582947,
              1.3925945336675651
            ]
          ]
        ]
      },
      "properties": {
        "id": "e4e933afb8"
      }
    },
    {
      "type": "Feature",
      "geometry": {
        "type": "Polygon",
        "coordinates": [
          [
            [
              103.98961901664734,
              1.390191982994743
            ],
            [
              103.989919424057,
              1.3906210100800456
            ],
            [
              103.98979067802429,
              1.3909213289933504
            ],
            [
              103.98824572563171,
              1.3909213289933504
            ],
            [
              103.98751616477966,
              1.3922084096173581
            ],
            [
              103.98640036582947,
              1.3925516309984496
            ],
            [
              103.98961901664734,
              1.390191982994743
            ]
          ]
        ]
      },
      "properties": {
        "id": "a1c5bde2e3"
      }
    },
    {
      "type": "Feature",
      "geometry": {
        "type": "Polygon",
        "coordinates": [
          [
            [
              103.98953318595886,
              1.3902348857067832
            ],
            [
              103.98661494255066,
              1.3916935774520347
            ],
            [
              103.98953318595886,
              1.3902348857067832
            ]
          ]
        ]
      },
      "properties": {
        "id": "564a2a4794"
      }
    },
    {
      "type": "Feature",
      "geometry": {
        "type": "Polygon",
        "coordinates": [
          [
            [
              104.00871634483337,
              1.3738459931958982
            ],
            [
              104.00682806968689,
              1.373760187178924
            ],
            [
              104.00502562522888,
              1.3764630752324203
            ],
            [
              104.00227904319763,
              1.3833275390435151
            ],
            [
              104.00103449821472,
              1.3848291378582684
            ],
            [
              104.00030493736267,
              1.3871458884487515
            ],
            [
              104.00871634483337,
              1.3738459931958982
            ]
          ]
        ]
      },
      "properties": {
        "id": "b72b55103c"
      }
    },
    {
      "type": "Feature",
      "geometry": {
        "type": "Polygon",
        "coordinates": [
          [
            [
              104.01275038719177,
              1.3701992347583714
            ],
            [
              104.01227831840515,
              1.3698989132276989
            ],
            [
              104.01116251945496,
              1.3689550453153794
            ],
            [
              104.00957465171814,
              1.368740529828792
            ],
            [
              104.00614142417908,
              1.3703708470452756
            ],
            [
              104.00652766227722,
              1.372473096554527
            ],
            [
              104.00884509086609,
              1.3726447086778237
            ],
            [
              104.01275038719177,
              1.3701992347583714
            ]
          ]
        ]
      },
      "properties": {
        "id": "3092afe4d2"
      }
    },
    {
      "type": "Feature",
      "geometry": {
        "type": "Polygon",
        "coordinates": [
          [
            [
              104.00880217552185,
              1.3738030901877865
            ],
            [
              104.00888800621033,
              1.3726876117067235
            ],
            [
              104.00880217552185,
              1.3738030901877865
            ]
          ]
        ]
      },
      "properties": {
        "id": "867397d8c4"
      }
    },
    {
      "type": "Feature",
      "geometry": {
        "type": "Polygon",
        "coordinates": [
          [
            [
              104.01485323905945,
              1.3686976267286224
            ],
            [
              104.01901602745056,
              1.366809889585872
            ],
            [
              104.01991724967957,
              1.3674534365059108
            ],
            [
              104.01485323905945,
              1.3686976267286224
            ]
          ]
        ]
      },
      "properties": {
        "id": "5502a393c3"
      }
    },
    {
      "type": "Feature",
      "geometry": {
        "type": "Polygon",
        "coordinates": [
          [
            [
              104.02000308036804,
              1.3674105333832736
            ],
            [
              104.02734160423279,
              1.3639782810899381
            ],
            [
              104.02000308036804,
              1.3674105333832736
            ]
          ]
        ]
      },
      "properties": {
        "id": "a311355396"
      }
    },
    {
      "type": "Feature",
      "geometry": {
        "type": "Polygon",
        "coordinates": [
          [
            [
              104.0144670009613,
              1.369813107069152
            ],
            [
              104.01485323905945,
              1.3687834329270916
            ],
            [
              104.0144670009613,
              1.369813107069152
            ]
          ]
        ]
      },
      "properties": {
        "id": "97c9f5382c"
      }
    },
    {
      "type": "Feature",
      "geometry": {
        "type": "Polygon",
        "coordinates": [
          [
            [
              104.01279330253601,
              1.3701563316848546
            ],
            [
              104.0135657787323,
              1.3701134286105874
            ],
            [
              104.01442408561707,
              1.3698560101488007
            ],
            [
              104.01279330253601,
              1.3701563316848546
            ]
          ]
        ]
      },
      "properties": {
        "id": "0f4205ef68"
      }
    },
    {
      "type": "Feature",
      "geometry": {
        "type": "Polygon",
        "coordinates": [
          [
            [
              103.84416282176971,
              1.294924631912363
            ],
            [
              103.84424865245819,
              1.2942059833733692
            ],
            [
              103.84420573711395,
              1.293894926479904
            ],
            [
              103.84395897388458,
              1.2932942647845924
            ],
            [
              103.84275734424591,
              1.2912133999554851
            ],
            [
              103.84116411209106,
              1.2880170166295095
            ],
            [
              103.84137868881226,
              1.2879526598773154
            ],
            [
              103.84148597717285,
              1.2879312076262235
            ],
            [
              103.84159326553345,
              1.2878883031235056
            ],
            [
              103.84180784225464,
              1.2878453986200495
            ],
            [
              103.84202241897583,
              1.2877595896109877
            ],
            [
              103.84212970733643,
              1.2876952328523052
            ],
            [
              103.8422155380249,
              1.2876308760919815
            ],
            [
              103.84230136871338,
              1.287545067075706
            ],
            [
              103.84240865707397,
              1.2873519967785143
            ],
            [
              103.84238719940186,
              1.2872232832389234
            ],
            [
              103.84236574172974,
              1.2871160219509716
            ],
            [
              103.84236574172974,
              1.2870087606585034
            ],
            [
              103.8423228263855,
              1.2867942380600432
            ],
            [
              103.8423228263855,
              1.2866869767540514
            ],
            [
              103.84230136871338,
              1.2865797154435556
            ],
            [
              103.84230136871338,
              1.2863651928090027
            ],
            [
              103.84234428405762,
              1.2862579314849707
            ],
            [
              103.84251594543457,
              1.2861292178901655
            ],
            [
              103.84260177612305,
              1.28604340882337
            ],
            [
              103.8426661491394,
              1.2859575997536867
            ],
            [
              103.84275197982788,
              1.2858932429495225
            ],
            [
              103.84283781051636,
              1.2858074338748011
            ],
            [
              103.84290218353271,
              1.2857645293363462
            ],
            [
              103.84279489517212,
              1.2857430770668454
            ],
            [
              103.84247303009033,
              1.2853140316390932
            ],
            [
              103.84240865707397,
              1.2852067702708896
            ],
            [
              103.84234428405762,
              1.2851209611730903
            ],
            [
              103.84230136871338,
              1.2850136997967698
            ],
            [
              103.84217262268066,
              1.2848420815853066
            ],
            [
              103.8421082496643,
              1.2847348201972817
            ],
            [
              103.84197950363159,
              1.2845632019670912
            ],
            [
              103.84193658828735,
              1.2845202974077339
            ],
            [
              103.84191513061523,
              1.284627558804766
            ],
            [
              103.84182929992676,
              1.2845417496875142
            ],
            [
              103.84178638458252,
              1.284434488286869
            ],
            [
              103.8417649269104,
              1.2843272268817456
            ],
            [
              103.8417649269104,
              1.2840054426393404
            ],
            [
              103.84172201156616,
              1.2837909197885733
            ],
            [
              103.8416576385498,
              1.2836836583564277
            ],
            [
              103.84163618087769,
              1.2835763969197913
            ],
            [
              103.84159326553345,
              1.2834691354786514
            ],
            [
              103.84152889251709,
              1.2833833263225078
            ],
            [
              103.84144306182861,
              1.2832975171634764
            ],
            [
              103.84133577346802,
              1.2832117080015697
            ],
            [
              103.84127140045166,
              1.2831044465451502
            ],
            [
              103.84122848510742,
              1.2829971850842146
            ],
            [
              103.84122848510742,
              1.28278266214887
            ],
            [
              103.84118556976318,
              1.2825681391955364
            ],
            [
              103.84114265441895,
              1.2824608777121203
            ],
            [
              103.84094953536987,
              1.2820961886348963
            ],
            [
              103.84112119674683,
              1.2819674748305434
            ],
            [
              103.84116411209106,
              1.2819245702276507
            ],
            [
              103.84212970733643,
              1.2829971850842146
            ],
            [
              103.84264469146729,
              1.2825681391955364
            ],
            [
              103.84240865707397,
              1.2821605455346556
            ],
            [
              103.84335279464722,
              1.2815384287692757
            ],
            [
              103.8431167602539,
              1.2809592164725438
            ],
            [
              103.84335279464722,
              1.280766145677875
            ],
            [
              103.84361028671265,
              1.2811737395606821
            ],
            [
              103.84414672851562,
              1.280766145677875
            ],
            [
              103.84416282176971,
              1.294924631912363
            ]
          ]
        ]
      },
      "properties": {
        "id": "b5da5e3861"
      }
    },
    {
      "type": "Feature",
      "geometry": {
        "type": "Polygon",
        "coordinates": [
          [
            [
              103.84116411209106,
              1.281946022529606
            ],
            [
              103.83897542953491,
              1.2792215787974508
            ],
            [
              103.8363254070282,
              1.27735522590935
            ],
            [
              103.83617520332336,
              1.2772694165485314
            ],
            [
              103.83589625358582,
              1.2770548931340044
            ],
            [
              103.83583188056946,
              1.2769690837631735
            ],
            [
              103.83574604988098,
              1.2768832743894802
            ],
            [
              103.8356602191925,
              1.2768189173573337
            ],
            [
              103.83557438850403,
              1.2767331079786275
            ],
            [
              103.83546710014343,
              1.276668750942728
            ],
            [
              103.8354241847992,
              1.276561489212628
            ],
            [
              103.83535981178284,
              1.2764542274780628
            ],
            [
              103.83527398109436,
              1.2763898704351786
            ],
            [
              103.83516669273376,
              1.2763255133906788
            ],
            [
              103.83503794670105,
              1.2762611563445632
            ],
            [
              103.83493065834045,
              1.2762182516462663
            ],
            [
              103.83478045463562,
              1.2761538945974664
            ],
            [
              103.83467316627502,
              1.2761324422475102
            ],
            [
              103.8344156742096,
              1.2760466328459041
            ],
            [
              103.834308385849,
              1.2760251804950447
            ],
            [
              103.8342010974884,
              1.2760251804950447
            ],
            [
              103.83398652076721,
              1.276110989897376
            ],
            [
              103.83136868476868,
              1.2733007304859885
            ],
            [
              103.83246302604675,
              1.2726571591965525
            ],
            [
              103.8337504863739,
              1.2724855401589081
            ],
            [
              103.8387930393219,
              1.2726357068174752
            ],
            [
              103.84177565574646,
              1.2724426353977
            ],
            [
              103.84116411209106,
              1.281946022529606
            ]
          ]
        ]
      },
      "properties": {
        "id": "23b3104088"
      }
    },
    {
      "type": "Feature",
      "geometry": {
        "type": "Polygon",
        "coordinates": [
          [
            [
              103.84396970272064,
              1.2805891641145453
            ],
            [
              103.84394824504852,
              1.280573074879873
            ],
            [
              103.84411454200745,
              1.2803800040561213
            ],
            [
              103.84514451026917,
              1.2791143171740267
            ],
            [
              103.8446295261383,
              1.276304061042211
            ],
            [
              103.8451874256134,
              1.276196799296908
            ],
            [
              103.84638905525208,
              1.2762826086935015
            ],
            [
              103.84683966636658,
              1.276346965739083
            ],
            [
              103.84649634361267,
              1.2757462999177778
            ],
            [
              103.84662508964539,
              1.2754674193102062
            ],
            [
              103.84673237800598,
              1.2753172528166974
            ],
            [
              103.84748339653015,
              1.274952562724533
            ],
            [
              103.84814858436584,
              1.2759179187381773
            ],
            [
              103.84941458702087,
              1.2750812768806552
            ],
            [
              103.84990811347961,
              1.2747487652976306
            ],
            [
              103.85054111480713,
              1.2737512302909952
            ],
            [
              103.85043382644653,
              1.2737297779210142
            ],
            [
              103.85032653808594,
              1.273686873180518
            ],
            [
              103.8502836227417,
              1.2736546946246876
            ],
            [
              103.8502299785614,
              1.2736225160684502
            ],
            [
              103.85016560554504,
              1.2735796113261728
            ],
            [
              103.8501226902008,
              1.2735474327690068
            ],
            [
              103.84992957115173,
              1.2734830756534534
            ],
            [
              103.84987592697144,
              1.2734723494673623
            ],
            [
              103.84982228279114,
              1.273450897095066
            ],
            [
              103.84974718093872,
              1.2734294447225787
            ],
            [
              103.84969353675842,
              1.2734187185362715
            ],
            [
              103.84965062141418,
              1.2733865399770954
            ],
            [
              103.84958624839783,
              1.273354361417512
            ],
            [
              103.84953260421753,
              1.2733436352308867
            ],
            [
              103.84942531585693,
              1.2733007304839783
            ],
            [
              103.84937167167664,
              1.273290004297137
            ],
            [
              103.84915709495544,
              1.2732041948008013
            ],
            [
              103.84910345077515,
              1.2731720162389406
            ],
            [
              103.84904980659485,
              1.2731505638641378
            ],
            [
              103.84888887405396,
              1.2730218496116068
            ],
            [
              103.84883522987366,
              1.2729896710474689
            ],
            [
              103.8487708568573,
              1.2729682186711522
            ],
            [
              103.84869575500488,
              1.2729360401063528
            ],
            [
              103.84863138198853,
              1.2729145877295782
            ],
            [
              103.84857773780823,
              1.2729038615411337
            ],
            [
              103.84841680526733,
              1.272839504409512
            ],
            [
              103.84836316108704,
              1.2728287782207495
            ],
            [
              103.84830951690674,
              1.2728073258431096
            ],
            [
              103.84825587272644,
              1.2728073258431096
            ],
            [
              103.84820222854614,
              1.272796599654207
            ],
            [
              103.84814858436584,
              1.2727751472762874
            ],
            [
              103.84809494018555,
              1.2727644210872575
            ],
            [
              103.84803056716919,
              1.2727429687090708
            ],
            [
              103.8479232788086,
              1.27270006395215
            ],
            [
              103.84785890579224,
              1.2726678853840048
            ],
            [
              103.84779453277588,
              1.2726464330050165
            ],
            [
              103.84774088859558,
              1.2726249806258372
            ],
            [
              103.84768724441528,
              1.2726142544361967
            ],
            [
              103.84749412536621,
              1.2725820758669573
            ],
            [
              103.84711861610413,
              1.2725820758669573
            ],
            [
              103.84706497192383,
              1.2725928020567505
            ],
            [
              103.84701132774353,
              1.2725928020567505
            ],
            [
              103.84690403938293,
              1.2726142544361967
            ],
            [
              103.84673237800598,
              1.2726142544361967
            ],
            [
              103.84667873382568,
              1.2726249806258372
            ],
            [
              103.84657144546509,
              1.2726249806258372
            ],
            [
              103.84651780128479,
              1.2726142544361967
            ],
            [
              103.84646415710449,
              1.2726142544361967
            ],
            [
              103.84639978408813,
              1.2725928020567505
            ],
            [
              103.84633541107178,
              1.2725928020567505
            ],
            [
              103.84622812271118,
              1.2725713496771387
            ],
            [
              103.84615302085876,
              1.2725606234872566
            ],
            [
              103.84604573249817,
              1.2725391711073777
            ],
            [
              103.84587407112122,
              1.2725391711073777
            ],
            [
              103.84582042694092,
              1.2725284449173682
            ],
            [
              103.84576678276062,
              1.2725284449173682
            ],
            [
              103.84549856185913,
              1.272496266347073
            ],
            [
              103.84544491767883,
              1.2725069925372094
            ],
            [
              103.84542346000671,
              1.2725177187273207
            ],
            [
              103.84396970272064,
              1.2805891641145453
            ]
          ]
        ]
      },
      "properties": {
        "id": "dccb01de96"
      }
    },
    {
      "type": "Feature",
      "geometry": {
        "type": "Polygon",
        "coordinates": [
          [
            [
              103.8454020023346,
              1.2725284449173682
            ],
            [
              103.84541273117065,
              1.2725284449173682
            ],
            [
              103.8454020023346,
              1.2725284449173682
            ]
          ]
        ]
      },
      "properties": {
        "id": "377c539c1b"
      }
    },
    {
      "type": "Feature",
      "geometry": {
        "type": "Polygon",
        "coordinates": [
          [
            [
              103.83132576942444,
              1.2733436352329603
            ],
            [
              103.83031725883484,
              1.2739872063510282
            ],
            [
              103.82789254188538,
              1.2758535616839832
            ],
            [
              103.82424473762512,
              1.278148962363052
            ],
            [
              103.82327914237976,
              1.2785351043318425
            ],
            [
              103.82182002067566,
              1.2787067229660016
            ],
            [
              103.8206398487091,
              1.2788354369340893
            ],
            [
              103.81952941417694,
              1.2791840372424905
            ],
            [
              103.81680428981781,
              1.2807500564574898
            ],
            [
              103.81422936916351,
              1.282337527013815
            ],
            [
              103.81302773952484,
              1.2828738344117607
            ],
            [
              103.81234109401703,
              1.2830883573394594
            ],
            [
              103.83132576942444,
              1.2733436352329603
            ]
          ]
        ]
      },
      "properties": {
        "id": "71e484a5cc"
      }
    },
    {
      "type": "Feature",
      "geometry": {
        "type": "Polygon",
        "coordinates": [
          [
            [
              103.81346225738525,
              1.2629928443997085
            ],
            [
              103.81154179573059,
              1.2627139624168018
            ],
            [
              103.81131649017334,
              1.2625959738765606
            ],
            [
              103.81126284599304,
              1.2628641296420926
            ],
            [
              103.81117701530457,
              1.2629606657109058
            ],
            [
              103.81079077720642,
              1.2629606657109058
            ],
            [
              103.81051182746887,
              1.2630679280053887
            ],
            [
              103.8103187084198,
              1.2632610001243003
            ],
            [
              103.81346225738525,
              1.2629928443997085
            ]
          ]
        ]
      },
      "properties": {
        "id": "04173875ea"
      }
    },
    {
      "type": "Feature",
      "geometry": {
        "type": "Polygon",
        "coordinates": [
          [
            [
              103.82365465164185,
              1.2630786542346715
            ],
            [
              103.81987810134888,
              1.263110832922024
            ],
            [
              103.81829023361206,
              1.2634862509115705
            ],
            [
              103.81678819656372,
              1.2637222279058469
            ],
            [
              103.81601572036743,
              1.2637973114904335
            ],
            [
              103.81566166877747,
              1.2639045737503627
            ],
            [
              103.81510376930237,
              1.264408706312735
            ],
            [
              103.8131833076477,
              1.2635398820485069
            ],
            [
              103.81348371505737,
              1.2629928443997085
            ],
            [
              103.82365465164185,
              1.2630786542346715
            ]
          ]
        ]
      },
      "properties": {
        "id": "776f050d25"
      }
    },
    {
      "type": "Feature",
      "geometry": {
        "type": "Polygon",
        "coordinates": [
          [
            [
              103.85013341903687,
              1.2735152542144106
            ],
            [
              103.8516354560852,
              1.2728287782237517
            ],
            [
              103.85165691375732,
              1.2635827869579797
            ],
            [
              103.85077714920044,
              1.2631108329226601
            ],
            [
              103.85215044021606,
              1.2614589931242297
            ],
            [
              103.85124921798706,
              1.2606867040274583
            ],
            [
              103.84571313858032,
              1.2667792006658476
            ],
            [
              103.84436130523682,
              1.2655778644322466
            ],
            [
              103.8468074798584,
              1.2624029017089737
            ],
            [
              103.84597063064575,
              1.2615448030097252
            ],
            [
              103.8394045829773,
              1.2676587500551462
            ],
            [
              103.83219480514526,
              1.267444225841397
            ],
            [
              103.82453441619873,
              1.2631108329226601
            ],
            [
              103.82410526275635,
              1.263067928006101
            ],
            [
              103.85013341903687,
              1.2735152542144106
            ]
          ]
        ]
      },
      "properties": {
        "id": "993dc2c943"
      }
    },
    {
      "type": "Feature",
      "geometry": {
        "type": "Polygon",
        "coordinates": [
          [
            [
              103.80229353904724,
              1.3069914611793398
            ],
            [
              103.80186438560486,
              1.305532718666329
            ],
            [
              103.80164980888367,
              1.302947739046644
            ],
            [
              103.80144596099854,
              1.3021003800046114
            ],
            [
              103.80359172821045,
              1.3010921296340914
            ],
            [
              103.80425691604614,
              1.3011135817738255
            ],
            [
              103.8046646118164,
              1.3004700175022834
            ],
            [
              103.80751848220825,
              1.2992901492449838
            ],
            [
              103.80938529968262,
              1.2981317326016726
            ],
            [
              103.8094711303711,
              1.297981567442381
            ],
            [
              103.80919218063354,
              1.296737341493822
            ],
            [
              103.80959987640381,
              1.2966729849626
            ],
            [
              103.81060838699341,
              1.296930411077679
            ],
            [
              103.8133978843689,
              1.2968660545515205
            ],
            [
              103.81326913833618,
              1.2953214974292797
            ],
            [
              103.81380558013916,
              1.2947101099749112
            ],
            [
              103.8142991065979,
              1.29392710477414
            ],
            [
              103.81492137908936,
              1.2933907997026428
            ],
            [
              103.81522178649902,
              1.2931226471243829
            ],
            [
              103.8159191608429,
              1.2934980607260107
            ],
            [
              103.80229353904724,
              1.3069914611793398
            ]
          ]
        ]
      },
      "properties": {
        "id": "d6ebb0f634"
      }
    },
    {
      "type": "Feature",
      "geometry": {
        "type": "Polygon",
        "coordinates": [
          [
            [
              103.76467823982239,
              1.2882744436312255
            ],
            [
              103.76075148582458,
              1.2906127376214165
            ],
            [
              103.76251101493835,
              1.293830569871878
            ],
            [
              103.76317620277405,
              1.294645753394416
            ],
            [
              103.7587559223175,
              1.2990434494512202
            ],
            [
              103.75697493553162,
              1.300673812875133
            ],
            [
              103.75656723976135,
              1.301295924956688
            ],
            [
              103.75497937202454,
              1.305543444720427
            ],
            [
              103.75369191169739,
              1.307817366494338
            ],
            [
              103.75210404396057,
              1.3091473952564165
            ],
            [
              103.75111699104309,
              1.3097909573073845
            ],
            [
              103.74940037727356,
              1.3099196696977518
            ],
            [
              103.74845623970032,
              1.310134190333657
            ],
            [
              103.74759793281555,
              1.3113784096596268
            ],
            [
              103.74781250953674,
              1.3132232854525854
            ],
            [
              103.7500011920929,
              1.3173849770050834
            ],
            [
              103.7520182132721,
              1.3215466616060085
            ],
            [
              103.75240445137024,
              1.322619259600582
            ],
            [
              103.75609517097473,
              1.3247644541985537
            ],
            [
              103.75669598579407,
              1.3246786464502764
            ],
            [
              103.75884175300598,
              1.3234344337664115
            ],
            [
              103.75982880592346,
              1.3232628181748218
            ],
            [
              103.76099020242691,
              1.3236529754884814
            ],
            [
              103.76092582941055,
              1.3344647327977106
            ],
            [
              103.76362949609756,
              1.3328343914750653
            ],
            [
              103.76467823982239,
              1.2882744436312255
            ]
          ]
        ]
      },
      "properties": {
        "id": "76c7aa841f"
      }
    },
    {
      "type": "Feature",
      "geometry": {
        "type": "Polygon",
        "coordinates": [
          [
            [
              103.79691034555435,
              1.2968606915181293
            ],
            [
              103.7960734963417,
              1.2979762044115217
            ],
            [
              103.79581600427628,
              1.2987270301204
            ],
            [
              103.79536539316177,
              1.3001857765741434
            ],
            [
              103.79476457834244,
              1.3013870965502248
            ],
            [
              103.79272609949112,
              1.305227026204923
            ],
            [
              103.79165321588516,
              1.3075009482652364
            ],
            [
              103.78833532333374,
              1.308353668500531
            ],
            [
              103.78767013549805,
              1.3086539975732783
            ],
            [
              103.78706932067871,
              1.3091688473285958
            ],
            [
              103.78726243972778,
              1.3077959144129097
            ],
            [
              103.78599643707275,
              1.3076028456613782
            ],
            [
              103.78498792648315,
              1.307581393576973
            ],
            [
              103.78419399261475,
              1.3078602706601081
            ],
            [
              103.78260612487793,
              1.3089757786827352
            ],
            [
              103.78418326377869,
              1.3110995329664024
            ],
            [
              103.78199458122253,
              1.3120219711357795
            ],
            [
              103.77961277961731,
              1.312665532448019
            ],
            [
              103.77886176109314,
              1.3129015048876138
            ],
            [
              103.77778887748718,
              1.313845394423278
            ],
            [
              103.7753427028656,
              1.31564736436448
            ],
            [
              103.79691034555435,
              1.2968606915181293
            ]
          ]
        ]
      },
      "properties": {
        "id": "b30f25d094"
      }
    },
    {
      "type": "Feature",
      "geometry": {
        "type": "Polygon",
        "coordinates": [
          [
            [
              103.80208164453506,
              1.284772361699114
            ],
            [
              103.80148082971573,
              1.2835281292873497
            ],
            [
              103.80142450332642,
              1.2830829942648483
            ],
            [
              103.80215406417847,
              1.2815384287807894
            ],
            [
              103.80322694778442,
              1.2793717450739057
            ],
            [
              103.80329132080078,
              1.278921246251487
            ],
            [
              103.80322694778442,
              1.2783420333636426
            ],
            [
              103.80271196365356,
              1.2770763454873704
            ],
            [
              103.80213260650635,
              1.275660490514327
            ],
            [
              103.80213260650635,
              1.2746951344041337
            ],
            [
              103.80234718322754,
              1.2732363733732721
            ],
            [
              103.8024115562439,
              1.2722495639726326
            ],
            [
              103.80309820175171,
              1.2720779449078774
            ],
            [
              103.80309820175171,
              1.271573813839119
            ],
            [
              103.8028085231781,
              1.2714450995079265
            ],
            [
              103.80282998085022,
              1.2705333728115342
            ],
            [
              103.80289435386658,
              1.2701579558430094
            ],
            [
              103.80308747291565,
              1.2697932650213912
            ],
            [
              103.80473971366882,
              1.2680019887683396
            ],
            [
              103.80704641342163,
              1.265792388808675
            ],
            [
              103.80711078643799,
              1.2657280315000619
            ],
            [
              103.806391954422,
              1.265073732105172
            ],
            [
              103.80663871765137,
              1.2647626716792426
            ],
            [
              103.80561947822571,
              1.263829490177786
            ],
            [
              103.80540490150452,
              1.2624887115715184
            ],
            [
              103.80514740943909,
              1.2623707230210486
            ],
            [
              103.80099534988403,
              1.265888924768624
            ],
            [
              103.8012957572937,
              1.2665110453130244
            ],
            [
              103.79914999008179,
              1.2681843343118986
            ],
            [
              103.80208164453506,
              1.284772361699114
            ]
          ]
        ]
      },
      "properties": {
        "id": "91e4e92072"
      }
    },
    {
      "type": "Feature",
      "geometry": {
        "type": "Polygon",
        "coordinates": [
          [
            [
              103.76466751098633,
              1.2882958958822919
            ],
            [
              103.77224206924438,
              1.2837909198006339
            ],
            [
              103.76921653747559,
              1.2783849380270167
            ],
            [
              103.7563419342041,
              1.2859361474979514
            ],
            [
              103.75301599502563,
              1.2853140316512428
            ],
            [
              103.75018358230591,
              1.280444360999912
            ],
            [
              103.76153469085693,
              1.2738155874115613
            ],
            [
              103.77065420150757,
              1.2682379653521845
            ],
            [
              103.77822875976562,
              1.2809377641749649
            ],
            [
              103.77734899520874,
              1.2783849380271695
            ],
            [
              103.78097534179688,
              1.2763469657508637
            ],
            [
              103.78659725189209,
              1.2728287782325047
            ],
            [
              103.78106117248535,
              1.2634969771485502
            ],
            [
              103.77861499786377,
              1.2592493876074617
            ],
            [
              103.78543853759766,
              1.2551305062903155
            ],
            [
              103.79331350326538,
              1.2682379653522609
            ],
            [
              103.79320621490479,
              1.268667013630426
            ],
            [
              103.79357099533081,
              1.2694822051628858
            ],
            [
              103.79541635513306,
              1.2712413018043667
            ],
            [
              103.79528760910034,
              1.270554825208728
            ],
            [
              103.7952446937561,
              1.2692247762856732
            ],
            [
              103.79721879959106,
              1.2701043248436892
            ],
            [
              103.79743337631226,
              1.2699756104392548
            ],
            [
              103.79732608795166,
              1.2692247762856732
            ],
            [
              103.79764795303345,
              1.2690746094287795
            ],
            [
              103.79773378372192,
              1.2684953943277144
            ],
            [
              103.79842042922974,
              1.2688815377428302
            ],
            [
              103.7984848022461,
              1.2683452274284812
            ],
            [
              103.79910707473755,
              1.2681950605205334
            ],
            [
              103.76466751098633,
              1.2882958958822919
            ]
          ]
        ]
      },
      "properties": {
        "id": "71f1c6ae3e"
      }
    },
    {
      "type": "Feature",
      "geometry": {
        "type": "Polygon",
        "coordinates": [
          [
            [
              103.81014704704285,
              1.2637490434821392
            ],
            [
              103.81025969982147,
              1.2637544065953494
            ],
            [
              103.81048500537872,
              1.263920663099115
            ],
            [
              103.81093561649323,
              1.2639850204525487
            ],
            [
              103.81110727787018,
              1.2641083720421853
            ],
            [
              103.81125748157501,
              1.2643604383158016
            ],
            [
              103.81130576133728,
              1.2646393201219333
            ],
            [
              103.81131112575531,
              1.2646607725673316
            ],
            [
              103.8113272190094,
              1.2646822250125391
            ],
            [
              103.81133794784546,
              1.264709040568781
            ],
            [
              103.81136476993561,
              1.264725129902407
            ],
            [
              103.81138622760773,
              1.2647519454582292
            ],
            [
              103.81140768527985,
              1.264773397902686
            ],
            [
              103.81143450737,
              1.2647948503469648
            ],
            [
              103.81145060062408,
              1.2648163027910655
            ],
            [
              103.8114720582962,
              1.264832392124017
            ],
            [
              103.8114881515503,
              1.2648538445677995
            ],
            [
              103.81151497364044,
              1.264864570789627
            ],
            [
              103.81154179573059,
              1.2648699339005347
            ],
            [
              103.81157398223877,
              1.2648913863440119
            ],
            [
              103.81161153316498,
              1.2649021125656743
            ],
            [
              103.81163835525513,
              1.264912838787311
            ],
            [
              103.81167590618134,
              1.264923565008897
            ],
            [
              103.81172955036163,
              1.264945017451929
            ],
            [
              103.81176173686981,
              1.2649503805626583
            ],
            [
              103.81178319454193,
              1.2649664698947956
            ],
            [
              103.81181001663208,
              1.2649771961161524
            ],
            [
              103.81186366081238,
              1.2649879223374714
            ],
            [
              103.81189048290253,
              1.2649879223374714
            ],
            [
              103.81197094917297,
              1.264971833005474
            ],
            [
              103.81199777126312,
              1.2649611067840916
            ],
            [
              103.81202459335327,
              1.2649611067840916
            ],
            [
              103.81207823753357,
              1.2649396543411868
            ],
            [
              103.81210505962372,
              1.264934291230432
            ],
            [
              103.81213188171387,
              1.264923565008897
            ],
            [
              103.81220161914825,
              1.2648860232331554
            ],
            [
              103.81226599216461,
              1.2648002134579996
            ],
            [
              103.81230354309082,
              1.2647626716804894
            ],
            [
              103.81232500076294,
              1.26474658234708
            ],
            [
              103.81234109401703,
              1.2647197667912196
            ],
            [
              103.81235718727112,
              1.2646983143463173
            ],
            [
              103.81237864494324,
              1.2646446832332987
            ],
            [
              103.81237864494324,
              1.2646178676763822
            ],
            [
              103.81240010261536,
              1.264564236561697
            ],
            [
              103.81247520446777,
              1.2642799916353835
            ],
            [
              103.81275951862335,
              1.2643228965319304
            ],
            [
              103.81312429904938,
              1.263765132821719
            ],
            [
              103.81305456161499,
              1.263711501689426
            ],
            [
              103.81308674812317,
              1.263663233669402
            ],
            [
              103.8149642944336,
              1.2645320578923465
            ],
            [
              103.8144439458847,
              1.265025464111737
            ],
            [
              103.81333887577057,
              1.2660230024859949
            ],
            [
              103.81295800209045,
              1.2662482530335273
            ],
            [
              103.81247520446777,
              1.266425235592854
            ],
            [
              103.81126284599304,
              1.266414509377413
            ],
            [
              103.81020069122314,
              1.2650308272222375
            ],
            [
              103.80993247032166,
              1.2652560778559376
            ],
            [
              103.80863428115845,
              1.264955743673324
            ],
            [
              103.80811929702759,
              1.2651595418724526
            ],
            [
              103.80781888961792,
              1.265459876031492
            ],
            [
              103.81014704704285,
              1.2637490434821392
            ]
          ]
        ]
      },
      "properties": {
        "id": "ca82b705fe"
      }
    },
    {
      "type": "Feature",
      "geometry": {
        "type": "Polygon",
        "coordinates": [
          [
            [
              103.81013631820679,
              1.2637544065953876
            ],
            [
              103.80951941013336,
              1.2641995449525225
            ],
            [
              103.8094711303711,
              1.2641620031663106
            ],
            [
              103.80948185920715,
              1.2640869195922706
            ],
            [
              103.81008267402649,
              1.263636418102384
            ],
            [
              103.81028115749359,
              1.2636417812158234
            ],
            [
              103.81032407283783,
              1.2632610001344655
            ],
            [
              103.81013631820679,
              1.2637544065953876
            ]
          ]
        ]
      },
      "properties": {
        "id": "b76f37ff71"
      }
    },
    {
      "type": "Feature",
      "geometry": {
        "type": "Polygon",
        "coordinates": [
          [
            [
              103.80711615085602,
              1.265760210155965
            ],
            [
              103.80729854106903,
              1.265899650987551
            ],
            [
              103.80781352519989,
              1.2655027809087394
            ],
            [
              103.80711615085602,
              1.265760210155965
            ]
          ]
        ]
      },
      "properties": {
        "id": "eceb53078c"
      }
    },
    {
      "type": "Feature",
      "geometry": {
        "type": "Polygon",
        "coordinates": [
          [
            [
              103.85475218296051,
              1.2914279221817695
            ],
            [
              103.8544625043869,
              1.2917389793775018
            ],
            [
              103.85352909564972,
              1.2925970679958423
            ],
            [
              103.85071814060211,
              1.2943990531502858
            ],
            [
              103.85076105594635,
              1.29447413583718
            ],
            [
              103.85201632976532,
              1.2958578020992764
            ],
            [
              103.85173738002777,
              1.296072323932724
            ],
            [
              103.84858310222626,
              1.2985393237104508
            ],
            [
              103.84829342365265,
              1.2981639108560117
            ],
            [
              103.84819686412811,
              1.2978528544486752
            ],
            [
              103.84861528873444,
              1.2973594545516673
            ],
            [
              103.85475218296051,
              1.2914279221817695
            ]
          ]
        ]
      },
      "properties": {
        "id": "3534594d88"
      }
    },
    {
      "type": "Feature",
      "geometry": {
        "type": "Polygon",
        "coordinates": [
          [
            [
              103.8440877199173,
              1.2900978840839359
            ],
            [
              103.84380877017975,
              1.2900871579674482
            ],
            [
              103.84332597255707,
              1.2901193363167842
            ],
            [
              103.84295046329498,
              1.290312406404174
            ],
            [
              103.843132853508,
              1.2906234637405123
            ],
            [
              103.8434225320816,
              1.2904732981366045
            ],
            [
              103.84415209293365,
              1.2904518459067587
            ],
            [
              103.84417355060577,
              1.2906556420830544
            ],
            [
              103.84390532970428,
              1.2908379860164259
            ],
            [
              103.84399116039276,
              1.2911490432843313
            ],
            [
              103.84430229663849,
              1.2909881515987822
            ],
            [
              103.84467780590057,
              1.2905805592831616
            ],
            [
              103.84466707706451,
              1.2900228012717152
            ],
            [
              103.84480655193329,
              1.2895937565643332
            ],
            [
              103.84496748447418,
              1.289454317018849
            ],
            [
              103.84528934955597,
              1.2894435908996515
            ],
            [
              103.84629786014557,
              1.2900335273884702
            ],
            [
              103.84678065776825,
              1.2901300624372538
            ],
            [
              103.84733855724335,
              1.290119336320906
            ],
            [
              103.84845435619354,
              1.289829731162354
            ],
            [
              103.84928047657013,
              1.289293425226115
            ],
            [
              103.84962379932404,
              1.2891110811820603
            ],
            [
              103.85060012340546,
              1.2876523283596504
            ],
            [
              103.85145843029022,
              1.286601167720041
            ],
            [
              103.8518875837326,
              1.286568989326292
            ],
            [
              103.85240256786346,
              1.286880047115643
            ],
            [
              103.85271370410919,
              1.2873305445364043
            ],
            [
              103.85367929935455,
              1.288810749786923
            ],
            [
              103.85408699512482,
              1.2889180110035285
            ],
            [
              103.85428011417389,
              1.2899048139843965
            ],
            [
              103.85449469089508,
              1.2907843554491396
            ],
            [
              103.85476291179657,
              1.2914064699600278
            ],
            [
              103.8440877199173,
              1.2900978840839359
            ]
          ]
        ]
      },
      "properties": {
        "id": "0ff8338525"
      }
    },
    {
      "type": "Feature",
      "geometry": {
        "type": "Polygon",
        "coordinates": [
          [
            [
              103.8485723733902,
              1.298560775872118
            ],
            [
              103.84938776493073,
              1.2995904794064603
            ],
            [
              103.84882986545563,
              1.2999122616748477
            ],
            [
              103.84934484958649,
              1.3016069809448019
            ],
            [
              103.84996712207794,
              1.3015211724015259
            ],
            [
              103.85001003742218,
              1.303623480870615
            ],
            [
              103.85061085224152,
              1.3046531823376475
            ],
            [
              103.85211288928986,
              1.3038380020443265
            ],
            [
              103.85301411151886,
              1.3034518639184987
            ],
            [
              103.85363638401031,
              1.302958465115996
            ],
            [
              103.85522425174713,
              1.3034947681576123
            ],
            [
              103.85601818561554,
              1.3039238105086868
            ],
            [
              103.85775625705719,
              1.3055970749788688
            ],
            [
              103.85885059833527,
              1.3057472396846388
            ],
            [
              103.86099636554718,
              1.306476610984737
            ],
            [
              103.86132895946503,
              1.3064551588907007
            ],
            [
              103.8485723733902,
              1.298560775872118
            ]
          ]
        ]
      },
      "properties": {
        "id": "9cacb5e470"
      }
    },
    {
      "type": "Feature",
      "geometry": {
        "type": "Polygon",
        "coordinates": [
          [
            [
              103.85477364063263,
              1.2914386482927485
            ],
            [
              103.85578215122223,
              1.2933049908878365
            ],
            [
              103.85657608509064,
              1.2946779316908912
            ],
            [
              103.85734856128693,
              1.2957934455459432
            ],
            [
              103.85895788669586,
              1.297531071918299
            ],
            [
              103.86039555072784,
              1.298732393156984
            ],
            [
              103.86063158512115,
              1.2985178715490886
            ],
            [
              103.86481583118439,
              1.2992257927860367
            ],
            [
              103.86659681797028,
              1.3006845389516728
            ],
            [
              103.86777698993683,
              1.3012422946157425
            ],
            [
              103.86833488941193,
              1.3033660554380448
            ],
            [
              103.86773407459259,
              1.3043099485621255
            ],
            [
              103.86732637882233,
              1.3042455922240013
            ],
            [
              103.86623203754425,
              1.3052109371230063
            ],
            [
              103.86520206928253,
              1.3063264463225532
            ],
            [
              103.86511623859406,
              1.3071416258090565
            ],
            [
              103.86479437351227,
              1.3072488862481055
            ],
            [
              103.8633781671524,
              1.3062191858441161
            ],
            [
              103.86273443698883,
              1.305940308578748
            ],
            [
              103.86217653751373,
              1.3060475690690931
            ],
            [
              103.86181175708771,
              1.3061977337478792
            ],
            [
              103.86133968830109,
              1.3064337067964231
            ],
            [
              103.85477364063263,
              1.2914386482927485
            ]
          ]
        ]
      },
      "properties": {
        "id": "e966304ea4"
      }
    },
    {
      "type": "Feature",
      "geometry": {
        "type": "Polygon",
        "coordinates": [
          [
            [
              103.85895788669586,
              1.2975525240884267
            ],
            [
              103.86024534702301,
              1.2963082979289078
            ],
            [
              103.8606745004654,
              1.2956647324340225
            ],
            [
              103.8610178232193,
              1.2947422882729382
            ],
            [
              103.86129677295685,
              1.2936696783612593
            ],
            [
              103.86475145816803,
              1.2917175271586099
            ],
            [
              103.86507332324982,
              1.2897010177481791
            ],
            [
              103.85895788669586,
              1.2975525240884267
            ]
          ]
        ]
      },
      "properties": {
        "id": "3b39894481"
      }
    },
    {
      "type": "Feature",
      "geometry": {
        "type": "Polygon",
        "coordinates": [
          [
            [
              103.8287079334259,
              1.3068359335333437
            ],
            [
              103.82929801940918,
              1.3079943461736216
            ],
            [
              103.82964134216309,
              1.3080479763755004
            ],
            [
              103.83126139640808,
              1.307222071139482
            ],
            [
              103.83159399032593,
              1.3078763597254477
            ],
            [
              103.83199095726013,
              1.3092278405267803
            ],
            [
              103.83209824562073,
              1.30962470379834
            ],
            [
              103.8331389427185,
              1.309066949993368
            ],
            [
              103.83321404457092,
              1.3085628262552158
            ],
            [
              103.83376121520996,
              1.309517443460865
            ],
            [
              103.83412599563599,
              1.3099572108153221
            ],
            [
              103.83517742156982,
              1.3106436767754912
            ],
            [
              103.83776307106018,
              1.3122525806316623
            ],
            [
              103.8386857509613,
              1.3128639638257287
            ],
            [
              103.83967280387878,
              1.3130784842092633
            ],
            [
              103.8417112827301,
              1.313325182627564
            ],
            [
              103.84346008300781,
              1.31355042898824
            ],
            [
              103.8448441028595,
              1.3137542232970538
            ],
            [
              103.84532690048218,
              1.3137542232970538
            ],
            [
              103.84735465049744,
              1.3118664438005236
            ],
            [
              103.84794473648071,
              1.3112336083095018
            ],
            [
              103.84808421134949,
              1.3108581973494011
            ],
            [
              103.8481593132019,
              1.3105685945702856
            ],
            [
              103.84785890579224,
              1.3097748682632782
            ],
            [
              103.84729027748108,
              1.3083912096406707
            ],
            [
              103.847097158432,
              1.3079621680522169
            ],
            [
              103.84862065315247,
              1.306728673076929
            ],
            [
              103.85070204734802,
              1.3048194361818335
            ],
            [
              103.85061621665955,
              1.3046478193112792
            ],
            [
              103.8287079334259,
              1.3068359335333437
            ]
          ]
        ]
      },
      "properties": {
        "id": "c819d31648"
      }
    },
    {
      "type": "Feature",
      "geometry": {
        "type": "Polygon",
        "coordinates": [
          [
            [
              103.85074496269226,
              1.318023173941178
            ],
            [
              103.85255813598633,
              1.3188276236206307
            ],
            [
              103.85344862937927,
              1.3192566633433584
            ],
            [
              103.85534763336182,
              1.3180875299250903
            ],
            [
              103.85726809501648,
              1.3169398479622412
            ],
            [
              103.8584053516388,
              1.3161461236787662
            ],
            [
              103.85879158973694,
              1.3158136174849242
            ],
            [
              103.85074496269226,
              1.318023173941178
            ]
          ]
        ]
      },
      "properties": {
        "id": "9067534716"
      }
    },
    {
      "type": "Feature",
      "geometry": {
        "type": "Polygon",
        "coordinates": [
          [
            [
              103.85074496269226,
              1.318033899938624
            ],
            [
              103.85019779205322,
              1.3177657499888764
            ],
            [
              103.84910345077515,
              1.3172723540058846
            ],
            [
              103.84801983833313,
              1.3167467799165766
            ],
            [
              103.84704351425171,
              1.3159959595967283
            ],
            [
              103.84615302085876,
              1.3150091668326545
            ],
            [
              103.84565949440002,
              1.3142261679487703
            ],
            [
              103.84543418884277,
              1.3136684151694256
            ],
            [
              103.85074496269226,
              1.318033899938624
            ]
          ]
        ]
      },
      "properties": {
        "id": "f04d0db6a2"
      }
    },
    {
      "type": "Feature",
      "geometry": {
        "type": "Polygon",
        "coordinates": [
          [
            [
              103.85088443756104,
              1.3181089819200584
            ],
            [
              103.85108828544617,
              1.3192030333827691
            ],
            [
              103.85110974311829,
              1.319514087142192
            ],
            [
              103.85100245475769,
              1.3208119317185913
            ],
            [
              103.85059475898743,
              1.3220668716974542
            ],
            [
              103.85011196136475,
              1.3226889784605746
            ],
            [
              103.85002613067627,
              1.3227962382315164
            ],
            [
              103.85099172592163,
              1.3237830279066864
            ],
            [
              103.85138869285583,
              1.324201340802645
            ],
            [
              103.85063767433167,
              1.3248663509021616
            ],
            [
              103.84963989257812,
              1.323954643462285
            ],
            [
              103.84819149971008,
              1.3253919232739826
            ],
            [
              103.84755849838257,
              1.325649346435764
            ],
            [
              103.84620666503906,
              1.3236006863659446
            ],
            [
              103.8457989692688,
              1.3233754409146274
            ],
            [
              103.84562730789185,
              1.322871320068541
            ],
            [
              103.84532690048218,
              1.3223350211836296
            ],
            [
              103.84485483169556,
              1.3217450922764264
            ],
            [
              103.84431838989258,
              1.32131605298315
            ],
            [
              103.84254813194275,
              1.320618863973553
            ],
            [
              103.84241938591003,
              1.3208548356602343
            ],
            [
              103.85088443756104,
              1.3181089819200584
            ]
          ]
        ]
      },
      "properties": {
        "id": "52b1cb05ab"
      }
    },
    {
      "type": "Feature",
      "geometry": {
        "type": "Polygon",
        "coordinates": [
          [
            [
              103.8437283039093,
              1.3213589569158235
            ],
            [
              103.84241938591003,
              1.3208548356602343
            ],
            [
              103.8437283039093,
              1.3213589569158235
            ]
          ]
        ]
      },
      "properties": {
        "id": "95c6fc147e"
      }
    },
    {
      "type": "Feature",
      "geometry": {
        "type": "Polygon",
        "coordinates": [
          [
            [
              103.84371757507324,
              1.321509120674297
            ],
            [
              103.84376049041748,
              1.321369682898868
            ],
            [
              103.84371757507324,
              1.321509120674297
            ]
          ]
        ]
      },
      "properties": {
        "id": "2d480d3e4d"
      }
    },
    {
      "type": "Feature",
      "geometry": {
        "type": "Polygon",
        "coordinates": [
          [
            [
              103.84377121925354,
              1.3239546434623868
            ],
            [
              103.84371757507324,
              1.3215412986213564
            ],
            [
              103.84370684623718,
              1.3214876687093533
            ],
            [
              103.84377121925354,
              1.3239546434623868
            ]
          ]
        ]
      },
      "properties": {
        "id": "4503ea2ef5"
      }
    },
    {
      "type": "Feature",
      "geometry": {
        "type": "Polygon",
        "coordinates": [
          [
            [
              103.83922219276428,
              1.3129926760601978
            ],
            [
              103.83920609951019,
              1.3130141280982688
            ],
            [
              103.83880913257599,
              1.3134431688210138
            ],
            [
              103.83791863918304,
              1.314558674355735
            ],
            [
              103.83719980716705,
              1.3154489332229964
            ],
            [
              103.83598744869232,
              1.3167575059211214
            ],
            [
              103.83523643016815,
              1.3176906679993887
            ],
            [
              103.83494675159454,
              1.3178944619699697
            ],
            [
              103.8333910703659,
              1.3184522138042065
            ],
            [
              103.83222699165344,
              1.3187900826427756
            ],
            [
              103.83115947246552,
              1.3190957734574051
            ],
            [
              103.8301134109497,
              1.3194604571871498
            ],
            [
              103.82964134216309,
              1.3197715109143726
            ],
            [
              103.82812857627869,
              1.3202112764623637
            ],
            [
              103.82794082164764,
              1.3203399883152938
            ],
            [
              103.8271415233612,
              1.320586686014891
            ],
            [
              103.82603645324707,
              1.3209352805486643
            ],
            [
              103.82577359676361,
              1.3210693553563237
            ],
            [
              103.82571995258331,
              1.3213428679415113
            ],
            [
              103.83922219276428,
              1.3129926760601978
            ]
          ]
        ]
      },
      "properties": {
        "id": "32725cd3a1"
      }
    },
    {
      "type": "Feature",
      "geometry": {
        "type": "Polygon",
        "coordinates": [
          [
            [
              103.84181052446365,
              1.3292210900543193
            ],
            [
              103.84080201387405,
              1.3287920520561392
            ],
            [
              103.84084492921829,
              1.328684792544947
            ],
            [
              103.840973675251,
              1.3283844658888362
            ],
            [
              103.84142428636551,
              1.3274405818748949
            ],
            [
              103.84196072816849,
              1.3264537936568768
            ],
            [
              103.84204655885696,
              1.3262392744269675
            ],
            [
              103.84223967790604,
              1.326303630197897
            ],
            [
              103.84181052446365,
              1.3292210900543193
            ]
          ]
        ]
      },
      "properties": {
        "id": "ace2b7a53b"
      }
    },
    {
      "type": "Feature",
      "geometry": {
        "type": "Polygon",
        "coordinates": [
          [
            [
              103.86201828718185,
              1.3365308134554974
            ],
            [
              103.86200219392776,
              1.335308058592219
            ],
            [
              103.86213093996048,
              1.3330127101012816
            ],
            [
              103.8622060418129,
              1.3303419514539698
            ],
            [
              103.86201828718185,
              1.3365308134554974
            ]
          ]
        ]
      },
      "properties": {
        "id": "97841c67e3"
      }
    },
    {
      "type": "Feature",
      "geometry": {
        "type": "Polygon",
        "coordinates": [
          [
            [
              103.86009246110916,
              1.3438351521750553
            ],
            [
              103.86150866746902,
              1.3397485865008878
            ],
            [
              103.86174470186234,
              1.3390084990743223
            ],
            [
              103.86185199022293,
              1.3385687368744503
            ],
            [
              103.8619914650917,
              1.3371314647443646
            ],
            [
              103.86202365159988,
              1.3365415393726916
            ],
            [
              103.86009246110916,
              1.3438351521750553
            ]
          ]
        ]
      },
      "properties": {
        "id": "b20a9f917d"
      }
    },
    {
      "type": "Feature",
      "geometry": {
        "type": "Polygon",
        "coordinates": [
          [
            [
              103.85763555765152,
              1.3431379695380306
            ],
            [
              103.8576677441597,
              1.3430307106531276
            ],
            [
              103.85768920183182,
              1.3429770812089206
            ],
            [
              103.85768920183182,
              1.342816192869213
            ],
            [
              103.85769993066788,
              1.342762563420286
            ],
            [
              103.85769993066788,
              1.3427089339701885
            ],
            [
              103.85772138834,
              1.342601675066457
            ],
            [
              103.85774284601212,
              1.3425480456128354
            ],
            [
              103.85778576135635,
              1.3423335277865431
            ],
            [
              103.85785013437271,
              1.3421726394044833
            ],
            [
              103.85794669389725,
              1.3420439286912098
            ],
            [
              103.85797888040543,
              1.3419902992253494
            ],
            [
              103.8580110669136,
              1.3419473956518113
            ],
            [
              103.85805398225784,
              1.3419044920775227
            ],
            [
              103.85808616876602,
              1.3418615885024834
            ],
            [
              103.85812908411026,
              1.3418186849266935
            ],
            [
              103.85830074548721,
              1.3416899741947947
            ],
            [
              103.85835438966751,
              1.3416685224054812
            ],
            [
              103.85839730501175,
              1.3416363447211739
            ],
            [
              103.85842949151993,
              1.3415934411414272
            ],
            [
              103.86161595582962,
              1.3393410021487782
            ],
            [
              103.85763555765152,
              1.3431379695380306
            ]
          ]
        ]
      },
      "properties": {
        "id": "b6db43ff6b"
      }
    },
    {
      "type": "Feature",
      "geometry": {
        "type": "Polygon",
        "coordinates": [
          [
            [
              103.86219531297684,
              1.3302936847125797
            ],
            [
              103.86431962251663,
              1.329371253325061
            ],
            [
              103.86640101671219,
              1.3287276963389865
            ],
            [
              103.86824905872345,
              1.3277234789537604
            ],
            [
              103.86219531297684,
              1.3302936847125797
            ]
          ]
        ]
      },
      "properties": {
        "id": "ca1a7d98e0"
      }
    },
    {
      "type": "Feature",
      "geometry": {
        "type": "Polygon",
        "coordinates": [
          [
            [
              103.84168446063995,
              1.3440965956175195
            ],
            [
              103.84188830852509,
              1.3437962708457727
            ],
            [
              103.8421243429184,
              1.342916748087551
            ],
            [
              103.84219944477081,
              1.3424233571333597
            ],
            [
              103.8421779870987,
              1.3420586767988827
            ],
            [
              103.84232819080353,
              1.3419621437600695
            ],
            [
              103.84261786937714,
              1.340578503118486
            ],
            [
              103.8425749540329,
              1.340417614621023
            ],
            [
              103.84168446063995,
              1.3440965956175195
            ]
          ]
        ]
      },
      "properties": {
        "id": "732a401066"
      }
    },
    {
      "type": "Feature",
      "geometry": {
        "type": "Polygon",
        "coordinates": [
          [
            [
              103.82550805807114,
              1.3208749468823513
            ],
            [
              103.82427424192429,
              1.3212932602684841
            ],
            [
              103.82241815328598,
              1.3219529081573174
            ],
            [
              103.82127553224564,
              1.322237146624446
            ],
            [
              103.81897956132889,
              1.3228056234611238
            ],
            [
              103.81672650575638,
              1.3230737728672002
            ],
            [
              103.8136151432991,
              1.3233526482187778
            ],
            [
              103.82550805807114,
              1.3208749468823513
            ]
          ]
        ]
      },
      "properties": {
        "id": "214d946a97"
      }
    },
    {
      "type": "Feature",
      "geometry": {
        "type": "Polygon",
        "coordinates": [
          [
            [
              103.8257172703743,
              1.3213308012099536
            ],
            [
              103.8255187869072,
              1.3208642208971695
            ],
            [
              103.8257172703743,
              1.3213308012099536
            ]
          ]
        ]
      },
      "properties": {
        "id": "3bc8595df3"
      }
    },
    {
      "type": "Feature",
      "geometry": {
        "type": "Polygon",
        "coordinates": [
          [
            [
              103.8410809636116,
              1.34467579328814
            ],
            [
              103.84168714284897,
              1.344096595618372
            ],
            [
              103.8410809636116,
              1.34467579328814
            ]
          ]
        ]
      },
      "properties": {
        "id": "33fdffed02"
      }
    },
    {
      "type": "Feature",
      "geometry": {
        "type": "Polygon",
        "coordinates": [
          [
            [
              103.8412258028984,
              1.344799140922286
            ],
            [
              103.84112924337387,
              1.3447776891602872
            ],
            [
              103.84107559919357,
              1.3446865191696227
            ],
            [
              103.8412258028984,
              1.344799140922286
            ]
          ]
        ]
      },
      "properties": {
        "id": "6fbb66636b"
      }
    },
    {
      "type": "Feature",
      "geometry": {
        "type": "Polygon",
        "coordinates": [
          [
            [
              103.84628981351852,
              1.3436943749335377
            ],
            [
              103.84487360715866,
              1.3436729231618192
            ],
            [
              103.8442513346672,
              1.3437426414192113
            ],
            [
              103.84311944246292,
              1.3441984915146785
            ],
            [
              103.84211629629135,
              1.3447133338731072
            ],
            [
              103.84160667657852,
              1.3448259556245366
            ],
            [
              103.84121507406235,
              1.344799140922286
            ],
            [
              103.84628981351852,
              1.3436943749335377
            ]
          ]
        ]
      },
      "properties": {
        "id": "62b7019ab3"
      }
    },
    {
      "type": "Feature",
      "geometry": {
        "type": "Polygon",
        "coordinates": [
          [
            [
              103.84705692529678,
              1.3437319155335938
            ],
            [
              103.84627372026443,
              1.3436943749335377
            ],
            [
              103.84705692529678,
              1.3437319155335938
            ]
          ]
        ]
      },
      "properties": {
        "id": "8dda25ddcb"
      }
    },
    {
      "type": "Feature",
      "geometry": {
        "type": "Polygon",
        "coordinates": [
          [
            [
              103.84850531816483,
              1.343710463762282
            ],
            [
              103.84706765413284,
              1.3437319155336829
            ],
            [
              103.84850531816483,
              1.343710463762282
            ]
          ]
        ]
      },
      "properties": {
        "id": "857e5d16db"
      }
    },
    {
      "type": "Feature",
      "geometry": {
        "type": "Polygon",
        "coordinates": [
          [
            [
              103.85760873556137,
              1.343147354696546
            ],
            [
              103.85631054639816,
              1.343147354696546
            ],
            [
              103.85432571172714,
              1.343061547589316
            ],
            [
              103.85288804769516,
              1.343147354696546
            ],
            [
              103.851418197155,
              1.343404775999815
            ],
            [
              103.85009855031967,
              1.3435710272439354
            ],
            [
              103.84848922491074,
              1.343710463762282
            ],
            [
              103.85760873556137,
              1.343147354696546
            ]
          ]
        ]
      },
      "properties": {
        "id": "a36a9dae71"
      }
    },
    {
      "type": "Feature",
      "geometry": {
        "type": "Polygon",
        "coordinates": [
          [
            [
              103.85897129774094,
              1.3468048798380259
            ],
            [
              103.86008709669113,
              1.3438552632163896
            ],
            [
              103.85897129774094,
              1.3468048798380259
            ]
          ]
        ]
      },
      "properties": {
        "id": "2e3eaa2a5a"
      }
    },
    {
      "type": "Feature",
      "geometry": {
        "type": "Polygon",
        "coordinates": [
          [
            [
              103.77150446176529,
              1.31840796907381
            ],
            [
              103.7753239274025,
              1.3156406606201059
            ],
            [
              103.77150446176529,
              1.31840796907381
            ]
          ]
        ]
      },
      "properties": {
        "id": "4cf9a49478"
      }
    },
    {
      "type": "Feature",
      "geometry": {
        "type": "Polygon",
        "coordinates": [
          [
            [
              103.76399427652359,
              1.324039110492137
            ],
            [
              103.76399427652359,
              1.3321908353926246
            ],
            [
              103.76365095376968,
              1.3328343914750653
            ],
            [
              103.76399427652359,
              1.324039110492137
            ]
          ]
        ]
      },
      "properties": {
        "id": "ec41b914fd"
      }
    },
    {
      "type": "Feature",
      "geometry": {
        "type": "Polygon",
        "coordinates": [
          [
            [
              103.77301722764969,
              1.3244574233448654
            ],
            [
              103.77306014299393,
              1.3253155007705157
            ],
            [
              103.77209454774857,
              1.3256694576219916
            ],
            [
              103.76787811517715,
              1.3227412676024366
            ],
            [
              103.76712709665298,
              1.322762719556541
            ],
            [
              103.76622587442398,
              1.3230308689672483
            ],
            [
              103.76395136117935,
              1.3238460429978152
            ],
            [
              103.76401573419571,
              1.324124918262551
            ],
            [
              103.77301722764969,
              1.3244574233448654
            ]
          ]
        ]
      },
      "properties": {
        "id": "fa8240b5f1"
      }
    },
    {
      "type": "Feature",
      "geometry": {
        "type": "Polygon",
        "coordinates": [
          [
            [
              103.77148300409317,
              1.3219475451700318
            ],
            [
              103.77355366945267,
              1.322290776523307
            ],
            [
              103.77357512712479,
              1.3219260932088919
            ],
            [
              103.77148300409317,
              1.3219475451700318
            ]
          ]
        ]
      },
      "properties": {
        "id": "d0df2d2abc"
      }
    },
    {
      "type": "Feature",
      "geometry": {
        "type": "Polygon",
        "coordinates": [
          [
            [
              103.77178341150284,
              1.321539957876418
            ],
            [
              103.77354294061661,
              1.3219475451700318
            ],
            [
              103.77178341150284,
              1.321539957876418
            ]
          ]
        ]
      },
      "properties": {
        "id": "1ee70ad476"
      }
    },
    {
      "type": "Feature",
      "geometry": {
        "type": "Polygon",
        "coordinates": [
          [
            [
              103.77302795648575,
              1.3244574233448654
            ],
            [
              103.77135425806046,
              1.321936819189481
            ],
            [
              103.77146154642105,
              1.3219475451700318
            ],
            [
              103.77302795648575,
              1.3244574233448654
            ]
          ]
        ]
      },
      "properties": {
        "id": "bd2cdb11e5"
      }
    },
    {
      "type": "Feature",
      "geometry": {
        "type": "Polygon",
        "coordinates": [
          [
            [
              103.77137571573257,
              1.3213039862549125
            ],
            [
              103.77177268266678,
              1.3215292318942131
            ],
            [
              103.77137571573257,
              1.3213039862549125
            ]
          ]
        ]
      },
      "properties": {
        "id": "9d56733af4"
      }
    },
    {
      "type": "Feature",
      "geometry": {
        "type": "Polygon",
        "coordinates": [
          [
            [
              103.77127379179001,
              1.3201670317640017
            ],
            [
              103.77136498689651,
              1.3212986232633523
            ],
            [
              103.77127379179001,
              1.3201670317640017
            ]
          ]
        ]
      },
      "properties": {
        "id": "6bf45e09ec"
      }
    },
    {
      "type": "Feature",
      "geometry": {
        "type": "Polygon",
        "coordinates": [
          [
            [
              103.77148032188416,
              1.319453753445231
            ],
            [
              103.77134889364243,
              1.3198077111327478
            ],
            [
              103.77127379179001,
              1.3201643502669493
            ],
            [
              103.77148032188416,
              1.319453753445231
            ]
          ]
        ]
      },
      "properties": {
        "id": "c3de9a0141"
      }
    },
    {
      "type": "Feature",
      "geometry": {
        "type": "Polygon",
        "coordinates": [
          [
            [
              103.77148568630219,
              1.3193599010196833
            ],
            [
              103.77148300409317,
              1.3194537534452693
            ],
            [
              103.77148568630219,
              1.3193599010196833
            ]
          ]
        ]
      },
      "properties": {
        "id": "490b8fa97b"
      }
    },
    {
      "type": "Feature",
      "geometry": {
        "type": "Polygon",
        "coordinates": [
          [
            [
              103.77150177955627,
              1.318413332072304
            ],
            [
              103.77132207155228,
              1.3189415873083323
            ],
            [
              103.77148568630219,
              1.3193545380238356
            ],
            [
              103.77150177955627,
              1.318413332072304
            ]
          ]
        ]
      },
      "properties": {
        "id": "ff4062a438"
      }
    },
    {
      "type": "Feature",
      "geometry": {
        "type": "Polygon",
        "coordinates": [
          [
            [
              103.77150312066078,
              1.31840930982399
            ],
            [
              103.77150177955627,
              1.3184126616976846
            ],
            [
              103.77150312066078,
              1.31840930982399
            ]
          ]
        ]
      },
      "properties": {
        "id": "b702510321"
      }
    },
    {
      "type": "Feature",
      "geometry": {
        "type": "Polygon",
        "coordinates": [
          [
            [
              103.75753484666348,
              1.3260797257285841
            ],
            [
              103.75907979905605,
              1.3248569656843094
            ],
            [
              103.76034580171108,
              1.3234840414066409
            ],
            [
              103.75753484666348,
              1.3260797257285841
            ]
          ]
        ]
      },
      "properties": {
        "id": "812b3b3072"
      }
    },
    {
      "type": "Feature",
      "geometry": {
        "type": "Polygon",
        "coordinates": [
          [
            [
              103.75460587441921,
              1.3289650079991309
            ],
            [
              103.75752411782742,
              1.3260904516912984
            ],
            [
              103.75460587441921,
              1.3289650079991309
            ]
          ]
        ]
      },
      "properties": {
        "id": "c55474466d"
      }
    },
    {
      "type": "Feature",
      "geometry": {
        "type": "Polygon",
        "coordinates": [
          [
            [
              103.7570520490408,
              1.3335664363157276
            ],
            [
              103.75210605561733,
              1.3332124805964145
            ],
            [
              103.75223480165005,
              1.3318395609612743
            ],
            [
              103.75332914292812,
              1.3318824647114478
            ],
            [
              103.7535222619772,
              1.3290508155987237
            ],
            [
              103.75459514558315,
              1.3289864598993057
            ],
            [
              103.7570520490408,
              1.3335664363157276
            ]
          ]
        ]
      },
      "properties": {
        "id": "4f6261aec6"
      }
    },
    {
      "type": "Feature",
      "geometry": {
        "type": "Polygon",
        "coordinates": [
          [
            [
              103.7578996270895,
              1.3334055473587125
            ],
            [
              103.75735245645046,
              1.3338345845540314
            ],
            [
              103.75706277787685,
              1.333577162245822
            ],
            [
              103.7578996270895,
              1.3334055473587125
            ]
          ]
        ]
      },
      "properties": {
        "id": "6c801e06f4"
      }
    },
    {
      "type": "Feature",
      "geometry": {
        "type": "Polygon",
        "coordinates": [
          [
            [
              103.75852189958096,
              1.3348749994419986
            ],
            [
              103.7585648149252,
              1.334703384645484
            ],
            [
              103.75854335725307,
              1.3345371327998952
            ],
            [
              103.75852189958096,
              1.3348749994419986
            ]
          ]
        ]
      },
      "properties": {
        "id": "8e94b21fe1"
      }
    },
    {
      "type": "Feature",
      "geometry": {
        "type": "Polygon",
        "coordinates": [
          [
            [
              103.75854335725307,
              1.3345317698368835
            ],
            [
              103.75843606889248,
              1.3342636216745565
            ],
            [
              103.75854335725307,
              1.3345317698368835
            ]
          ]
        ]
      },
      "properties": {
        "id": "dfc85ad0ce"
      }
    },
    {
      "type": "Feature",
      "geometry": {
        "type": "Polygon",
        "coordinates": [
          [
            [
              103.75991195440292,
              1.335493080754712
            ],
            [
              103.75631242990494,
              1.3371985017153591
            ],
            [
              103.7580981105566,
              1.3359744064484538
            ],
            [
              103.75838778913021,
              1.33573843620563
            ],
            [
              103.75858090817928,
              1.3354756511358015
            ],
            [
              103.75852726399899,
              1.3348696364799284
            ],
            [
              103.75991195440292,
              1.335493080754712
            ]
          ]
        ]
      },
      "properties": {
        "id": "0e16ce7ab8"
      }
    },
    {
      "type": "Feature",
      "geometry": {
        "type": "Polygon",
        "coordinates": [
          [
            [
              103.79558801651001,
              1.3316344273855638
            ],
            [
              103.79556655883789,
              1.331494990180726
            ],
            [
              103.79558801651001,
              1.3316344273855638
            ]
          ]
        ]
      },
      "properties": {
        "id": "1024aefa9d"
      }
    },
    {
      "type": "Feature",
      "geometry": {
        "type": "Polygon",
        "coordinates": [
          [
            [
              103.81360441446304,
              1.323364714938593
            ],
            [
              103.81354004144669,
              1.3231287434904535
            ],
            [
              103.81351590156555,
              1.3231341064739097
            ],
            [
              103.81178855895996,
              1.323370077921375
            ],
            [
              103.81152033805847,
              1.3234773376628777
            ],
            [
              103.81081223487854,
              1.3239063765825025
            ],
            [
              103.80573749542236,
              1.3273065073927333
            ],
            [
              103.80369901657104,
              1.3286365257442585
            ],
            [
              103.80303382873535,
              1.329011934020213
            ],
            [
              103.80207896232605,
              1.3293337124971882
            ],
            [
              103.79995465278625,
              1.3301167066159656
            ],
            [
              103.79820585250854,
              1.3307280854126988
            ],
            [
              103.79556655883789,
              1.3316397903543642
            ],
            [
              103.79107117652893,
              1.3332325917082555
            ],
            [
              103.79100680351257,
              1.3330502508647801
            ],
            [
              103.81360441446304,
              1.323364714938593
            ]
          ]
        ]
      },
      "properties": {
        "id": "3a971aa29f"
      }
    },
    {
      "type": "Feature",
      "geometry": {
        "type": "Polygon",
        "coordinates": [
          [
            [
              103.78231644630432,
              1.3221955834496368
            ],
            [
              103.78212332725525,
              1.3228498681104035
            ],
            [
              103.7817370891571,
              1.3238152058194086
            ],
            [
              103.78211259841919,
              1.3243622303541949
            ],
            [
              103.78237009048462,
              1.3267970243678708
            ],
            [
              103.78342151641846,
              1.3316773311399737
            ],
            [
              103.78363609313965,
              1.3318596720844507
            ],
            [
              103.78534197807312,
              1.3314091826661814
            ],
            [
              103.78734827041626,
              1.3327928284745887
            ],
            [
              103.78882884979248,
              1.3324495985790887
            ],
            [
              103.78933310508728,
              1.333693806722661
            ],
            [
              103.79099607467651,
              1.3330824286616791
            ],
            [
              103.78231644630432,
              1.3221955834496368
            ]
          ]
        ]
      },
      "properties": {
        "id": "3dfe304879"
      }
    },
    {
      "type": "Feature",
      "geometry": {
        "type": "Polygon",
        "coordinates": [
          [
            [
              103.77559214830399,
              1.3155132892828094
            ],
            [
              103.7767481803894,
              1.316478629823882
            ],
            [
              103.77722024917603,
              1.3174868740060859
            ],
            [
              103.77733826637268,
              1.3177979279799419
            ],
            [
              103.77559214830399,
              1.3155132892828094
            ]
          ]
        ]
      },
      "properties": {
        "id": "02ae9c07eb"
      }
    },
    {
      "type": "Feature",
      "geometry": {
        "type": "Polygon",
        "coordinates": [
          [
            [
              103.77882957458496,
              1.3185809257421717
            ],
            [
              103.77816438674927,
              1.3183449538397471
            ],
            [
              103.77733826637268,
              1.3178086539783547
            ],
            [
              103.77882957458496,
              1.3185809257421717
            ]
          ]
        ]
      },
      "properties": {
        "id": "10c354a881"
      }
    },
    {
      "type": "Feature",
      "geometry": {
        "type": "Polygon",
        "coordinates": [
          [
            [
              103.7794840335846,
              1.3190635954728915
            ],
            [
              103.77884030342102,
              1.318570199747092
            ],
            [
              103.7794840335846,
              1.3190635954728915
            ]
          ]
        ]
      },
      "properties": {
        "id": "f975b17bc2"
      }
    },
    {
      "type": "Feature",
      "geometry": {
        "type": "Polygon",
        "coordinates": [
          [
            [
              103.77959132194519,
              1.3197822368984984
            ],
            [
              103.77960205078125,
              1.319460457181361
            ],
            [
              103.7794840335846,
              1.3190743214658465
            ],
            [
              103.77959132194519,
              1.3197822368984984
            ]
          ]
        ]
      },
      "properties": {
        "id": "1bdeab9e45"
      }
    },
    {
      "type": "Feature",
      "geometry": {
        "type": "Polygon",
        "coordinates": [
          [
            [
              103.77966642379761,
              1.3205008781164151
            ],
            [
              103.77951622009277,
              1.320157646515858
            ],
            [
              103.77958059310913,
              1.3197607849186443
            ],
            [
              103.77966642379761,
              1.3205008781164151
            ]
          ]
        ]
      },
      "properties": {
        "id": "bc5248b696"
      }
    },
    {
      "type": "Feature",
      "geometry": {
        "type": "Polygon",
        "coordinates": [
          [
            [
              103.78009557723999,
              1.3207475758000462
            ],
            [
              103.77965569496155,
              1.3204901521296177
            ],
            [
              103.78009557723999,
              1.3207475758000462
            ]
          ]
        ]
      },
      "properties": {
        "id": "4bdf1d7de4"
      }
    },
    {
      "type": "Feature",
      "geometry": {
        "type": "Polygon",
        "coordinates": [
          [
            [
              103.78109335899353,
              1.3207046718568258
            ],
            [
              103.78000974655151,
              1.3210800813348897
            ],
            [
              103.7793231010437,
              1.3211444372397207
            ],
            [
              103.77785325050354,
              1.3209942734591869
            ],
            [
              103.77788543701172,
              1.3206832198849485
            ],
            [
              103.77931237220764,
              1.3208762876252669
            ],
            [
              103.78003120422363,
              1.3208012057280283
            ],
            [
              103.78010630607605,
              1.3207475758000462
            ],
            [
              103.78109335899353,
              1.3207046718568258
            ]
          ]
        ]
      },
      "properties": {
        "id": "2bb68eae7b"
      }
    },
    {
      "type": "Feature",
      "geometry": {
        "type": "Polygon",
        "coordinates": [
          [
            [
              103.78230571746826,
              1.3221848574701673
            ],
            [
              103.78137230873108,
              1.322174131490647
            ],
            [
              103.78109335899353,
              1.3207261238289703
            ],
            [
              103.78230571746826,
              1.3221848574701673
            ]
          ]
        ]
      },
      "properties": {
        "id": "2e6ff71f23"
      }
    },
    {
      "type": "Feature",
      "geometry": {
        "type": "Polygon",
        "coordinates": [
          [
            [
              103.78896296024323,
              1.3366005319170813
            ],
            [
              103.78892004489899,
              1.3355976584841285
            ],
            [
              103.78889322280884,
              1.3349058364656141
            ],
            [
              103.7889039516449,
              1.3348522068436521
            ],
            [
              103.78914535045624,
              1.3344660735309448
            ],
            [
              103.78916680812836,
              1.3343802661198954
            ],
            [
              103.78916680812836,
              1.3341442957240994
            ],
            [
              103.78933310508728,
              1.333704532653277
            ],
            [
              103.78896296024323,
              1.3366005319170813
            ]
          ]
        ]
      },
      "properties": {
        "id": "93f196c228"
      }
    },
    {
      "type": "Feature",
      "geometry": {
        "type": "Polygon",
        "coordinates": [
          [
            [
              103.78900051116943,
              1.3379841748046706
            ],
            [
              103.78896296024323,
              1.336562991207805
            ],
            [
              103.78900051116943,
              1.3379841748046706
            ]
          ]
        ]
      },
      "properties": {
        "id": "bd73bedc77"
      }
    },
    {
      "type": "Feature",
      "geometry": {
        "type": "Polygon",
        "coordinates": [
          [
            [
              103.78881812095642,
              1.3400542747214568
            ],
            [
              103.78893077373505,
              1.3396520533719123
            ],
            [
              103.78897368907928,
              1.3389012400094003
            ],
            [
              103.78900051116943,
              1.3379519970719551
            ],
            [
              103.78881812095642,
              1.3400542747214568
            ]
          ]
        ]
      },
      "properties": {
        "id": "f6175e3aeb"
      }
    },
    {
      "type": "Feature",
      "geometry": {
        "type": "Polygon",
        "coordinates": [
          [
            [
              103.76903414726257,
              1.3548640186582293
            ],
            [
              103.76927018165588,
              1.354939099513073
            ],
            [
              103.76936674118042,
              1.3547138569417863
            ],
            [
              103.76944184303284,
              1.3540595807826294
            ],
            [
              103.76996755599976,
              1.3524185266888746
            ],
            [
              103.7748384475708,
              1.3494152875657497
            ],
            [
              103.77939820289612,
              1.348975527239835
            ],
            [
              103.78570675849915,
              1.3545529693783631
            ],
            [
              103.7878954410553,
              1.3563763611416157
            ],
            [
              103.78916144371033,
              1.357341685636612
            ],
            [
              103.79107117652893,
              1.3578994285025496
            ],
            [
              103.79804491996765,
              1.3613316894580112
            ],
            [
              103.80250811576843,
              1.3659652339950394
            ],
            [
              103.80304455757141,
              1.366179749729659
            ],
            [
              103.8033664226532,
              1.3659437824205152
            ],
            [
              103.80390286445618,
              1.3568697492649864
            ],
            [
              103.797208070755,
              1.3548961961681913
            ],
            [
              103.78974080085754,
              1.3523219940606839
            ],
            [
              103.78997683525085,
              1.3488468168856589
            ],
            [
              103.78926873207092,
              1.3480960063497567
            ],
            [
              103.78881812095642,
              1.3474310025388836
            ],
            [
              103.78828167915344,
              1.3461224461232522
            ],
            [
              103.78817439079285,
              1.3457792180945978
            ],
            [
              103.78896832466125,
              1.3447173560751122
            ],
            [
              103.7890112400055,
              1.3445993713777447
            ],
            [
              103.78892540931702,
              1.3442454172514824
            ],
            [
              103.788743019104,
              1.3434624276383427
            ],
            [
              103.7886893749237,
              1.3426365342128306
            ],
            [
              103.78860890865326,
              1.341370878811561
            ],
            [
              103.78860890865326,
              1.3411456349850748
            ],
            [
              103.78869473934174,
              1.3408077692064664
            ],
            [
              103.78869205713272,
              1.3406227474507917
            ],
            [
              103.78872692584991,
              1.340405547980658
            ],
            [
              103.78882080316544,
              1.3400462302964042
            ],
            [
              103.76903414726257,
              1.3548640186582293
            ]
          ]
        ]
      },
      "properties": {
        "id": "7878599798"
      }
    },
    {
      "type": "Feature",
      "geometry": {
        "type": "Polygon",
        "coordinates": [
          [
            [
              103.76858353614807,
              1.354719219862026
            ],
            [
              103.76902341842651,
              1.3548586557416535
            ],
            [
              103.76858353614807,
              1.354719219862026
            ]
          ]
        ]
      },
      "properties": {
        "id": "caa4fbdc26"
      }
    },
    {
      "type": "Feature",
      "geometry": {
        "type": "Polygon",
        "coordinates": [
          [
            [
              103.76418471336365,
              1.346808902037639
            ],
            [
              103.76518249511719,
              1.3470877746968135
            ],
            [
              103.76604080200195,
              1.3471199523092658
            ],
            [
              103.76640558242798,
              1.3470019677281537
            ],
            [
              103.76673817634583,
              1.3473451955846383
            ],
            [
              103.76708149909973,
              1.3474202766717895
            ],
            [
              103.76778960227966,
              1.3477635044693321
            ],
            [
              103.76937747001648,
              1.3486108478873478
            ],
            [
              103.76899659633636,
              1.3492061332759866
            ],
            [
              103.76629292964935,
              1.3512654978234282
            ],
            [
              103.7652200460434,
              1.353367763997972
            ],
            [
              103.76200675964355,
              1.355534383352311
            ],
            [
              103.76212477684021,
              1.3557596258472897
            ],
            [
              103.7623393535614,
              1.356446079036043
            ],
            [
              103.76260757446289,
              1.3573255968995313
            ],
            [
              103.7626987695694,
              1.3574972101038856
            ],
            [
              103.76288115978241,
              1.3577439040638248
            ],
            [
              103.76326739788055,
              1.3583177355688694
            ],
            [
              103.76380920410156,
              1.3590363654858046
            ],
            [
              103.76383066177368,
              1.3590202767586599
            ],
            [
              103.76467823982239,
              1.3584839857925155
            ],
            [
              103.76683473587036,
              1.3577653557112983
            ],
            [
              103.76704931259155,
              1.3576151941748111
            ],
            [
              103.76787543296814,
              1.3563817240578606
            ],
            [
              103.76836895942688,
              1.3555826496029797
            ],
            [
              103.76849234104156,
              1.3552662374976163
            ],
            [
              103.76857817173004,
              1.3547245827806242
            ],
            [
              103.76418471336365,
              1.346808902037639
            ]
          ]
        ]
      },
      "properties": {
        "id": "8a760effe1"
      }
    },
    {
      "type": "Feature",
      "geometry": {
        "type": "Polygon",
        "coordinates": [
          [
            [
              103.76382529735565,
              1.3467204135913156
            ],
            [
              103.76418739557266,
              1.3468089020379064
            ],
            [
              103.76382529735565,
              1.3467204135913156
            ]
          ]
        ]
      },
      "properties": {
        "id": "91ef9a3b3f"
      }
    },
    {
      "type": "Feature",
      "geometry": {
        "type": "Polygon",
        "coordinates": [
          [
            [
              103.76447170972824,
              1.339716408795945
            ],
            [
              103.76502960920334,
              1.3421619135165122
            ],
            [
              103.7668964266777,
              1.34282691876338
            ],
            [
              103.76575380563736,
              1.3435938197508728
            ],
            [
              103.76526564359665,
              1.3443285428487473
            ],
            [
              103.7650939822197,
              1.3448165704775854
            ],
            [
              103.7641230225563,
              1.3450525398455913
            ],
            [
              103.76384407281876,
              1.3456692778587447
            ],
            [
              103.76371264457703,
              1.346698961846212
            ],
            [
              103.76381993293762,
              1.3467177321231936
            ],
            [
              103.76447170972824,
              1.339716408795945
            ]
          ]
        ]
      },
      "properties": {
        "id": "937c388623"
      }
    },
    {
      "type": "Feature",
      "geometry": {
        "type": "Polygon",
        "coordinates": [
          [
            [
              103.75991731882095,
              1.3355038066763334
            ],
            [
              103.7602499127388,
              1.3364208728077878
            ],
            [
              103.76054495573044,
              1.337504190252864
            ],
            [
              103.76055032014847,
              1.337627538247456
            ],
            [
              103.76072734594345,
              1.337627538247456
            ],
            [
              103.76094192266464,
              1.337675804852744
            ],
            [
              103.76139789819717,
              1.3378366935301755
            ],
            [
              103.76191556453705,
              1.338027078451514
            ],
            [
              103.76207649707794,
              1.3381370190331698
            ],
            [
              103.76214891672134,
              1.3382281892678718
            ],
            [
              103.76244127750397,
              1.3388502919552772
            ],
            [
              103.76250565052032,
              1.3389387806868072
            ],
            [
              103.76263707876205,
              1.3390889433754058
            ],
            [
              103.76289457082748,
              1.3392069283385661
            ],
            [
              103.76306086778641,
              1.339223017196737
            ],
            [
              103.76370996236801,
              1.3392820096757982
            ],
            [
              103.7638708949089,
              1.339330276248517
            ],
            [
              103.76443952322006,
              1.3395608831939767
            ],
            [
              103.76447170972824,
              1.3397110458444468
            ],
            [
              103.75991731882095,
              1.3355038066763334
            ]
          ]
        ]
      },
      "properties": {
        "id": "7acb067ac4"
      }
    },
    {
      "type": "Feature",
      "geometry": {
        "type": "Polygon",
        "coordinates": [
          [
            [
              103.75051349401474,
              1.3404645404350763
            ],
            [
              103.7528845667839,
              1.3391130766650794
            ],
            [
              103.75051349401474,
              1.3404645404350763
            ]
          ]
        ]
      },
      "properties": {
        "id": "77f546142a"
      }
    },
    {
      "type": "Feature",
      "geometry": {
        "type": "Polygon",
        "coordinates": [
          [
            [
              103.7373223900795,
              1.3457792180985164
            ],
            [
              103.73839527368546,
              1.3452429242070378
            ],
            [
              103.7394466996193,
              1.3449533254566293
            ],
            [
              103.740294277668,
              1.3448675184128702
            ],
            [
              103.74120622873306,
              1.3448567925321888
            ],
            [
              103.74202162027359,
              1.344760259603919
            ],
            [
              103.74287992715836,
              1.3445564678539503
            ],
            [
              103.74365240335464,
              1.3442775949053583
            ],
            [
              103.74440342187881,
              1.3439343666172217
            ],
            [
              103.74505788087845,
              1.3435696865083095
            ],
            [
              103.746597468853,
              1.342652623052478
            ],
            [
              103.7489041686058,
              1.3413655158676325
            ],
            [
              103.75051885843277,
              1.3404591774853212
            ],
            [
              103.7373223900795,
              1.3457792180985164
            ]
          ]
        ]
      },
      "properties": {
        "id": "6548449198"
      }
    },
    {
      "type": "Feature",
      "geometry": {
        "type": "Polygon",
        "coordinates": [
          [
            [
              103.73416543006897,
              1.399775356890069
            ],
            [
              103.73534560203552,
              1.3980807060395584
            ],
            [
              103.73626828193665,
              1.3955923557388095
            ],
            [
              103.73573184013367,
              1.395356391349402
            ],
            [
              103.73551726341248,
              1.394948816439227
            ],
            [
              103.73422980308533,
              1.3900150093008943
            ],
            [
              103.73302817344666,
              1.3839657186572403
            ],
            [
              103.73287796974182,
              1.3818420278536152
            ],
            [
              103.7328028678894,
              1.3804369586517595
            ],
            [
              103.73287796974182,
              1.3800722840666821
            ],
            [
              103.7330710887909,
              1.379139145903209
            ],
            [
              103.73211622238159,
              1.3783454418899943
            ],
            [
              103.72958421707153,
              1.3761573916191772
            ],
            [
              103.73416543006897,
              1.399775356890069
            ]
          ]
        ]
      },
      "properties": {
        "id": "b496d17c5c"
      }
    },
    {
      "type": "Feature",
      "geometry": {
        "type": "Polygon",
        "coordinates": [
          [
            [
              103.74296307563782,
              1.4065324968226822
            ],
            [
              103.74382138252258,
              1.4059747653773405
            ],
            [
              103.74513030052185,
              1.4055028386656698
            ],
            [
              103.74613881111145,
              1.4052025216176711
            ],
            [
              103.74785542488098,
              1.4051381679595079
            ],
            [
              103.74864935874939,
              1.4051167167397172
            ],
            [
              103.75021576881409,
              1.4049022045310606
            ],
            [
              103.75126719474792,
              1.4046662410787973
            ],
            [
              103.75199675559998,
              1.404258667786914
            ],
            [
              103.752361536026,
              1.4038725456555357
            ],
            [
              103.75257611274719,
              1.4034220697549418
            ],
            [
              103.75265121459961,
              1.4030466731047035
            ],
            [
              103.75257611274719,
              1.402081367156107
            ],
            [
              103.75211477279663,
              1.4006441331174129
            ],
            [
              103.75200748443604,
              1.4002901872859992
            ],
            [
              103.75191360712051,
              1.3994643134841913
            ],
            [
              103.75182777643204,
              1.3987135188550446
            ],
            [
              103.74296307563782,
              1.4065324968226822
            ]
          ]
        ]
      },
      "properties": {
        "id": "38a977c893"
      }
    },
    {
      "type": "Feature",
      "geometry": {
        "type": "Polygon",
        "coordinates": [
          [
            [
              103.74019503593445,
              1.4187382015192174
            ],
            [
              103.7300455570221,
              1.4103293573475746
            ],
            [
              103.72974514961243,
              1.40925679850423
            ],
            [
              103.72970223426819,
              1.4084845558312418
            ],
            [
              103.73120427131653,
              1.405223972836673
            ],
            [
              103.73416543006897,
              1.3997324543519925
            ],
            [
              103.74019503593445,
              1.4187382015192174
            ]
          ]
        ]
      },
      "properties": {
        "id": "dbf424b05e"
      }
    },
    {
      "type": "Feature",
      "geometry": {
        "type": "Polygon",
        "coordinates": [
          [
            [
              103.74690592288971,
              1.428434075726568
            ],
            [
              103.74503910541534,
              1.4268467008846086
            ],
            [
              103.74388039112091,
              1.4241867730186892
            ],
            [
              103.74021112918854,
              1.4207331524191886
            ],
            [
              103.74021112918854,
              1.4187382015207821
            ],
            [
              103.74189019203186,
              1.4139117002990669
            ],
            [
              103.74195456504822,
              1.4134183240528544
            ],
            [
              103.74171853065491,
              1.412195608556192
            ],
            [
              103.74139666557312,
              1.4107583807464743
            ],
            [
              103.74135375022888,
              1.4094284079524764
            ],
            [
              103.74163269996643,
              1.4084202022637498
            ],
            [
              103.74223351478577,
              1.4072832889425622
            ],
            [
              103.74296307563782,
              1.4065539480295979
            ],
            [
              103.74690592288971,
              1.428434075726568
            ]
          ]
        ]
      },
      "properties": {
        "id": "ffb4c647eb"
      }
    },
    {
      "type": "Feature",
      "geometry": {
        "type": "Polygon",
        "coordinates": [
          [
            [
              103.78601789474487,
              1.3548720630359297
            ],
            [
              103.7847089767456,
              1.355815936466321
            ],
            [
              103.78374338150024,
              1.3567598095286963
            ],
            [
              103.78601789474487,
              1.3548720630359297
            ]
          ]
        ]
      },
      "properties": {
        "id": "d9cda9894e"
      }
    },
    {
      "type": "Feature",
      "geometry": {
        "type": "Polygon",
        "coordinates": [
          [
            [
              103.78376483917236,
              1.356727632044026
            ],
            [
              103.78283143043518,
              1.3577465855183468
            ],
            [
              103.78214478492737,
              1.3586904578271726
            ],
            [
              103.78140449523926,
              1.3599561042078803
            ],
            [
              103.78066420555115,
              1.3615327983468513
            ],
            [
              103.78376483917236,
              1.356727632044026
            ]
          ]
        ]
      },
      "properties": {
        "id": "31eabaab9f"
      }
    },
    {
      "type": "Feature",
      "geometry": {
        "type": "Polygon",
        "coordinates": [
          [
            [
              103.78000974655151,
              1.365715859429379
            ],
            [
              103.7806749343872,
              1.3615327983468513
            ],
            [
              103.78000974655151,
              1.365715859429379
            ]
          ]
        ]
      },
      "properties": {
        "id": "caf99c068e"
      }
    },
    {
      "type": "Feature",
      "geometry": {
        "type": "Polygon",
        "coordinates": [
          [
            [
              103.78589987754822,
              1.373320431296384
            ],
            [
              103.78510594367981,
              1.37107874759928
            ],
            [
              103.77875447273254,
              1.3705639108555607
            ],
            [
              103.78002047538757,
              1.3656944078527302
            ],
            [
              103.78589987754822,
              1.373320431296384
            ]
          ]
        ]
      },
      "properties": {
        "id": "1db93b27ed"
      }
    },
    {
      "type": "Feature",
      "geometry": {
        "type": "Polygon",
        "coordinates": [
          [
            [
              103.77811074256897,
              1.3732668025243937
            ],
            [
              103.78162980079651,
              1.3740390567257474
            ],
            [
              103.78588914871216,
              1.3733311570507212
            ],
            [
              103.77811074256897,
              1.3732668025243937
            ]
          ]
        ]
      },
      "properties": {
        "id": "09cf1356d3"
      }
    },
    {
      "type": "Feature",
      "geometry": {
        "type": "Polygon",
        "coordinates": [
          [
            [
              103.77693057060242,
              1.3770208136590032
            ],
            [
              103.77808928489685,
              1.3732668025245207
            ],
            [
              103.77693057060242,
              1.3770208136590032
            ]
          ]
        ]
      },
      "properties": {
        "id": "3d81795aec"
      }
    },
    {
      "type": "Feature",
      "geometry": {
        "type": "Polygon",
        "coordinates": [
          [
            [
              103.77583622932434,
              1.381278927702503
            ],
            [
              103.7769627571106,
              1.3769457334942
            ],
            [
              103.77583622932434,
              1.381278927702503
            ]
          ]
        ]
      },
      "properties": {
        "id": "f61c9b8ad2"
      }
    },
    {
      "type": "Feature",
      "geometry": {
        "type": "Polygon",
        "coordinates": [
          [
            [
              103.76719951629639,
              1.3903850451958837
            ],
            [
              103.77003192901611,
              1.3902777884211517
            ],
            [
              103.77212405204773,
              1.3902241600319474
            ],
            [
              103.77466678619385,
              1.3902027086759272
            ],
            [
              103.77538561820984,
              1.3844108354299351
            ],
            [
              103.7758469581604,
              1.3812682019840683
            ],
            [
              103.76719951629639,
              1.3903850451958837
            ]
          ]
        ]
      },
      "properties": {
        "id": "f4bfecb5e1"
      }
    },
    {
      "type": "Feature",
      "geometry": {
        "type": "Polygon",
        "coordinates": [
          [
            [
              103.76425981521606,
              1.3902777884211517
            ],
            [
              103.76609444618225,
              1.3904172222273632
            ],
            [
              103.76721024513245,
              1.3903850451958966
            ],
            [
              103.76425981521606,
              1.3902777884211517
            ]
          ]
        ]
      },
      "properties": {
        "id": "798730cc56"
      }
    },
    {
      "type": "Feature",
      "geometry": {
        "type": "Polygon",
        "coordinates": [
          [
            [
              103.759925365448,
              1.3959945677134655
            ],
            [
              103.76052618026733,
              1.3894733624556097
            ],
            [
              103.759925365448,
              1.3959945677134655
            ]
          ]
        ]
      },
      "properties": {
        "id": "766407b726"
      }
    },
    {
      "type": "Feature",
      "geometry": {
        "type": "Polygon",
        "coordinates": [
          [
            [
              103.75187873840332,
              1.398697430385054
            ],
            [
              103.75483989715576,
              1.3982147765647281
            ],
            [
              103.75501155853271,
              1.3985794483492382
            ],
            [
              103.75540852546692,
              1.4000274092872944
            ],
            [
              103.75187873840332,
              1.398697430385054
            ]
          ]
        ]
      },
      "properties": {
        "id": "3d4d3063a9"
      }
    },
    {
      "type": "Feature",
      "geometry": {
        "type": "Polygon",
        "coordinates": [
          [
            [
              103.75540852546692,
              1.400022046470817
            ],
            [
              103.75575184822083,
              1.4017756868578162
            ],
            [
              103.75585377216339,
              1.4023119680595686
            ],
            [
              103.75598788261414,
              1.4029179656696151
            ],
            [
              103.75606298446655,
              1.403513237505465
            ],
            [
              103.75607371330261,
              1.4040119786566978
            ],
            [
              103.75605762004852,
              1.4045321709268466
            ],
            [
              103.75605762004852,
              1.4052615124714307
            ],
            [
              103.75608444213867,
              1.405856783710367
            ],
            [
              103.75610589981079,
              1.4068059996962752
            ],
            [
              103.75632584095001,
              1.4068113624973584
            ],
            [
              103.75634729862213,
              1.4051649819859542
            ],
            [
              103.75630974769592,
              1.40420503971892
            ],
            [
              103.75618636608124,
              1.4029286912896182
            ],
            [
              103.75615417957306,
              1.4027034532592095
            ],
            [
              103.75602006912231,
              1.4021403580883625
            ],
            [
              103.755784034729,
              1.4007674778660326
            ],
            [
              103.75550508499146,
              1.3993945968393149
            ],
            [
              103.75511884689331,
              1.3981504227146628
            ],
            [
              103.75457167625427,
              1.3965630271846072
            ],
            [
              103.75991463661194,
              1.3960052933653886
            ],
            [
              103.75540852546692,
              1.400022046470817
            ]
          ]
        ]
      },
      "properties": {
        "id": "00d0d05817"
      }
    },
    {
      "type": "Feature",
      "geometry": {
        "type": "Polygon",
        "coordinates": [
          [
            [
              103.7563043832779,
              1.403802829157537
            ],
            [
              103.75997364521027,
              1.3996627377308937
            ],
            [
              103.76364290714264,
              1.3981825996428634
            ],
            [
              103.76597106456757,
              1.3983005816932843
            ],
            [
              103.76635730266571,
              1.4019043943550018
            ],
            [
              103.76635730266571,
              1.402081367157888
            ],
            [
              103.78586232662201,
              1.401116060811264
            ],
            [
              103.79219233989716,
              1.3999147901354851
            ],
            [
              103.79676282405853,
              1.4014163783839653
            ],
            [
              103.79805028438568,
              1.4035186003141944
            ],
            [
              103.79530370235443,
              1.406242905514021
            ],
            [
              103.79180610179901,
              1.407808843284544
            ],
            [
              103.7563043832779,
              1.403802829157537
            ]
          ]
        ]
      },
      "properties": {
        "id": "a4c1e364eb"
      }
    },
    {
      "type": "Feature",
      "geometry": {
        "type": "Polygon",
        "coordinates": [
          [
            [
              103.77989709377289,
              1.4108978133363144
            ],
            [
              103.77747237682343,
              1.4110479714982456
            ],
            [
              103.77584159374237,
              1.4108978133363144
            ],
            [
              103.77989709377289,
              1.4108978133363144
            ]
          ]
        ]
      },
      "properties": {
        "id": "f9bcc384ce"
      }
    },
    {
      "type": "Feature",
      "geometry": {
        "type": "Polygon",
        "coordinates": [
          [
            [
              103.74691665172577,
              1.4284340757266318
            ],
            [
              103.74514639377594,
              1.43373246759095
            ],
            [
              103.7443095445633,
              1.4349873480797255
            ],
            [
              103.74691665172577,
              1.4284340757266318
            ]
          ]
        ]
      },
      "properties": {
        "id": "811f728011"
      }
    },
    {
      "type": "Feature",
      "geometry": {
        "type": "Polygon",
        "coordinates": [
          [
            [
              103.78657042980194,
              1.4061356494639465
            ],
            [
              103.79180610179901,
              1.4078088432846074
            ],
            [
              103.78657042980194,
              1.4061356494639465
            ]
          ]
        ]
      },
      "properties": {
        "id": "ea005b411e"
      }
    },
    {
      "type": "Feature",
      "geometry": {
        "type": "Polygon",
        "coordinates": [
          [
            [
              103.79737436771393,
              1.4149413547380105
            ],
            [
              103.7955504655838,
              1.4143836253080972
            ],
            [
              103.79315793514252,
              1.4135577564829798
            ],
            [
              103.79002511501312,
              1.4124208456717968
            ],
            [
              103.78418862819672,
              1.410897813336098
            ],
            [
              103.78157079219818,
              1.410447338792176
            ],
            [
              103.78489673137665,
              1.4075943313233852
            ],
            [
              103.78654897212982,
              1.406157100674361
            ],
            [
              103.79737436771393,
              1.4149413547380105
            ]
          ]
        ]
      },
      "properties": {
        "id": "3cba3d2fe0"
      }
    },
    {
      "type": "Feature",
      "geometry": {
        "type": "Polygon",
        "coordinates": [
          [
            [
              103.78448903560638,
              1.4115306226673756
            ],
            [
              103.78341615200043,
              1.4111230505756174
            ],
            [
              103.78173172473907,
              1.4109407156693343
            ],
            [
              103.77991855144501,
              1.4108978133363526
            ],
            [
              103.78448903560638,
              1.4115306226673756
            ]
          ]
        ]
      },
      "properties": {
        "id": "8811c0531c"
      }
    },
    {
      "type": "Feature",
      "geometry": {
        "type": "Polygon",
        "coordinates": [
          [
            [
              103.78800809383392,
              1.4125066502809176
            ],
            [
              103.78449976444244,
              1.4115413482477746
            ],
            [
              103.78800809383392,
              1.4125066502809176
            ]
          ]
        ]
      },
      "properties": {
        "id": "2a3d6c7b3f"
      }
    },
    {
      "type": "Feature",
      "geometry": {
        "type": "Polygon",
        "coordinates": [
          [
            [
              103.79152715206146,
              1.4133325194798774
            ],
            [
              103.78978908061981,
              1.4127426129391616
            ],
            [
              103.7879866361618,
              1.4125173758568128
            ],
            [
              103.79152715206146,
              1.4133325194798774
            ]
          ]
        ]
      },
      "properties": {
        "id": "afb70005ef"
      }
    },
    {
      "type": "Feature",
      "geometry": {
        "type": "Polygon",
        "coordinates": [
          [
            [
              103.79548609256744,
              1.414716117869293
            ],
            [
              103.79152715206146,
              1.4133217939078497
            ],
            [
              103.79548609256744,
              1.414716117869293
            ]
          ]
        ]
      },
      "properties": {
        "id": "ec635d2a3a"
      }
    },
    {
      "type": "Feature",
      "geometry": {
        "type": "Polygon",
        "coordinates": [
          [
            [
              103.79794299602509,
              1.4154776329098522
            ],
            [
              103.79803955554962,
              1.4151558660218129
            ],
            [
              103.79738509654999,
              1.414941354738316
            ],
            [
              103.79794299602509,
              1.4154776329098522
            ]
          ]
        ]
      },
      "properties": {
        "id": "248a6cc9f0"
      }
    },
    {
      "type": "Feature",
      "geometry": {
        "type": "Polygon",
        "coordinates": [
          [
            [
              103.7954968214035,
              1.414716117869293
            ],
            [
              103.79651606082916,
              1.4150378848183354
            ],
            [
              103.79792153835297,
              1.415466907347646
            ],
            [
              103.7954968214035,
              1.414716117869293
            ]
          ]
        ]
      },
      "properties": {
        "id": "92316be97e"
      }
    },
    {
      "type": "Feature",
      "geometry": {
        "type": "Polygon",
        "coordinates": [
          [
            [
              103.79533588886261,
              1.4225886697205496
            ],
            [
              103.79194557666779,
              1.4243691068830353
            ],
            [
              103.78984272480011,
              1.4254845607900513
            ],
            [
              103.78821194171906,
              1.4260851895930966
            ],
            [
              103.78591597080231,
              1.4265571121141065
            ],
            [
              103.78370583057404,
              1.4267716223189373
            ],
            [
              103.78156006336212,
              1.4266643672190218
            ],
            [
              103.77926409244537,
              1.426278248817938
            ],
            [
              103.77730071544647,
              1.4256293552457262
            ],
            [
              103.77612054347992,
              1.4140028676380136
            ],
            [
              103.79533588886261,
              1.4225886697205496
            ]
          ]
        ]
      },
      "properties": {
        "id": "e18fb1a086"
      }
    },
    {
      "type": "Feature",
      "geometry": {
        "type": "Polygon",
        "coordinates": [
          [
            [
              103.79827558994293,
              1.425999385488094
            ],
            [
              103.79537880420685,
              1.4225725814228305
            ],
            [
              103.79883348941803,
              1.4205990831897897
            ],
            [
              103.80245983600616,
              1.4177675393028675
            ],
            [
              103.80490601062775,
              1.4157082324821118
            ],
            [
              103.80582869052887,
              1.4147214806487869
            ],
            [
              103.80610764026642,
              1.4145498715914304
            ],
            [
              103.8064295053482,
              1.414539146024937
            ],
            [
              103.80679428577423,
              1.4146142249894371
            ],
            [
              103.80751311779022,
              1.4149467175172754
            ],
            [
              103.80903661251068,
              1.4154615445631527
            ],
            [
              103.79827558994293,
              1.425999385488094
            ]
          ]
        ]
      },
      "properties": {
        "id": "15a05b167c"
      }
    },
    {
      "type": "Feature",
      "geometry": {
        "type": "Polygon",
        "coordinates": [
          [
            [
              103.8051849603653,
              1.434000604506759
            ],
            [
              103.79821121692657,
              1.4259135813797579
            ],
            [
              103.8051849603653,
              1.434000604506759
            ]
          ]
        ]
      },
      "properties": {
        "id": "a41773cf88"
      }
    },
    {
      "type": "Feature",
      "geometry": {
        "type": "Polygon",
        "coordinates": [
          [
            [
              103.80787789821625,
              1.4371753431848393
            ],
            [
              103.80517423152924,
              1.4339791535548856
            ],
            [
              103.80787789821625,
              1.4371753431848393
            ]
          ]
        ]
      },
      "properties": {
        "id": "7e332079ec"
      }
    },
    {
      "type": "Feature",
      "geometry": {
        "type": "Polygon",
        "coordinates": [
          [
            [
              103.81084978580475,
              1.4406396644765675
            ],
            [
              103.80786716938019,
              1.437164617723775
            ],
            [
              103.81084978580475,
              1.4406396644765675
            ]
          ]
        ]
      },
      "properties": {
        "id": "2a3f0adb66"
      }
    },
    {
      "type": "Feature",
      "geometry": {
        "type": "Polygon",
        "coordinates": [
          [
            [
              103.81178319454193,
              1.4437178650439442
            ],
            [
              103.81167590618134,
              1.442570243716487
            ],
            [
              103.81084978580475,
              1.4406503899214493
            ],
            [
              103.81178319454193,
              1.4437178650439442
            ]
          ]
        ]
      },
      "properties": {
        "id": "07a9cdbcea"
      }
    },
    {
      "type": "Feature",
      "geometry": {
        "type": "Polygon",
        "coordinates": [
          [
            [
              103.81231963634491,
              1.44823326669471
            ],
            [
              103.81177246570587,
              1.443723227754776
            ],
            [
              103.81481945514679,
              1.4424790775071585
            ],
            [
              103.8171797990799,
              1.4410633195013398
            ],
            [
              103.81996929645538,
              1.4386608190538144
            ],
            [
              103.82310211658478,
              1.4349712598703876
            ],
            [
              103.82408916950226,
              1.4344135352895608
            ],
            [
              103.82370293140411,
              1.4278924378098257
            ],
            [
              103.82183611392975,
              1.4270558483055822
            ],
            [
              103.82192194461823,
              1.4268627891460057
            ],
            [
              103.82329523563385,
              1.4274634175892669
            ],
            [
              103.82372438907623,
              1.4273347115074917
            ],
            [
              103.8198834657669,
              1.422079207022701
            ],
            [
              103.80934774875641,
              1.4186255832709782
            ],
            [
              103.80681574344635,
              1.4175315771558528
            ],
            [
              103.80909025669098,
              1.4154508190008446
            ],
            [
              103.80922973155975,
              1.4152684844343466
            ],
            [
              103.8099056482315,
              1.4152899355605655
            ],
            [
              103.81056010723114,
              1.4152470333079243
            ],
            [
              103.81131112575531,
              1.4149896197754759
            ],
            [
              103.81231963634491,
              1.44823326669471
            ]
          ]
        ]
      },
      "properties": {
        "id": "561867c160"
      }
    },
    {
      "type": "Feature",
      "geometry": {
        "type": "Polygon",
        "coordinates": [
          [
            [
              103.81132185459137,
              1.4594198405225813
            ],
            [
              103.81201922893524,
              1.4577037829435964
            ],
            [
              103.81256639957428,
              1.4556337867487057
            ],
            [
              103.81275951862335,
              1.4545612491126256
            ],
            [
              103.81286680698395,
              1.4530704209516798
            ],
            [
              103.81286680698395,
              1.4518906281843365
            ],
            [
              103.81132185459137,
              1.4594198405225813
            ]
          ]
        ]
      },
      "properties": {
        "id": "9dd5ccab25"
      }
    },
    {
      "type": "Feature",
      "geometry": {
        "type": "Polygon",
        "coordinates": [
          [
            [
              103.81286680698395,
              1.4518799027927225
            ],
            [
              103.81275951862335,
              1.4508395395638716
            ],
            [
              103.81231963634491,
              1.4482225412858831
            ],
            [
              103.81286680698395,
              1.4518799027927225
            ]
          ]
        ]
      },
      "properties": {
        "id": "a672847845"
      }
    },
    {
      "type": "Feature",
      "geometry": {
        "type": "Polygon",
        "coordinates": [
          [
            [
              103.80166590213776,
              1.4535530632699367
            ],
            [
              103.81132185459137,
              1.459409115166933
            ],
            [
              103.80166590213776,
              1.4535530632699367
            ]
          ]
        ]
      },
      "properties": {
        "id": "3e99e838a5"
      }
    },
    {
      "type": "Feature",
      "geometry": {
        "type": "Polygon",
        "coordinates": [
          [
            [
              103.80077004432678,
              1.4562451329743962
            ],
            [
              103.80105972290039,
              1.4550063522948231
            ],
            [
              103.80136549472809,
              1.454153684678498
            ],
            [
              103.80159616470337,
              1.453526249811703
            ],
            [
              103.8016551733017,
              1.453553063271247
            ],
            [
              103.80166590213776,
              1.4535584259630847
            ],
            [
              103.80077004432678,
              1.4562451329743962
            ]
          ]
        ]
      },
      "properties": {
        "id": "b648f4b785"
      }
    },
    {
      "type": "Feature",
      "geometry": {
        "type": "Polygon",
        "coordinates": [
          [
            [
              103.80061447620392,
              1.4568403909808765
            ],
            [
              103.80077540874481,
              1.4562290449179922
            ],
            [
              103.80061447620392,
              1.4568403909808765
            ]
          ]
        ]
      },
      "properties": {
        "id": "1307db3d21"
      }
    },
    {
      "type": "Feature",
      "geometry": {
        "type": "Polygon",
        "coordinates": [
          [
            [
              103.80037844181061,
              1.4567814014557239
            ],
            [
              103.80060911178589,
              1.456835028296825
            ],
            [
              103.80037844181061,
              1.4567814014557239
            ]
          ]
        ]
      },
      "properties": {
        "id": "b3d070fe87"
      }
    },
    {
      "type": "Feature",
      "geometry": {
        "type": "Polygon",
        "coordinates": [
          [
            [
              103.8008451461792,
              1.4549312746560163
            ],
            [
              103.80059838294983,
              1.4558965583931203
            ],
            [
              103.8008451461792,
              1.4549312746560163
            ]
          ]
        ]
      },
      "properties": {
        "id": "003874e09b"
      }
    },
    {
      "type": "Feature",
      "geometry": {
        "type": "Polygon",
        "coordinates": [
          [
            [
              103.80251079797745,
              1.4502657307757734
            ],
            [
              103.80263417959213,
              1.450434655808427
            ],
            [
              103.80267709493637,
              1.4506116248767058
            ],
            [
              103.80210310220718,
              1.451887946838055
            ],
            [
              103.8014030456543,
              1.453400226548386
            ],
            [
              103.8012233376503,
              1.4538265605390743
            ],
            [
              103.80251079797745,
              1.4502657307757734
            ]
          ]
        ]
      },
      "properties": {
        "id": "68f84993f0"
      }
    },
    {
      "type": "Feature",
      "geometry": {
        "type": "Polygon",
        "coordinates": [
          [
            [
              103.79600912332535,
              1.4473859592332083
            ],
            [
              103.79777401685715,
              1.4480187585079412
            ],
            [
              103.79973739385605,
              1.448941143575019
            ],
            [
              103.80090683698654,
              1.4495095899990675
            ],
            [
              103.79600912332535,
              1.4473859592332083
            ]
          ]
        ]
      },
      "properties": {
        "id": "abd615ca64"
      }
    },
    {
      "type": "Feature",
      "geometry": {
        "type": "Polygon",
        "coordinates": [
          [
            [
              103.79233181476593,
              1.4462651533049504
            ],
            [
              103.79267513751984,
              1.446308054977471
            ],
            [
              103.79269123077393,
              1.4463241431044707
            ],
            [
              103.79233181476593,
              1.4462651533049504
            ]
          ]
        ]
      },
      "properties": {
        "id": "3685cbc81b"
      }
    },
    {
      "type": "Feature",
      "geometry": {
        "type": "Polygon",
        "coordinates": [
          [
            [
              103.79176318645477,
              1.4477130843042292
            ],
            [
              103.79228889942169,
              1.4462651533049504
            ],
            [
              103.7923264503479,
              1.4462705160140648
            ],
            [
              103.79176318645477,
              1.4477130843042292
            ]
          ]
        ]
      },
      "properties": {
        "id": "703d9b335c"
      }
    },
    {
      "type": "Feature",
      "geometry": {
        "type": "Polygon",
        "coordinates": [
          [
            [
              103.7804388999939,
              1.4471124611870996
            ],
            [
              103.78871083259583,
              1.4480884736716586
            ],
            [
              103.79174709320068,
              1.4477130843042418
            ],
            [
              103.7804388999939,
              1.4471124611870996
            ]
          ]
        ]
      },
      "properties": {
        "id": "52ed0ebf39"
      }
    },
    {
      "type": "Feature",
      "geometry": {
        "type": "Polygon",
        "coordinates": [
          [
            [
              103.77070248126984,
              1.4487105473439577
            ],
            [
              103.77303063869476,
              1.4500833989810016
            ],
            [
              103.77480089664459,
              1.450887803850217
            ],
            [
              103.77690374851227,
              1.4513275450578176
            ],
            [
              103.77886712551117,
              1.4529792551711411
            ],
            [
              103.77922117710114,
              1.4509628816234215
            ],
            [
              103.78043353557587,
              1.4471178238944709
            ],
            [
              103.77070248126984,
              1.4487105473439577
            ]
          ]
        ]
      },
      "properties": {
        "id": "1ef63b1f9c"
      }
    },
    {
      "type": "Feature",
      "geometry": {
        "type": "Polygon",
        "coordinates": [
          [
            [
              103.76603543758392,
              1.4442058720709938
            ],
            [
              103.77075612545013,
              1.4487963505957704
            ],
            [
              103.76603543758392,
              1.4442058720709938
            ]
          ]
        ]
      },
      "properties": {
        "id": "3114686e1c"
      }
    },
    {
      "type": "Feature",
      "geometry": {
        "type": "Polygon",
        "coordinates": [
          [
            [
              103.75268876552582,
              1.437899311694155
            ],
            [
              103.7542337179184,
              1.4384999372438618
            ],
            [
              103.76075685024261,
              1.4382854281371111
            ],
            [
              103.76607835292816,
              1.4442916754930297
            ],
            [
              103.75268876552582,
              1.437899311694155
            ]
          ]
        ]
      },
      "properties": {
        "id": "822d7e26bd"
      }
    },
    {
      "type": "Feature",
      "geometry": {
        "type": "Polygon",
        "coordinates": [
          [
            [
              103.73835504055023,
              1.4389289553968565
            ],
            [
              103.74217450618744,
              1.438950406302383
            ],
            [
              103.74406278133392,
              1.4402803620512412
            ],
            [
              103.74981343746185,
              1.436955471225315
            ],
            [
              103.75268876552582,
              1.4378778607787306
            ],
            [
              103.73835504055023,
              1.4389289553968565
            ]
          ]
        ]
      },
      "properties": {
        "id": "7fa9680aff"
      }
    },
    {
      "type": "Feature",
      "geometry": {
        "type": "Polygon",
        "coordinates": [
          [
            [
              103.74428808689117,
              1.4349927108201492
            ],
            [
              103.74285042285919,
              1.4380709190103866
            ],
            [
              103.74231398105621,
              1.4384892117891712
            ],
            [
              103.73823702335358,
              1.4384677608792813
            ],
            [
              103.73765766620636,
              1.43780278257334
            ],
            [
              103.73639166355133,
              1.437352313288287
            ],
            [
              103.73235762119293,
              1.4385642899720947
            ],
            [
              103.73235762119293,
              1.4387358972381372
            ],
            [
              103.73254001140594,
              1.4395939333746537
            ],
            [
              103.73633801937103,
              1.4400873040069582
            ],
            [
              103.73802244663239,
              1.4400015004263906
            ],
            [
              103.73835504055023,
              1.438950406302523
            ],
            [
              103.74428808689117,
              1.4349927108201492
            ]
          ]
        ]
      },
      "properties": {
        "id": "e7dae047d1"
      }
    },
    {
      "type": "Feature",
      "geometry": {
        "type": "Polygon",
        "coordinates": [
          [
            [
              103.736332654953,
              1.4401302057887624
            ],
            [
              103.736332654953,
              1.4403876165062037
            ],
            [
              103.73611807823181,
              1.4434765428454994
            ],
            [
              103.73041033744812,
              1.449439874872537
            ],
            [
              103.72770667076111,
              1.4505553165317204
            ],
            [
              103.72380137443542,
              1.4513704466272372
            ],
            [
              103.71787905693054,
              1.4506411197134972
            ],
            [
              103.71208548545837,
              1.4492253667981434
            ],
            [
              103.70457530021667,
              1.4437768549048362
            ],
            [
              103.69780540466309,
              1.437298685979657
            ],
            [
              103.69548797607422,
              1.4349819853419097
            ],
            [
              103.68913650512695,
              1.4330943016056343
            ],
            [
              103.67772102355957,
              1.4289757135104908
            ],
            [
              103.67428779602051,
              1.4252861387365447
            ],
            [
              103.67085456848145,
              1.4136167471200671
            ],
            [
              103.66561889648438,
              1.4092407101170101
            ],
            [
              103.66252899169922,
              1.405722713621951
            ],
            [
              103.736332654953,
              1.4401302057887624
            ]
          ]
        ]
      },
      "properties": {
        "id": "519652dba5"
      }
    },
    {
      "type": "Feature",
      "geometry": {
        "type": "Polygon",
        "coordinates": [
          [
            [
              103.736332654953,
              1.437320136900132
            ],
            [
              103.73568892478943,
              1.421317694154461
            ],
            [
              103.72907996177673,
              1.414796559607104
            ],
            [
              103.72418761253357,
              1.4126085432463813
            ],
            [
              103.72126936912537,
              1.412007910943657
            ],
            [
              103.736332654953,
              1.437320136900132
            ]
          ]
        ]
      },
      "properties": {
        "id": "e415d35718"
      }
    },
    {
      "type": "Feature",
      "geometry": {
        "type": "Polygon",
        "coordinates": [
          [
            [
              103.71650576591492,
              1.4148823641282378
            ],
            [
              103.71890902519226,
              1.41235112942136
            ],
            [
              103.72118353843689,
              1.412007910943657
            ],
            [
              103.71650576591492,
              1.4148823641282378
            ]
          ]
        ]
      },
      "properties": {
        "id": "9c28c404a1"
      }
    },
    {
      "type": "Feature",
      "geometry": {
        "type": "Polygon",
        "coordinates": [
          [
            [
              103.70576620101929,
              1.4072672005413605
            ],
            [
              103.70572328567505,
              1.4082110531554792
            ],
            [
              103.70793342590332,
              1.4083397603005139
            ],
            [
              103.70934963226318,
              1.4090905518382633
            ],
            [
              103.70977878570557,
              1.409541026644759
            ],
            [
              103.71080875396729,
              1.409541026644759
            ],
            [
              103.71113061904907,
              1.4101416595844976
            ],
            [
              103.71050834655762,
              1.4106135853570139
            ],
            [
              103.71014356613159,
              1.411428729647677
            ],
            [
              103.70962858200073,
              1.4116432412556414
            ],
            [
              103.70696783065796,
              1.4119435574735153
            ],
            [
              103.70621681213379,
              1.4117719482108988
            ],
            [
              103.70407104492188,
              1.410870999374395
            ],
            [
              103.70415687561035,
              1.4132306265391839
            ],
            [
              103.70525121688843,
              1.4126085432464703
            ],
            [
              103.71044397354126,
              1.4127587012978966
            ],
            [
              103.71224641799927,
              1.4130375662247863
            ],
            [
              103.71359825134277,
              1.4136811005436964
            ],
            [
              103.71432781219482,
              1.4149467175170845
            ],
            [
              103.7148642539978,
              1.4152041310543164
            ],
            [
              103.71595859527588,
              1.4152041310543164
            ],
            [
              103.71649503707886,
              1.4148823641283141
            ],
            [
              103.70576620101929,
              1.4072672005413605
            ]
          ]
        ]
      },
      "properties": {
        "id": "8ea10472d8"
      }
    },
    {
      "type": "Feature",
      "geometry": {
        "type": "Polygon",
        "coordinates": [
          [
            [
              103.8158118724823,
              1.41345586355324
            ],
            [
              103.81643414497375,
              1.413466589124746
            ],
            [
              103.81899833679199,
              1.413906337514039
            ],
            [
              103.8203501701355,
              1.4141101233247415
            ],
            [
              103.82138013839722,
              1.4140564954815622
            ],
            [
              103.82194876670837,
              1.413906337514128
            ],
            [
              103.82269978523254,
              1.4135094914103885
            ],
            [
              103.82290363311768,
              1.4133486078354827
            ],
            [
              103.82313966751099,
              1.4131233708119102
            ],
            [
              103.8158118724823,
              1.41345586355324
            ]
          ]
        ]
      },
      "properties": {
        "id": "7aa014f8c2"
      }
    },
    {
      "type": "Feature",
      "geometry": {
        "type": "Polygon",
        "coordinates": [
          [
            [
              103.83599549531937,
              1.4459273026140664
            ],
            [
              103.83284121751785,
              1.4506035808373146
            ],
            [
              103.8329029083252,
              1.4510379593916893
            ],
            [
              103.83324086666107,
              1.4517672861726223
            ],
            [
              103.83467853069305,
              1.4527111204872798
            ],
            [
              103.844935297966,
              1.4588674846271819
            ],
            [
              103.84495675563812,
              1.4589318367767317
            ],
            [
              103.84240329265594,
              1.4606478934188654
            ],
            [
              103.83877694606781,
              1.4631147225453935
            ],
            [
              103.83599549531937,
              1.4459273026140664
            ]
          ]
        ]
      },
      "properties": {
        "id": "09c7cbc6b2"
      }
    },
    {
      "type": "Feature",
      "geometry": {
        "type": "Polygon",
        "coordinates": [
          [
            [
              103.8325971364975,
              1.4657102528714567
            ],
            [
              103.83578360080719,
              1.4643374107594107
            ],
            [
              103.83707106113434,
              1.4640371014352744
            ],
            [
              103.83877694606781,
              1.4631147225453935
            ],
            [
              103.8325971364975,
              1.4657102528714567
            ]
          ]
        ]
      },
      "properties": {
        "id": "7095715395"
      }
    },
    {
      "type": "Feature",
      "geometry": {
        "type": "Polygon",
        "coordinates": [
          [
            [
              103.82757604122162,
              1.4685846383166856
            ],
            [
              103.83257567882538,
              1.4657209781971567
            ],
            [
              103.82757604122162,
              1.4685846383166856
            ]
          ]
        ]
      },
      "properties": {
        "id": "234d98e45c"
      }
    },
    {
      "type": "Feature",
      "geometry": {
        "type": "Polygon",
        "coordinates": [
          [
            [
              103.79894077777863,
              1.4670187422262377
            ],
            [
              103.79014313220978,
              1.4610340059829188
            ],
            [
              103.79894077777863,
              1.4670187422262377
            ]
          ]
        ]
      },
      "properties": {
        "id": "d2786ad709"
      }
    },
    {
      "type": "Feature",
      "geometry": {
        "type": "Polygon",
        "coordinates": [
          [
            [
              103.8036185503006,
              1.46924960755769
            ],
            [
              103.8014942407608,
              1.4684130333193073
            ],
            [
              103.79894077777863,
              1.46704019286503
            ],
            [
              103.8036185503006,
              1.46924960755769
            ]
          ]
        ]
      },
      "properties": {
        "id": "6a76aa02c4"
      }
    },
    {
      "type": "Feature",
      "geometry": {
        "type": "Polygon",
        "coordinates": [
          [
            [
              103.82752239704132,
              1.4685846383168637
            ],
            [
              103.82226526737213,
              1.4690136507529894
            ],
            [
              103.81926119327545,
              1.470236335743934
            ],
            [
              103.81726562976837,
              1.4707726008795854
            ],
            [
              103.80870401859283,
              1.4705795454455834
            ],
            [
              103.80359709262848,
              1.4692281569401056
            ],
            [
              103.82752239704132,
              1.4685846383168637
            ]
          ]
        ]
      },
      "properties": {
        "id": "d0bffce30a"
      }
    },
    {
      "type": "Feature",
      "geometry": {
        "type": "Polygon",
        "coordinates": [
          [
            [
              103.81581723690033,
              1.413455863552553
            ],
            [
              103.81524860858917,
              1.4134773146955268
            ],
            [
              103.81437957286835,
              1.4136811005438998
            ],
            [
              103.81338179111481,
              1.4140886721869328
            ],
            [
              103.81200850009918,
              1.4147214806487869
            ],
            [
              103.81133258342743,
              1.4149896197754759
            ],
            [
              103.81581723690033,
              1.413455863552553
            ]
          ]
        ]
      },
      "properties": {
        "id": "cfccc9d8f6"
      }
    },
    {
      "type": "Feature",
      "geometry": {
        "type": "Polygon",
        "coordinates": [
          [
            [
              103.77575308084488,
              1.4109192645139816
            ],
            [
              103.77528101205826,
              1.410833459846466
            ],
            [
              103.77536952495575,
              1.412007910945489
            ],
            [
              103.77476871013641,
              1.4134022356958116
            ],
            [
              103.77496182918549,
              1.4140672210511724
            ],
            [
              103.77612054347992,
              1.4139599653615822
            ],
            [
              103.77575308084488,
              1.4109192645139816
            ]
          ]
        ]
      },
      "properties": {
        "id": "a38ede1fb8"
      }
    },
    {
      "type": "Feature",
      "geometry": {
        "type": "Polygon",
        "coordinates": [
          [
            [
              103.82312893867493,
              1.4131126452404041
            ],
            [
              103.82308602333069,
              1.4128016035990727
            ],
            [
              103.82364392280579,
              1.4111820412766212
            ],
            [
              103.8237726688385,
              1.4099164222528184
            ],
            [
              103.82378339767456,
              1.4098949710769832
            ],
            [
              103.8244378566742,
              1.409734087251984
            ],
            [
              103.82843971252441,
              1.4058835977266229
            ],
            [
              103.82783889770508,
              1.4029662309592983
            ],
            [
              103.82813930511475,
              1.4025372061276604
            ],
            [
              103.82312893867493,
              1.4131126452404041
            ]
          ]
        ]
      },
      "properties": {
        "id": "05b3b1a4d5"
      }
    },
    {
      "type": "Feature",
      "geometry": {
        "type": "Polygon",
        "coordinates": [
          [
            [
              103.83725881576538,
              1.3835313275133903
            ],
            [
              103.83552074432373,
              1.3815792478011881
            ],
            [
              103.83507013320923,
              1.3812360248287634
            ],
            [
              103.83725881576538,
              1.3835313275133903
            ]
          ]
        ]
      },
      "properties": {
        "id": "48897c92d6"
      }
    },
    {
      "type": "Feature",
      "geometry": {
        "type": "Polygon",
        "coordinates": [
          [
            [
              103.84105682373047,
              1.3871137113763066
            ],
            [
              103.83912563323975,
              1.3855477598152295
            ],
            [
              103.83721590042114,
              1.3834884246798274
            ],
            [
              103.84105682373047,
              1.3871137113763066
            ]
          ]
        ]
      },
      "properties": {
        "id": "7bb006b60e"
      }
    },
    {
      "type": "Feature",
      "geometry": {
        "type": "Polygon",
        "coordinates": [
          [
            [
              103.84200096130371,
              1.3882506344631331
            ],
            [
              103.84217262268066,
              1.387993217963036
            ],
            [
              103.84103536605835,
              1.3870708086076016
            ],
            [
              103.84200096130371,
              1.3882506344631331
            ]
          ]
        ]
      },
      "properties": {
        "id": "3ad10c605b"
      }
    },
    {
      "type": "Feature",
      "geometry": {
        "type": "Polygon",
        "coordinates": [
          [
            [
              103.83706569671631,
              1.397753573932731
            ],
            [
              103.83464097976685,
              1.394857648359618
            ],
            [
              103.83502721786499,
              1.3943857194097657
            ],
            [
              103.83547782897949,
              1.3939352416875281
            ],
            [
              103.836829662323,
              1.3932273479499486
            ],
            [
              103.83702278137207,
              1.3930128346541402
            ],
            [
              103.83704423904419,
              1.392540905334593
            ],
            [
              103.83912563323975,
              1.391253824892055
            ],
            [
              103.84054183959961,
              1.3902027086763853
            ],
            [
              103.84212970733643,
              1.3880790234661982
            ],
            [
              103.83706569671631,
              1.397753573932731
            ]
          ]
        ]
      },
      "properties": {
        "id": "7dbcd8119c"
      }
    },
    {
      "type": "Feature",
      "geometry": {
        "type": "Polygon",
        "coordinates": [
          [
            [
              103.82972717285156,
              1.4045107197015472
            ],
            [
              103.82946968078613,
              1.4029662309592983
            ],
            [
              103.82818222045898,
              1.4025372061276604
            ],
            [
              103.82972717285156,
              1.4045107197015472
            ]
          ]
        ]
      },
      "properties": {
        "id": "55e3291a1c"
      }
    },
    {
      "type": "Feature",
      "geometry": {
        "type": "Polygon",
        "coordinates": [
          [
            [
              103.83303165435791,
              1.406527134023011
            ],
            [
              103.83101463317871,
              1.4056690855883964
            ],
            [
              103.82964134216309,
              1.4044678172502616
            ],
            [
              103.83303165435791,
              1.406527134023011
            ]
          ]
        ]
      },
      "properties": {
        "id": "a0118befcf"
      }
    },
    {
      "type": "Feature",
      "geometry": {
        "type": "Polygon",
        "coordinates": [
          [
            [
              103.83530616760254,
              1.4066987436720777
            ],
            [
              103.83294582366943,
              1.406527134023011
            ],
            [
              103.83530616760254,
              1.4066987436720777
            ]
          ]
        ]
      },
      "properties": {
        "id": "7f4aa01b45"
      }
    },
    {
      "type": "Feature",
      "geometry": {
        "type": "Polygon",
        "coordinates": [
          [
            [
              103.8352632522583,
              1.4005636908894532
            ],
            [
              103.83479118347168,
              1.4018936687327468
            ],
            [
              103.83384704589844,
              1.4020652787220185
            ],
            [
              103.83388996124268,
              1.4039529877734227
            ],
            [
              103.83440494537354,
              1.4044249147981998
            ],
            [
              103.8363790512085,
              1.4060981098451426
            ],
            [
              103.83539199829102,
              1.4066558412609942
            ],
            [
              103.8352632522583,
              1.4005636908894532
            ]
          ]
        ]
      },
      "properties": {
        "id": "4ace1aa945"
      }
    },
    {
      "type": "Feature",
      "geometry": {
        "type": "Polygon",
        "coordinates": [
          [
            [
              103.83706569671631,
              1.397732122645309
            ],
            [
              103.8363790512085,
              1.397732122645309
            ],
            [
              103.83393287658691,
              1.3990621020947318
            ],
            [
              103.8352632522583,
              1.400606593412314
            ],
            [
              103.83706569671631,
              1.397732122645309
            ]
          ]
        ]
      },
      "properties": {
        "id": "17899c0956"
      }
    },
    {
      "type": "Feature",
      "geometry": {
        "type": "Polygon",
        "coordinates": [
          [
            [
              103.81859064102173,
              1.3937207284562851
            ],
            [
              103.81794691085815,
              1.389966743747416
            ],
            [
              103.81792545318604,
              1.3891086892611344
            ],
            [
              103.81824731826782,
              1.388400794075359
            ],
            [
              103.8191270828247,
              1.387499836259628
            ],
            [
              103.82243156433105,
              1.3854190514217761
            ],
            [
              103.82479190826416,
              1.3836600360095246
            ],
            [
              103.82522106170654,
              1.3831881048232717
            ],
            [
              103.82680892944336,
              1.380184904167556
            ],
            [
              103.82732391357422,
              1.3793482975948277
            ],
            [
              103.82809638977051,
              1.3774391173916818
            ],
            [
              103.82846117019653,
              1.3773747629761521
            ],
            [
              103.81859064102173,
              1.3937207284562851
            ]
          ]
        ]
      },
      "properties": {
        "id": "0b6780ce70"
      }
    },
    {
      "type": "Feature",
      "geometry": {
        "type": "Polygon",
        "coordinates": [
          [
            [
              103.80687475204468,
              1.4080072668318042
            ],
            [
              103.80758285522461,
              1.405476024647913
            ],
            [
              103.80850553512573,
              1.4048753905064209
            ],
            [
              103.80666017532349,
              1.4010570698556633
            ],
            [
              103.80631685256958,
              1.4009927160834579
            ],
            [
              103.80595207214355,
              1.4004135320540203
            ],
            [
              103.80239009857178,
              1.397110035225635
            ],
            [
              103.80687475204468,
              1.4080072668318042
            ]
          ]
        ]
      },
      "properties": {
        "id": "dcb1a96aff"
      }
    },
    {
      "type": "Feature",
      "geometry": {
        "type": "Polygon",
        "coordinates": [
          [
            [
              103.79801273345947,
              1.415150503240309
            ],
            [
              103.80198240280151,
              1.4159441948185474
            ],
            [
              103.80277633666992,
              1.4158798414574605
            ],
            [
              103.80348443984985,
              1.4155151723775543
            ],
            [
              103.80324840545654,
              1.414635676125401
            ],
            [
              103.80339860916138,
              1.4136274726944866
            ],
            [
              103.80382776260376,
              1.4132413521156262
            ],
            [
              103.80440711975098,
              1.4130482918021319
            ],
            [
              103.8046646118164,
              1.4130482918021319
            ],
            [
              103.80384922027588,
              1.4125549153724903
            ],
            [
              103.80348443984985,
              1.4118041249525024
            ],
            [
              103.80406379699707,
              1.4102167386949724
            ],
            [
              103.80447149276733,
              1.4101309340015542
            ],
            [
              103.80494356155396,
              1.4105385062671363
            ],
            [
              103.80509376525879,
              1.4104741527562707
            ],
            [
              103.8064455986023,
              1.4091870821651828
            ],
            [
              103.80687475204468,
              1.4079643644448419
            ],
            [
              103.79801273345947,
              1.415150503240309
            ]
          ]
        ]
      },
      "properties": {
        "id": "7949193b43"
      }
    },
    {
      "type": "Feature",
      "geometry": {
        "type": "Polygon",
        "coordinates": [
          [
            [
              103.82936239242554,
              1.4087151561045084
            ],
            [
              103.82923364639282,
              1.4076854989110006
            ],
            [
              103.82843971252441,
              1.4059050489411464
            ],
            [
              103.82936239242554,
              1.4087151561045084
            ]
          ]
        ]
      },
      "properties": {
        "id": "af63d304fb"
      }
    },
    {
      "type": "Feature",
      "geometry": {
        "type": "Polygon",
        "coordinates": [
          [
            [
              103.83545637130737,
              1.4095946545969806
            ],
            [
              103.83474826812744,
              1.4112034924429022
            ],
            [
              103.83311748504639,
              1.4102167386959648
            ],
            [
              103.83165836334229,
              1.4094444963412993
            ],
            [
              103.83545637130737,
              1.4095946545969806
            ]
          ]
        ]
      },
      "properties": {
        "id": "012d916972"
      }
    },
    {
      "type": "Feature",
      "geometry": {
        "type": "Polygon",
        "coordinates": [
          [
            [
              103.83869647979736,
              1.4097233616655802
            ],
            [
              103.83547782897949,
              1.4095946545969806
            ],
            [
              103.83869647979736,
              1.4097233616655802
            ]
          ]
        ]
      },
      "properties": {
        "id": "2a17c422bf"
      }
    },
    {
      "type": "Feature",
      "geometry": {
        "type": "Polygon",
        "coordinates": [
          [
            [
              103.84234428405762,
              1.4076854989110006
            ],
            [
              103.83871793746948,
              1.4097233616655802
            ],
            [
              103.84234428405762,
              1.4076854989110006
            ]
          ]
        ]
      },
      "properties": {
        "id": "7ecfe81723"
      }
    },
    {
      "type": "Feature",
      "geometry": {
        "type": "Polygon",
        "coordinates": [
          [
            [
              103.84908199310303,
              1.410946078462301
            ],
            [
              103.84236574172974,
              1.4077284013031408
            ],
            [
              103.84908199310303,
              1.410946078462301
            ]
          ]
        ]
      },
      "properties": {
        "id": "99b5d9f1b1"
      }
    },
    {
      "type": "Feature",
      "geometry": {
        "type": "Polygon",
        "coordinates": [
          [
            [
              103.84923219680786,
              1.4126621711279692
            ],
            [
              103.84910345077515,
              1.410946078462301
            ],
            [
              103.84923219680786,
              1.4126621711279692
            ]
          ]
        ]
      },
      "properties": {
        "id": "ffae5de7e3"
      }
    },
    {
      "type": "Feature",
      "geometry": {
        "type": "Polygon",
        "coordinates": [
          [
            [
              103.85345935821533,
              1.418990251866028
            ],
            [
              103.85253667831421,
              1.417553028266029
            ],
            [
              103.85234355926514,
              1.4156867813646585
            ],
            [
              103.84923219680786,
              1.4126192688269583
            ],
            [
              103.85345935821533,
              1.418990251866028
            ]
          ]
        ]
      },
      "properties": {
        "id": "37fec2e7b0"
      }
    },
    {
      "type": "Feature",
      "geometry": {
        "type": "Polygon",
        "coordinates": [
          [
            [
              103.8573431968689,
              1.4252754132249603
            ],
            [
              103.85695695877075,
              1.4245889800530025
            ],
            [
              103.85665655136108,
              1.4232804662522744
            ],
            [
              103.85620594024658,
              1.4217574410577096
            ],
            [
              103.85339498519897,
              1.418882996404318
            ],
            [
              103.8573431968689,
              1.4252754132249603
            ]
          ]
        ]
      },
      "properties": {
        "id": "bff4bf0d9d"
      }
    },
    {
      "type": "Feature",
      "geometry": {
        "type": "Polygon",
        "coordinates": [
          [
            [
              103.83601427078247,
              1.445932665314199
            ],
            [
              103.83779525756836,
              1.4470481086996092
            ],
            [
              103.83788108825684,
              1.4470910103573211
            ],
            [
              103.83931875228882,
              1.4457825094320003
            ],
            [
              103.83942604064941,
              1.4457396077495308
            ],
            [
              103.84013414382935,
              1.4457825094320003
            ],
            [
              103.8433313369751,
              1.4441951466413279
            ],
            [
              103.84607791900635,
              1.437695527987949
            ],
            [
              103.84341716766357,
              1.4351643183526968
            ],
            [
              103.84528398513794,
              1.4332122818898425
            ],
            [
              103.84674310684204,
              1.4331264780510902
            ],
            [
              103.84918928146362,
              1.4307883222082156
            ],
            [
              103.8499402999878,
              1.4311315378941167
            ],
            [
              103.85064840316772,
              1.4311744398512332
            ],
            [
              103.85116338729858,
              1.4308955771155547
            ],
            [
              103.85502576828003,
              1.4276779277147875
            ],
            [
              103.8558840751648,
              1.4266911809957818
            ],
            [
              103.85650634765625,
              1.4258116889981802
            ],
            [
              103.85727882385254,
              1.4253183152914117
            ],
            [
              103.85735392570496,
              1.4252539621914357
            ],
            [
              103.83601427078247,
              1.445932665314199
            ]
          ]
        ]
      },
      "properties": {
        "id": "6fa751953a"
      }
    },
    {
      "type": "Feature",
      "geometry": {
        "type": "Polygon",
        "coordinates": [
          [
            [
              103.84491920471191,
              1.4588245831989024
            ],
            [
              103.8477087020874,
              1.4570656236984867
            ],
            [
              103.8502836227417,
              1.4558643822746382
            ],
            [
              103.85122776031494,
              1.4549205492782697
            ],
            [
              103.85234355926514,
              1.4520032447940046
            ],
            [
              103.85204315185547,
              1.451102311765532
            ],
            [
              103.84818077087402,
              1.44900013330388
            ],
            [
              103.84732246398926,
              1.449386247861556
            ],
            [
              103.84685039520264,
              1.45028718157339
            ],
            [
              103.8462495803833,
              1.453290291354577
            ],
            [
              103.84586334228516,
              1.4531186851888667
            ],
            [
              103.84612083435059,
              1.4505445911394703
            ],
            [
              103.84594917297363,
              1.4498152639595179
            ],
            [
              103.84556293487549,
              1.4483137072610843
            ],
            [
              103.84577751159668,
              1.4477988875925292
            ],
            [
              103.8473653793335,
              1.4461686245376477
            ],
            [
              103.84749412536621,
              1.4461257228624935
            ],
            [
              103.84757995605469,
              1.446468936241055
            ],
            [
              103.84633541107178,
              1.4482279039911043
            ],
            [
              103.84796619415283,
              1.4478417892360302
            ],
            [
              103.84903907775879,
              1.4477130843030588
            ],
            [
              103.85088443756104,
              1.4482279039911043
            ],
            [
              103.85187149047852,
              1.4490859365446116
            ],
            [
              103.85311603546143,
              1.4491717397820862
            ],
            [
              103.85440349578857,
              1.4486569203084736
            ],
            [
              103.85496139526367,
              1.4482279039911043
            ],
            [
              103.85594844818115,
              1.4463831329012808
            ],
            [
              103.85646343231201,
              1.443937736354597
            ],
            [
              103.84491920471191,
              1.4588245831989024
            ]
          ]
        ]
      },
      "properties": {
        "id": "eac6707d01"
      }
    },
    {
      "type": "Feature",
      "geometry": {
        "type": "Polygon",
        "coordinates": [
          [
            [
              103.85852336883545,
              1.4404626946325896
            ],
            [
              103.85942459106445,
              1.4390469353736322
            ],
            [
              103.85998249053955,
              1.4384248590576307
            ],
            [
              103.86124849319458,
              1.4373308623664507
            ],
            [
              103.8623857498169,
              1.435679140878993
            ],
            [
              103.8627290725708,
              1.434864005159594
            ],
            [
              103.86264324188232,
              1.4337914577178381
            ],
            [
              103.86219263076782,
              1.4325473020558737
            ],
            [
              103.8618278503418,
              1.431817969112298
            ],
            [
              103.86101245880127,
              1.4310028320183905
            ],
            [
              103.860604763031,
              1.430659616313228
            ],
            [
              103.8602614402771,
              1.430659616313228
            ],
            [
              103.8599181175232,
              1.4303593025291017
            ],
            [
              103.8599181175232,
              1.4300589887056512
            ],
            [
              103.86004686355591,
              1.429801576825717
            ],
            [
              103.86000394821167,
              1.4290936940070453
            ],
            [
              103.86000394821167,
              1.4288148310185764
            ],
            [
              103.85871648788452,
              1.4278924378155506
            ],
            [
              103.85830879211426,
              1.4280854968886667
            ],
            [
              103.85798692703247,
              1.427956790841725
            ],
            [
              103.85833024978638,
              1.4278280847875697
            ],
            [
              103.85787963867188,
              1.4267984360949213
            ],
            [
              103.85796546936035,
              1.4264981218060666
            ],
            [
              103.8573431968689,
              1.4252539621919065
            ],
            [
              103.85852336883545,
              1.4404626946325896
            ]
          ]
        ]
      },
      "properties": {
        "id": "57c16e1a1f"
      }
    },
    {
      "type": "Feature",
      "geometry": {
        "type": "Polygon",
        "coordinates": [
          [
            [
              103.84734392166138,
              1.4371592549948267
            ],
            [
              103.84886741638184,
              1.437481018806137
            ],
            [
              103.8523006439209,
              1.4390898371823186
            ],
            [
              103.85335206985474,
              1.4400336767682493
            ],
            [
              103.8561201095581,
              1.4432942105106694
            ],
            [
              103.85646343231201,
              1.4438948346378289
            ],
            [
              103.84734392166138,
              1.4371592549948267
            ]
          ]
        ]
      },
      "properties": {
        "id": "8026d6f763"
      }
    },
    {
      "type": "Feature",
      "geometry": {
        "type": "Polygon",
        "coordinates": [
          [
            [
              103.84848117828369,
              1.4367087855828315
            ],
            [
              103.84766578674316,
              1.436794589287199
            ],
            [
              103.8473653793335,
              1.4371163531498818
            ],
            [
              103.84848117828369,
              1.4367087855828315
            ]
          ]
        ]
      },
      "properties": {
        "id": "a1da3e9f5a"
      }
    },
    {
      "type": "Feature",
      "geometry": {
        "type": "Polygon",
        "coordinates": [
          [
            [
              103.84755849838257,
              1.4354431805690924
            ],
            [
              103.84833097457886,
              1.4358936502305828
            ],
            [
              103.84858846664429,
              1.4363655707331235
            ],
            [
              103.84852409362793,
              1.4367302365092223
            ],
            [
              103.84755849838257,
              1.4354431805690924
            ]
          ]
        ]
      },
      "properties": {
        "id": "6243126a10"
      }
    },
    {
      "type": "Feature",
      "geometry": {
        "type": "Polygon",
        "coordinates": [
          [
            [
              103.85699987411499,
              1.4403339892818077
            ],
            [
              103.85815858840942,
              1.4408059088660077
            ],
            [
              103.85699987411499,
              1.4403339892818077
            ]
          ]
        ]
      },
      "properties": {
        "id": "794aed85a9"
      }
    },
    {
      "type": "Feature",
      "geometry": {
        "type": "Polygon",
        "coordinates": [
          [
            [
              103.8493824005127,
              1.4342633786542065
            ],
            [
              103.8489317893982,
              1.4335983991250112
            ],
            [
              103.848717212677,
              1.4336198500805741
            ],
            [
              103.8493824005127,
              1.4342633786542065
            ]
          ]
        ]
      },
      "properties": {
        "id": "4e6df9087d"
      }
    },
    {
      "type": "Feature",
      "geometry": {
        "type": "Polygon",
        "coordinates": [
          [
            [
              103.85215044021606,
              1.434349182450352
            ],
            [
              103.85206460952759,
              1.433448242430397
            ],
            [
              103.85189294815063,
              1.4332766347673322
            ],
            [
              103.85047674179077,
              1.4336198500805741
            ],
            [
              103.8498330116272,
              1.4340059672464704
            ],
            [
              103.84942531585693,
              1.4343062805526865
            ],
            [
              103.85215044021606,
              1.434349182450352
            ]
          ]
        ]
      },
      "properties": {
        "id": "800ba7bda1"
      }
    },
    {
      "type": "Feature",
      "geometry": {
        "type": "Polygon",
        "coordinates": [
          [
            [
              103.85665655136108,
              1.4380387426383252
            ],
            [
              103.85706424713135,
              1.4393901498202366
            ],
            [
              103.85676383972168,
              1.4402910874965809
            ],
            [
              103.85697841644287,
              1.4403339892818077
            ],
            [
              103.85665655136108,
              1.4380387426383252
            ]
          ]
        ]
      },
      "properties": {
        "id": "59a58fa422"
      }
    },
    {
      "type": "Feature",
      "geometry": {
        "type": "Polygon",
        "coordinates": [
          [
            [
              103.85352373123169,
              1.4358507483618856
            ],
            [
              103.85472536087036,
              1.4365586290924215
            ],
            [
              103.85519742965698,
              1.4371163531498818
            ],
            [
              103.85661363601685,
              1.4380387426383252
            ],
            [
              103.85352373123169,
              1.4358507483618856
            ]
          ]
        ]
      },
      "properties": {
        "id": "874f30c541"
      }
    },
    {
      "type": "Feature",
      "geometry": {
        "type": "Polygon",
        "coordinates": [
          [
            [
              103.85236501693726,
              1.4349283579901642
            ],
            [
              103.85352373123169,
              1.4358721992963297
            ],
            [
              103.85236501693726,
              1.4349283579901642
            ]
          ]
        ]
      },
      "properties": {
        "id": "6d62425849"
      }
    },
    {
      "type": "Feature",
      "geometry": {
        "type": "Polygon",
        "coordinates": [
          [
            [
              103.85215044021606,
              1.4343706333988924
            ],
            [
              103.85236501693726,
              1.4349069070468656
            ],
            [
              103.85215044021606,
              1.4343706333988924
            ]
          ]
        ]
      },
      "properties": {
        "id": "1e2618622b"
      }
    },
    {
      "type": "Feature",
      "geometry": {
        "type": "Polygon",
        "coordinates": [
          [
            [
              103.7094783782959,
              1.3144996812867444
            ],
            [
              103.7094783782959,
              1.3148858177110394
            ],
            [
              103.7094783782959,
              1.3144996812867444
            ]
          ]
        ]
      },
      "properties": {
        "id": "326a6dd2a8"
      }
    },
    {
      "type": "Feature",
      "geometry": {
        "type": "Polygon",
        "coordinates": [
          [
            [
              103.71218204498291,
              1.3088363402127747
            ],
            [
              103.71219277381897,
              1.3084502028549998
            ],
            [
              103.71218204498291,
              1.3088363402127747
            ]
          ]
        ]
      },
      "properties": {
        "id": "61cde0fe5b"
      }
    },
    {
      "type": "Feature",
      "geometry": {
        "type": "Polygon",
        "coordinates": [
          [
            [
              103.72143030166626,
              1.3037950978136987
            ],
            [
              103.71582984924316,
              1.3084072987004634
            ],
            [
              103.71273994445801,
              1.3084287507778207
            ],
            [
              103.71270775794983,
              1.3088363402127747
            ],
            [
              103.71267557144165,
              1.3088470662496468
            ],
            [
              103.71219277381897,
              1.3088256141758645
            ],
            [
              103.72143030166626,
              1.3037950978136987
            ]
          ]
        ]
      },
      "properties": {
        "id": "c319f3571a"
      }
    },
    {
      "type": "Feature",
      "geometry": {
        "type": "Polygon",
        "coordinates": [
          [
            [
              103.72784614562988,
              1.3002340439050304
            ],
            [
              103.7224817276001,
              1.3027868481213365
            ],
            [
              103.72145175933838,
              1.3037521935798138
            ],
            [
              103.72155904769897,
              1.303644932991584
            ],
            [
              103.72784614562988,
              1.3002340439050304
            ]
          ]
        ]
      },
      "properties": {
        "id": "edfd5dc1e3"
      }
    },
    {
      "type": "Feature",
      "geometry": {
        "type": "Polygon",
        "coordinates": [
          [
            [
              103.72634410858154,
              1.3054040060611345
            ],
            [
              103.7280821800232,
              1.3002554960520545
            ],
            [
              103.727867603302,
              1.3002340439050304
            ],
            [
              103.72634410858154,
              1.3054040060611345
            ]
          ]
        ]
      },
      "properties": {
        "id": "0ea17e780b"
      }
    },
    {
      "type": "Feature",
      "geometry": {
        "type": "Polygon",
        "coordinates": [
          [
            [
              103.72412323951721,
              1.3047604428856752
            ],
            [
              103.7259578704834,
              1.3053718279062705
            ],
            [
              103.72632265090942,
              1.3054790884208767
            ],
            [
              103.72633337974548,
              1.3054361842155915
            ],
            [
              103.72412323951721,
              1.3047604428856752
            ]
          ]
        ]
      },
      "properties": {
        "id": "2ba31cbcc1"
      }
    },
    {
      "type": "Feature",
      "geometry": {
        "type": "Polygon",
        "coordinates": [
          [
            [
              103.72477769851685,
              1.308771983991008
            ],
            [
              103.72314691543579,
              1.3054683623698957
            ],
            [
              103.72409105300903,
              1.304781894994418
            ],
            [
              103.72477769851685,
              1.308771983991008
            ]
          ]
        ]
      },
      "properties": {
        "id": "264de5ffc1"
      }
    },
    {
      "type": "Feature",
      "geometry": {
        "type": "Polygon",
        "coordinates": [
          [
            [
              103.73275995254517,
              1.326276815281239
            ],
            [
              103.73306035995483,
              1.3252900265991396
            ],
            [
              103.73164415359497,
              1.3219006190026952
            ],
            [
              103.72885465621948,
              1.317696030998926
            ],
            [
              103.72688055038452,
              1.314349517106033
            ],
            [
              103.72645139694214,
              1.3132769155497348
            ],
            [
              103.72477769851685,
              1.3087290798419422
            ],
            [
              103.73275995254517,
              1.326276815281239
            ]
          ]
        ]
      },
      "properties": {
        "id": "73176b48bf"
      }
    },
    {
      "type": "Feature",
      "geometry": {
        "type": "Polygon",
        "coordinates": [
          [
            [
              103.73181581497192,
              1.3284863624247778
            ],
            [
              103.7328028678894,
              1.3262124595097369
            ],
            [
              103.73181581497192,
              1.3284863624247778
            ]
          ]
        ]
      },
      "properties": {
        "id": "b33bea561e"
      }
    },
    {
      "type": "Feature",
      "geometry": {
        "type": "Polygon",
        "coordinates": [
          [
            [
              103.72855424880981,
              1.3326909321109566
            ],
            [
              103.72769594192505,
              1.3291728232710602
            ],
            [
              103.7284255027771,
              1.328593621944583
            ],
            [
              103.72945547103882,
              1.3284220067106658
            ],
            [
              103.73072147369385,
              1.328615073848002
            ],
            [
              103.73153686523438,
              1.3287008814597319
            ],
            [
              103.7317943572998,
              1.328529266233257
            ],
            [
              103.72855424880981,
              1.3326909321109566
            ]
          ]
        ]
      },
      "properties": {
        "id": "ee514e6479"
      }
    },
    {
      "type": "Feature",
      "geometry": {
        "type": "Polygon",
        "coordinates": [
          [
            [
              103.7230396270752,
              1.3440174922230357
            ],
            [
              103.72196674346924,
              1.3427303857567794
            ],
            [
              103.72224569320679,
              1.342151187625831
            ],
            [
              103.72288942337036,
              1.3414003750296672
            ],
            [
              103.72329711914062,
              1.3411644053090142
            ],
            [
              103.72497081756592,
              1.3414647304040834
            ],
            [
              103.72555017471313,
              1.3410785981322189
            ],
            [
              103.72602224349976,
              1.340370688808929
            ],
            [
              103.72733116149902,
              1.3397056828945517
            ],
            [
              103.72748136520386,
              1.339534068435723
            ],
            [
              103.7230396270752,
              1.3440174922230357
            ]
          ]
        ]
      },
      "properties": {
        "id": "493bbc9423"
      }
    },
    {
      "type": "Feature",
      "geometry": {
        "type": "Polygon",
        "coordinates": [
          [
            [
              103.6517545580864,
              1.2994322697737208
            ],
            [
              103.65070313215256,
              1.3006764943955305
            ],
            [
              103.65033835172653,
              1.3005048772427847
            ],
            [
              103.649522960186,
              1.3015560321201831
            ],
            [
              103.6517545580864,
              1.2994322697737208
            ]
          ]
        ]
      },
      "properties": {
        "id": "12b96e1bca"
      }
    },
    {
      "type": "Feature",
      "geometry": {
        "type": "Polygon",
        "coordinates": [
          [
            [
              103.65692585706711,
              1.297673192538636
            ],
            [
              103.65375012159348,
              1.3010197286660232
            ],
            [
              103.65179747343063,
              1.2994108176196995
            ],
            [
              103.65692585706711,
              1.297673192538636
            ]
          ]
        ]
      },
      "properties": {
        "id": "42f24dd208"
      }
    },
    {
      "type": "Feature",
      "geometry": {
        "type": "Polygon",
        "coordinates": [
          [
            [
              103.666453063488,
              1.288791979071228
            ],
            [
              103.66486519575119,
              1.2918381958865452
            ],
            [
              103.65881413221359,
              1.2952705484851355
            ],
            [
              103.65907162427902,
              1.2961286359088342
            ],
            [
              103.65817040205002,
              1.2972870534695573
            ],
            [
              103.6565825343132,
              1.2958283053435926
            ],
            [
              103.666453063488,
              1.288791979071228
            ]
          ]
        ]
      },
      "properties": {
        "id": "c18f15d0f1"
      }
    },
    {
      "type": "Feature",
      "geometry": {
        "type": "Polygon",
        "coordinates": [
          [
            [
              103.65688294172287,
              1.2976731925386742
            ],
            [
              103.65587443113327,
              1.296772201285848
            ],
            [
              103.6565825343132,
              1.2958497575280583
            ],
            [
              103.65688294172287,
              1.2976731925386742
            ]
          ]
        ]
      },
      "properties": {
        "id": "4dcc99ec17"
      }
    },
    {
      "type": "Feature",
      "geometry": {
        "type": "Polygon",
        "coordinates": [
          [
            [
              103.67426365613937,
              1.295163287536778
            ],
            [
              103.66653889417648,
              1.2887276223386517
            ],
            [
              103.67426365613937,
              1.295163287536778
            ]
          ]
        ]
      },
      "properties": {
        "id": "5bc2b5edaa"
      }
    },
    {
      "type": "Feature",
      "geometry": {
        "type": "Polygon",
        "coordinates": [
          [
            [
              103.66877049207687,
              1.3063184017844764
            ],
            [
              103.66954296827316,
              1.3006979465388524
            ],
            [
              103.67443531751633,
              1.295506522555668
            ],
            [
              103.67426365613937,
              1.2951203831561422
            ],
            [
              103.66877049207687,
              1.3063184017844764
            ]
          ]
        ]
      },
      "properties": {
        "id": "3d48cdbc67"
      }
    },
    {
      "type": "Feature",
      "geometry": {
        "type": "Polygon",
        "coordinates": [
          [
            [
              103.67258995771408,
              1.306790347836731
            ],
            [
              103.66877049207687,
              1.3062754975935038
            ],
            [
              103.67258995771408,
              1.306790347836731
            ]
          ]
        ]
      },
      "properties": {
        "id": "2af2d3ce42"
      }
    },
    {
      "type": "Feature",
      "geometry": {
        "type": "Polygon",
        "coordinates": [
          [
            [
              103.68078678846359,
              1.3087639394577022
            ],
            [
              103.6820313334465,
              1.2980807837143078
            ],
            [
              103.67842644453049,
              1.296707844755504
            ],
            [
              103.68078678846359,
              1.3087639394577022
            ]
          ]
        ]
      },
      "properties": {
        "id": "a843e2966f"
      }
    },
    {
      "type": "Feature",
      "geometry": {
        "type": "Polygon",
        "coordinates": [
          [
            [
              103.68135541677475,
              1.3100081594644635
            ],
            [
              103.68125885725021,
              1.3099223512079843
            ],
            [
              103.68140906095505,
              1.3094289536761006
            ],
            [
              103.68128031492233,
              1.3092358850502774
            ],
            [
              103.68078678846359,
              1.3089355560472098
            ],
            [
              103.68078678846359,
              1.3086995832338617
            ],
            [
              103.68135541677475,
              1.3100081594644635
            ]
          ]
        ]
      },
      "properties": {
        "id": "ac0eceb304"
      }
    },
    {
      "type": "Feature",
      "geometry": {
        "type": "Polygon",
        "coordinates": [
          [
            [
              103.68173092603683,
              1.3097721867519643
            ],
            [
              103.68136614561081,
              1.310008159464349
            ],
            [
              103.68173092603683,
              1.3097721867519643
            ]
          ]
        ]
      },
      "properties": {
        "id": "3709a13510"
      }
    },
    {
      "type": "Feature",
      "geometry": {
        "type": "Polygon",
        "coordinates": [
          [
            [
              103.6837586760521,
              1.2990890352877518
            ],
            [
              103.6829861998558,
              1.3053959615176125
            ],
            [
              103.68247121572495,
              1.3089999122652998
            ],
            [
              103.68193477392197,
              1.3093216933303689
            ],
            [
              103.68179529905319,
              1.3097400086532178
            ],
            [
              103.6817416548729,
              1.3097721867520788
            ],
            [
              103.6837586760521,
              1.2990890352877518
            ]
          ]
        ]
      },
      "properties": {
        "id": "f5d04f685f"
      }
    },
    {
      "type": "Feature",
      "geometry": {
        "type": "Polygon",
        "coordinates": [
          [
            [
              103.68378013372421,
              1.2990890352877518
            ],
            [
              103.68895143270493,
              1.3000329300128726
            ],
            [
              103.69925111532211,
              1.2994322697740643
            ],
            [
              103.70234102010727,
              1.3017491013361009
            ],
            [
              103.70817750692368,
              1.3020065269338816
            ],
            [
              103.71092408895493,
              1.301663292797672
            ],
            [
              103.71083825826645,
              1.2926533800493671
            ],
            [
              103.685003221035,
              1.2904223490884308
            ],
            [
              103.68378013372421,
              1.2990890352877518
            ]
          ]
        ]
      },
      "properties": {
        "id": "271942af85"
      }
    },
    {
      "type": "Feature",
      "geometry": {
        "type": "Polygon",
        "coordinates": [
          [
            [
              103.65633577108383,
              1.2713726976942
            ],
            [
              103.685003221035,
              1.2903365401662235
            ],
            [
              103.65633577108383,
              1.2713726976942
            ]
          ]
        ]
      },
      "properties": {
        "id": "ca09f5be5f"
      }
    },
    {
      "type": "Feature",
      "geometry": {
        "type": "Polygon",
        "coordinates": [
          [
            [
              103.68938058614731,
              1.238249997408561
            ],
            [
              103.67375940084457,
              1.2224607918538901
            ],
            [
              103.67238610982895,
              1.2224607918538901
            ],
            [
              103.66569131612778,
              1.2415966104598004
            ],
            [
              103.68938058614731,
              1.238249997408561
            ]
          ]
        ]
      },
      "properties": {
        "id": "48ba441ca9"
      }
    },
    {
      "type": "Feature",
      "geometry": {
        "type": "Polygon",
        "coordinates": [
          [
            [
              103.69332879781723,
              1.2611613400705255
            ],
            [
              103.69616121053696,
              1.2507783219122557
            ],
            [
              103.70706170797348,
              1.2548972100836244
            ],
            [
              103.71375650167465,
              1.2585870418965013
            ],
            [
              103.69332879781723,
              1.2611613400705255
            ]
          ]
        ]
      },
      "properties": {
        "id": "d46cc03ec4"
      }
    },
    {
      "type": "Feature",
      "geometry": {
        "type": "Polygon",
        "coordinates": [
          [
            [
              103.68577569723129,
              1.2578147519485499
            ],
            [
              103.68011087179184,
              1.2633065866039783
            ],
            [
              103.68483155965805,
              1.2681119324067758
            ],
            [
              103.68577569723129,
              1.2578147519485499
            ]
          ]
        ]
      },
      "properties": {
        "id": "f0b2fc2c95"
      }
    },
    {
      "type": "Feature",
      "geometry": {
        "type": "Polygon",
        "coordinates": [
          [
            [
              103.68586152791977,
              1.2577289419402213
            ],
            [
              103.68989557027817,
              1.2433986311179364
            ],
            [
              103.69041055440903,
              1.2404810732462206
            ],
            [
              103.68946641683578,
              1.2383358080524534
            ],
            [
              103.68586152791977,
              1.2577289419402213
            ]
          ]
        ]
      },
      "properties": {
        "id": "63c375078f"
      }
    },
    {
      "type": "Feature",
      "geometry": {
        "type": "Polygon",
        "coordinates": [
          [
            [
              103.69324296712875,
              1.2610755301723842
            ],
            [
              103.685003221035,
              1.2682835517349444
            ],
            [
              103.69324296712875,
              1.2610755301723842
            ]
          ]
        ]
      },
      "properties": {
        "id": "627c73f1ef"
      }
    },
    {
      "type": "Feature",
      "geometry": {
        "type": "Polygon",
        "coordinates": [
          [
            [
              103.73169511556625,
              1.2788381184844733
            ],
            [
              103.72663110494614,
              1.2841582901715711
            ],
            [
              103.72560113668442,
              1.2884487431454856
            ],
            [
              103.72259706258774,
              1.2906797758376998
            ],
            [
              103.71813386678696,
              1.2918811003229933
            ],
            [
              103.71701806783676,
              1.290593966924169
            ],
            [
              103.7121257185936,
              1.2920527180602488
            ],
            [
              103.73169511556625,
              1.2788381184844733
            ]
          ]
        ]
      },
      "properties": {
        "id": "82aea684ca"
      }
    },
    {
      "type": "Feature",
      "geometry": {
        "type": "Polygon",
        "coordinates": [
          [
            [
              103.73221009969711,
              1.269484886713295
            ],
            [
              103.73658746480942,
              1.2704287923761655
            ],
            [
              103.73941987752914,
              1.2719733645350637
            ],
            [
              103.74010652303696,
              1.2736037452553162
            ],
            [
              103.73607248067856,
              1.2780658345799574
            ],
            [
              103.73178094625473,
              1.2789239277928508
            ],
            [
              103.73221009969711,
              1.269484886713295
            ]
          ]
        ]
      },
      "properties": {
        "id": "ff759da4bb"
      }
    },
    {
      "type": "Feature",
      "geometry": {
        "type": "Polygon",
        "coordinates": [
          [
            [
              103.72645944356918,
              1.2716301263573866
            ],
            [
              103.73212426900864,
              1.2695706963332654
            ],
            [
              103.72645944356918,
              1.2716301263573866
            ]
          ]
        ]
      },
      "properties": {
        "id": "73cea5ac1d"
      }
    },
    {
      "type": "Feature",
      "geometry": {
        "type": "Polygon",
        "coordinates": [
          [
            [
              103.73023599386215,
              1.263821445508556
            ],
            [
              103.72954934835434,
              1.2671680258985523
            ],
            [
              103.72405618429184,
              1.2690558385707995
            ],
            [
              103.7263736128807,
              1.2716301263573866
            ],
            [
              103.73023599386215,
              1.263821445508556
            ]
          ]
        ]
      },
      "properties": {
        "id": "b605fb5157"
      }
    },
    {
      "type": "Feature",
      "geometry": {
        "type": "Polygon",
        "coordinates": [
          [
            [
              103.71203988790512,
              1.2660524995817306
            ],
            [
              103.72268289327621,
              1.2602174310354277
            ],
            [
              103.72422784566879,
              1.2602174310354277
            ],
            [
              103.72972100973129,
              1.262963347277574
            ],
            [
              103.7304076552391,
              1.263649825885028
            ],
            [
              103.71203988790512,
              1.2660524995817306
            ]
          ]
        ]
      },
      "properties": {
        "id": "8ca4b8d387"
      }
    },
    {
      "type": "Feature",
      "geometry": {
        "type": "Polygon",
        "coordinates": [
          [
            [
              103.70689004659653,
              1.2687984096511202
            ],
            [
              103.7121257185936,
              1.2660524995817306
            ],
            [
              103.70689004659653,
              1.2687984096511202
            ]
          ]
        ]
      },
      "properties": {
        "id": "8bf7f73a8d"
      }
    },
    {
      "type": "Feature",
      "geometry": {
        "type": "Polygon",
        "coordinates": [
          [
            [
              103.7135848402977,
              1.2586728518765993
            ],
            [
              103.71427148580551,
              1.2591877116979144
            ],
            [
              103.7139281630516,
              1.2602174310354277
            ],
            [
              103.71229737997055,
              1.2611613400705255
            ],
            [
              103.70483011007309,
              1.2658808801057677
            ],
            [
              103.70680421590805,
              1.2687984096511202
            ],
            [
              103.7135848402977,
              1.2586728518765993
            ]
          ]
        ]
      },
      "properties": {
        "id": "896287ce20"
      }
    },
    {
      "type": "Feature",
      "geometry": {
        "type": "Polygon",
        "coordinates": [
          [
            [
              103.71195405721664,
              1.2994322697740897
            ],
            [
              103.71203988790512,
              1.2924817623527212
            ],
            [
              103.71195405721664,
              1.2994322697740897
            ]
          ]
        ]
      },
      "properties": {
        "id": "b7ff59fd92"
      }
    },
    {
      "type": "Feature",
      "geometry": {
        "type": "Polygon",
        "coordinates": [
          [
            [
              103.72075170278549,
              1.300461972953164
            ],
            [
              103.72027963399887,
              1.2996896956082493
            ],
            [
              103.71203988790512,
              1.2994322697740897
            ],
            [
              103.72075170278549,
              1.300461972953164
            ]
          ]
        ]
      },
      "properties": {
        "id": "b05e1a5c8b"
      }
    },
    {
      "type": "Feature",
      "geometry": {
        "type": "Polygon",
        "coordinates": [
          [
            [
              103.7126836180687,
              1.306511470635114
            ],
            [
              103.7121257185936,
              1.3083992541667504
            ],
            [
              103.7126836180687,
              1.306511470635114
            ]
          ]
        ]
      },
      "properties": {
        "id": "5b56d780f9"
      }
    },
    {
      "type": "Feature",
      "geometry": {
        "type": "Polygon",
        "coordinates": [
          [
            [
              103.72066587209702,
              1.3014487714388776
            ],
            [
              103.7147006392479,
              1.3065543748220412
            ],
            [
              103.71272653341293,
              1.306425662259046
            ],
            [
              103.72066587209702,
              1.3014487714388776
            ]
          ]
        ]
      },
      "properties": {
        "id": "f62881d04c"
      }
    },
    {
      "type": "Feature",
      "geometry": {
        "type": "Polygon",
        "coordinates": [
          [
            [
              103.72075170278549,
              1.300461972953164
            ],
            [
              103.72075170278549,
              1.3014058671649176
            ],
            [
              103.72075170278549,
              1.300461972953164
            ]
          ]
        ]
      },
      "properties": {
        "id": "2c8beb9c06"
      }
    },
    {
      "type": "Feature",
      "geometry": {
        "type": "Polygon",
        "coordinates": [
          [
            [
              103.64431947469711,
              1.3618518910836472
            ],
            [
              103.67418855428696,
              1.3610796329608348
            ],
            [
              103.67620557546616,
              1.3620878587940244
            ],
            [
              103.68011087179184,
              1.3646620504964615
            ],
            [
              103.68307203054428,
              1.3664425314791155
            ],
            [
              103.6847671866417,
              1.3667428534424835
            ],
            [
              103.68517488241196,
              1.3658847905902236
            ],
            [
              103.68751376867294,
              1.3631604390044751
            ],
            [
              103.688243329525,
              1.3625812457501312
            ],
            [
              103.69320005178452,
              1.3612297942818075
            ],
            [
              103.69420856237411,
              1.3583981792261959
            ],
            [
              103.69493812322617,
              1.3569394671444779
            ],
            [
              103.69742721319199,
              1.3549659141044366
            ],
            [
              103.69789928197861,
              1.3546441389997523
            ],
            [
              103.64431947469711,
              1.3618518910836472
            ]
          ]
        ]
      },
      "properties": {
        "id": "93a49ade29"
      }
    },
    {
      "type": "Feature",
      "geometry": {
        "type": "Polygon",
        "coordinates": [
          [
            [
              103.63032907247543,
              1.329159415830555
            ],
            [
              103.64410489797592,
              1.3621093104069442
            ],
            [
              103.65893751382828,
              1.3871512513092985
            ],
            [
              103.6614266037941,
              1.3904976648156036
            ],
            [
              103.66271406412125,
              1.4042264909580995
            ],
            [
              103.63032907247543,
              1.329159415830555
            ]
          ]
        ]
      },
      "properties": {
        "id": "9f3bdd0939"
      }
    },
    {
      "type": "Feature",
      "geometry": {
        "type": "Polygon",
        "coordinates": [
          [
            [
              103.6176261305809,
              1.2960374641355834
            ],
            [
              103.63050073385239,
              1.3291594158306568
            ],
            [
              103.6176261305809,
              1.2960374641355834
            ]
          ]
        ]
      },
      "properties": {
        "id": "7714393515"
      }
    },
    {
      "type": "Feature",
      "geometry": {
        "type": "Polygon",
        "coordinates": [
          [
            [
              103.60535234212875,
              1.2611988819016215
            ],
            [
              103.61144632101059,
              1.2774169013988224
            ],
            [
              103.61711114645004,
              1.2804202271479799
            ],
            [
              103.61985772848129,
              1.290202463721011
            ],
            [
              103.61711114645004,
              1.2937206273416744
            ],
            [
              103.61771196126938,
              1.2960374641357488
            ],
            [
              103.60535234212875,
              1.2611988819016215
            ]
          ]
        ]
      },
      "properties": {
        "id": "d196fe259c"
      }
    },
    {
      "type": "Feature",
      "geometry": {
        "type": "Polygon",
        "coordinates": [
          [
            [
              103.63977044820786,
              1.2654893731352554
            ],
            [
              103.61590951681137,
              1.2539908407179268
            ],
            [
              103.6202010512352,
              1.2445517091691343
            ],
            [
              103.62123101949692,
              1.233396328348932
            ],
            [
              103.61814111471176,
              1.226874699413051
            ],
            [
              103.64457696676254,
              1.2124584107367427
            ],
            [
              103.64183038473129,
              1.209884065368287
            ],
            [
              103.60698312520981,
              1.2191516972249277
            ],
            [
              103.60578149557114,
              1.2224125230813723
            ],
            [
              103.61058801412582,
              1.2409476681972276
            ],
            [
              103.60715478658676,
              1.240604425943568
            ],
            [
              103.60526651144028,
              1.241977394690938
            ],
            [
              103.60912889242172,
              1.2600833530212985
            ],
            [
              103.6051806807518,
              1.260169162952136
            ],
            [
              103.60535234212875,
              1.2613705016869252
            ],
            [
              103.63977044820786,
              1.2654893731352554
            ]
          ]
        ]
      },
      "properties": {
        "id": "fdffeb1cd6"
      }
    },
    {
      "type": "Feature",
      "geometry": {
        "type": "Polygon",
        "coordinates": [
          [
            [
              103.63788217306137,
              1.3161166271615605
            ],
            [
              103.64955514669418,
              1.3017008340351366
            ],
            [
              103.63788217306137,
              1.3161166271615605
            ]
          ]
        ]
      },
      "properties": {
        "id": "5d5cf2974b"
      }
    },
    {
      "type": "Feature",
      "geometry": {
        "type": "Polygon",
        "coordinates": [
          [
            [
              103.65084260702133,
              1.2846248772835667
            ],
            [
              103.63504976034164,
              1.3119978375886463
            ],
            [
              103.65084260702133,
              1.2846248772835667
            ]
          ]
        ]
      },
      "properties": {
        "id": "4a6c70bece"
      }
    },
    {
      "type": "Feature",
      "geometry": {
        "type": "Polygon",
        "coordinates": [
          [
            [
              103.65101426839828,
              1.2847106863980322
            ],
            [
              103.65015596151352,
              1.2821364117111067
            ],
            [
              103.64886850118637,
              1.2805918456560872
            ],
            [
              103.64680856466293,
              1.2792188972701577
            ],
            [
              103.64097207784653,
              1.279476325148498
            ],
            [
              103.63968461751938,
              1.2655751828876767
            ],
            [
              103.65101426839828,
              1.2847106863980322
            ]
          ]
        ]
      },
      "properties": {
        "id": "d1d6f7e486"
      }
    },
    {
      "type": "Feature",
      "geometry": {
        "type": "Polygon",
        "coordinates": [
          [
            [
              103.7334331870079,
              1.395294718837972
            ],
            [
              103.73321861028671,
              1.3969679204044032
            ],
            [
              103.72927039861679,
              1.4039181295247798
            ],
            [
              103.7334331870079,
              1.395294718837972
            ]
          ]
        ]
      },
      "properties": {
        "id": "16a292b5e3"
      }
    },
    {
      "type": "Feature",
      "geometry": {
        "type": "Polygon",
        "coordinates": [
          [
            [
              103.7171682715416,
              1.3917552500669725
            ],
            [
              103.72083753347397,
              1.3919483121370873
            ],
            [
              103.7171682715416,
              1.3917552500669725
            ]
          ]
        ]
      },
      "properties": {
        "id": "ee7c8818d1"
      }
    },
    {
      "type": "Feature",
      "geometry": {
        "type": "Polygon",
        "coordinates": [
          [
            [
              103.71326297521591,
              1.3885804493152534
            ],
            [
              103.71401399374008,
              1.388601900686006
            ],
            [
              103.71420711278915,
              1.3890309280601283
            ],
            [
              103.71684640645981,
              1.3916265420114469
            ],
            [
              103.71714681386948,
              1.3917552500669725
            ],
            [
              103.71326297521591,
              1.3885804493152534
            ]
          ]
        ]
      },
      "properties": {
        "id": "4cdf95d2b1"
      }
    },
    {
      "type": "Feature",
      "geometry": {
        "type": "Polygon",
        "coordinates": [
          [
            [
              103.71324151754379,
              1.388580449317149
            ],
            [
              103.7167176604271,
              1.3921842768698929
            ],
            [
              103.71324151754379,
              1.388580449317149
            ]
          ]
        ]
      },
      "properties": {
        "id": "05df76c9df"
      }
    },
    {
      "type": "Feature",
      "geometry": {
        "type": "Polygon",
        "coordinates": [
          [
            [
              103.7328752875328,
              1.3798497252898516
            ],
            [
              103.73255342245102,
              1.3802573028017713
            ],
            [
              103.7324246764183,
              1.3804503658093608
            ],
            [
              103.7325319647789,
              1.3838396916092668
            ],
            [
              103.73311132192612,
              1.3878081998387664
            ],
            [
              103.7328752875328,
              1.3798497252898516
            ]
          ]
        ]
      },
      "properties": {
        "id": "fd4bb4eb70"
      }
    },
    {
      "type": "Feature",
      "geometry": {
        "type": "Polygon",
        "coordinates": [
          [
            [
              103.70380014181137,
              1.3613156007504967
            ],
            [
              103.69787782430649,
              1.3547084940278442
            ],
            [
              103.70380014181137,
              1.3613156007504967
            ]
          ]
        ]
      },
      "properties": {
        "id": "6a8360ad9d"
      }
    },
    {
      "type": "Feature",
      "geometry": {
        "type": "Polygon",
        "coordinates": [
          [
            [
              103.70568841695786,
              1.3624096329110063
            ],
            [
              103.70455116033554,
              1.3619591491403589
            ],
            [
              103.70380014181137,
              1.3613370523662665
            ],
            [
              103.70568841695786,
              1.3624096329110063
            ]
          ]
        ]
      },
      "properties": {
        "id": "24dc1583fd"
      }
    },
    {
      "type": "Feature",
      "geometry": {
        "type": "Polygon",
        "coordinates": [
          [
            [
              103.71701806783676,
              1.3556738191880597
            ],
            [
              103.71431440114975,
              1.356982370457274
            ],
            [
              103.70873540639877,
              1.3619162459197225
            ],
            [
              103.7079843878746,
              1.3623023748780088
            ],
            [
              103.70691150426865,
              1.3625168909392205
            ],
            [
              103.70566695928574,
              1.3624310845170309
            ],
            [
              103.71701806783676,
              1.3556738191880597
            ]
          ]
        ]
      },
      "properties": {
        "id": "487f08b5f5"
      }
    },
    {
      "type": "Feature",
      "geometry": {
        "type": "Polygon",
        "coordinates": [
          [
            [
              103.72306913137436,
              1.3440898919413367
            ],
            [
              103.72476428747177,
              1.3442829578470477
            ],
            [
              103.72650235891342,
              1.3431674657366972
            ],
            [
              103.72729629278183,
              1.3430602068530795
            ],
            [
              103.72796148061752,
              1.343381983489786
            ],
            [
              103.72306913137436,
              1.3440898919413367
            ]
          ]
        ]
      },
      "properties": {
        "id": "ef7c5db632"
      }
    },
    {
      "type": "Feature",
      "geometry": {
        "type": "Polygon",
        "coordinates": [
          [
            [
              103.70834916830063,
              1.3621951168404693
            ],
            [
              103.70783418416977,
              1.3640399544245339
            ],
            [
              103.70817750692368,
              1.3655415653674674
            ],
            [
              103.70942205190659,
              1.36704317537229
            ],
            [
              103.71319860219955,
              1.3681157533722428
            ],
            [
              103.71882051229477,
              1.3696602648496308
            ],
            [
              103.72208207845688,
              1.370775744742033
            ],
            [
              103.72495740652084,
              1.3727063817890297
            ],
            [
              103.72959226369858,
              1.376181524543774
            ],
            [
              103.70834916830063,
              1.3621951168404693
            ]
          ]
        ]
      },
      "properties": {
        "id": "c292f38af8"
      }
    },
    {
      "type": "Feature",
      "geometry": {
        "type": "Polygon",
        "coordinates": [
          [
            [
              103.7057313323021,
              1.4072001655471318
            ],
            [
              103.70804876089096,
              1.4068140439019712
            ],
            [
              103.7057313323021,
              1.4072001655471318
            ]
          ]
        ]
      },
      "properties": {
        "id": "28cccea626"
      }
    },
    {
      "type": "Feature",
      "geometry": {
        "type": "Polygon",
        "coordinates": [
          [
            [
              103.7130269408226,
              1.4123055457274025
            ],
            [
              103.71161073446274,
              1.4095597964335764
            ],
            [
              103.7104520201683,
              1.4090449680803514
            ],
            [
              103.71070951223373,
              1.4057414834412765
            ],
            [
              103.71051639318466,
              1.405398263989764
            ],
            [
              103.70918601751328,
              1.4054197152069592
            ],
            [
              103.70892852544785,
              1.4056127761528752
            ],
            [
              103.70807021856308,
              1.4068354951061517
            ],
            [
              103.7130269408226,
              1.4123055457274025
            ]
          ]
        ]
      },
      "properties": {
        "id": "20f3ec21b2"
      }
    },
    {
      "type": "Feature",
      "geometry": {
        "type": "Polygon",
        "coordinates": [
          [
            [
              103.716159760952,
              1.411704913346373
            ],
            [
              103.71405690908432,
              1.4128632756565103
            ],
            [
              103.71294111013412,
              1.4123484480343929
            ],
            [
              103.716159760952,
              1.411704913346373
            ]
          ]
        ]
      },
      "properties": {
        "id": "a28a59e799"
      }
    },
    {
      "type": "Feature",
      "geometry": {
        "type": "Polygon",
        "coordinates": [
          [
            [
              103.71620267629623,
              1.411704913346373
            ],
            [
              103.7163957953453,
              1.4111686343035938
            ],
            [
              103.71581643819809,
              1.4101175270211355
            ],
            [
              103.71633142232895,
              1.408744651488406
            ],
            [
              103.71697515249252,
              1.4087875538610557
            ],
            [
              103.71620267629623,
              1.411704913346373
            ]
          ]
        ]
      },
      "properties": {
        "id": "9591c4bb99"
      }
    },
    {
      "type": "Feature",
      "geometry": {
        "type": "Polygon",
        "coordinates": [
          [
            [
              103.72298330068588,
              1.4101604293684933
            ],
            [
              103.72238248586655,
              1.4104821969484431
            ],
            [
              103.71699661016464,
              1.4088090050470816
            ],
            [
              103.72298330068588,
              1.4101604293684933
            ]
          ]
        ]
      },
      "properties": {
        "id": "e28d608635"
      }
    },
    {
      "type": "Feature",
      "geometry": {
        "type": "Polygon",
        "coordinates": [
          [
            [
              103.7246784567833,
              1.4099673687992698
            ],
            [
              103.72291892766953,
              1.4063635685686229
            ],
            [
              103.72124522924423,
              1.4047332761590536
            ],
            [
              103.72081607580185,
              1.40584873950962
            ],
            [
              103.72238248586655,
              1.4069856535299317
            ],
            [
              103.7231120467186,
              1.4085944931779173
            ],
            [
              103.72304767370224,
              1.4101604293684933
            ],
            [
              103.7246784567833,
              1.4099673687992698
            ]
          ]
        ]
      },
      "properties": {
        "id": "c76139b6b2"
      }
    },
    {
      "type": "Feature",
      "geometry": {
        "type": "Polygon",
        "coordinates": [
          [
            [
              103.72424930334091,
              1.396710504859147
            ],
            [
              103.7264809012413,
              1.4082083717637668
            ],
            [
              103.72532218694687,
              1.410053173498718
            ],
            [
              103.72454971075058,
              1.4099673687992698
            ],
            [
              103.72424930334091,
              1.396710504859147
            ]
          ]
        ]
      },
      "properties": {
        "id": "420a1e021c"
      }
    },
    {
      "type": "Feature",
      "geometry": {
        "type": "Polygon",
        "coordinates": [
          [
            [
              103.72261852025986,
              1.3948227899786256
            ],
            [
              103.7241205573082,
              1.3951660109786865
            ],
            [
              103.72429221868515,
              1.3967534074524508
            ],
            [
              103.72261852025986,
              1.3948227899786256
            ]
          ]
        ]
      },
      "properties": {
        "id": "491139093a"
      }
    },
    {
      "type": "Feature",
      "geometry": {
        "type": "Polygon",
        "coordinates": [
          [
            [
              103.72017234563828,
              1.3925918522584868
            ],
            [
              103.72231811285019,
              1.3940934451872804
            ],
            [
              103.72257560491562,
              1.3948656926063814
            ],
            [
              103.72017234563828,
              1.3925918522584868
            ]
          ]
        ]
      },
      "properties": {
        "id": "60dfbe0089"
      }
    },
    {
      "type": "Feature",
      "geometry": {
        "type": "Polygon",
        "coordinates": [
          [
            [
              103.71588081121445,
              1.3964959918808724
            ],
            [
              103.71849864721298,
              1.3932353922023097
            ],
            [
              103.72004359960556,
              1.3926347549268645
            ],
            [
              103.71588081121445,
              1.3964959918808724
            ]
          ]
        ]
      },
      "properties": {
        "id": "3d40b7196c"
      }
    },
    {
      "type": "Feature",
      "geometry": {
        "type": "Polygon",
        "coordinates": [
          [
            [
              103.7167176604271,
              1.3922271795457002
            ],
            [
              103.71843427419662,
              1.3925060469194162
            ],
            [
              103.71545165777206,
              1.3963029301837477
            ],
            [
              103.71581643819809,
              1.3966890535622598
            ],
            [
              103.71592372655869,
              1.396495991880936
            ],
            [
              103.7167176604271,
              1.3922271795457002
            ]
          ]
        ]
      },
      "properties": {
        "id": "86873a8d98"
      }
    },
    {
      "type": "Feature",
      "geometry": {
        "type": "Polygon",
        "coordinates": [
          [
            [
              103.88282418251038,
              1.3994106852903112
            ],
            [
              103.88267934322357,
              1.398134334248667
            ],
            [
              103.88282418251038,
              1.3994106852903112
            ]
          ]
        ]
      },
      "properties": {
        "id": "ddba691f89"
      }
    },
    {
      "type": "Feature",
      "geometry": {
        "type": "Polygon",
        "coordinates": [
          [
            [
              103.8831889629364,
              1.401217954274523
            ],
            [
              103.88282418251038,
              1.3993945968361343
            ],
            [
              103.8831889629364,
              1.401217954274523
            ]
          ]
        ]
      },
      "properties": {
        "id": "bef629af39"
      }
    },
    {
      "type": "Feature",
      "geometry": {
        "type": "Polygon",
        "coordinates": [
          [
            [
              103.88245403766632,
              1.396981327458967
            ],
            [
              103.8826847076416,
              1.3981450598905651
            ],
            [
              103.88245403766632,
              1.396981327458967
            ]
          ]
        ]
      },
      "properties": {
        "id": "4ea4c10386"
      }
    },
    {
      "type": "Feature",
      "geometry": {
        "type": "Polygon",
        "coordinates": [
          [
            [
              103.88364762067795,
              1.3909588688554033
            ],
            [
              103.88350814580917,
              1.3907577624476632
            ],
            [
              103.88364762067795,
              1.3909588688554033
            ]
          ]
        ]
      },
      "properties": {
        "id": "144a8e5728"
      }
    },
    {
      "type": "Feature",
      "geometry": {
        "type": "Polygon",
        "coordinates": [
          [
            [
              103.8819283246994,
              1.391680170363477
            ],
            [
              103.8823065161705,
              1.3915085596157577
            ],
            [
              103.88247281312943,
              1.3914120285646767
            ],
            [
              103.88280004262924,
              1.3912109221955613
            ],
            [
              103.88350278139114,
              1.390760443866563
            ],
            [
              103.8819283246994,
              1.391680170363477
            ]
          ]
        ]
      },
      "properties": {
        "id": "e1b18fae50"
      }
    },
    {
      "type": "Feature",
      "geometry": {
        "type": "Polygon",
        "coordinates": [
          [
            [
              103.88113707304001,
              1.3921789140282128
            ],
            [
              103.88152331113815,
              1.392079701587188
            ],
            [
              103.8817647099495,
              1.3920019404818402
            ],
            [
              103.88194173574448,
              1.3919349050441403
            ],
            [
              103.88113707304001,
              1.3921789140282128
            ]
          ]
        ]
      },
      "properties": {
        "id": "b2719faeb5"
      }
    },
    {
      "type": "Feature",
      "geometry": {
        "type": "Polygon",
        "coordinates": [
          [
            [
              103.88111293315887,
              1.3919617192194493
            ],
            [
              103.88143479824066,
              1.3918544625163942
            ],
            [
              103.88167083263397,
              1.3917740199859001
            ],
            [
              103.88193100690842,
              1.391680170363515
            ],
            [
              103.88111293315887,
              1.3919617192194493
            ]
          ]
        ]
      },
      "properties": {
        "id": "55e4b79ca3"
      }
    },
    {
      "type": "Feature",
      "geometry": {
        "type": "Polygon",
        "coordinates": [
          [
            [
              103.88153940439224,
              1.393701958544571
            ],
            [
              103.88125509023666,
              1.3930637815607192
            ],
            [
              103.88117998838425,
              1.3928599939160198
            ],
            [
              103.88117998838425,
              1.3925918522513878
            ],
            [
              103.88117462396622,
              1.3923880645658755
            ],
            [
              103.88113707304001,
              1.3921842768627428
            ],
            [
              103.88153940439224,
              1.393701958544571
            ]
          ]
        ]
      },
      "properties": {
        "id": "5ffae7f63a"
      }
    },
    {
      "type": "Feature",
      "geometry": {
        "type": "Polygon",
        "coordinates": [
          [
            [
              103.88241916894913,
              1.3959972491236632
            ],
            [
              103.88246208429337,
              1.3970000973417127
            ],
            [
              103.88241916894913,
              1.3959972491236632
            ]
          ]
        ]
      },
      "properties": {
        "id": "84baf8781f"
      }
    },
    {
      "type": "Feature",
      "geometry": {
        "type": "Polygon",
        "coordinates": [
          [
            [
              103.88377636671066,
              1.3952035507654874
            ],
            [
              103.8829180598259,
              1.3946082768211077
            ],
            [
              103.88205975294113,
              1.3940773566896316
            ],
            [
              103.88152867555618,
              1.3936912328824447
            ],
            [
              103.88377636671066,
              1.3952035507654874
            ]
          ]
        ]
      },
      "properties": {
        "id": "dc74774f4c"
      }
    },
    {
      "type": "Feature",
      "geometry": {
        "type": "Polygon",
        "coordinates": [
          [
            [
              103.88289660215378,
              1.395348347107562
            ],
            [
              103.88262301683426,
              1.39539661255294
            ],
            [
              103.88247281312943,
              1.395782736080302
            ],
            [
              103.88241916894913,
              1.396002611949504
            ],
            [
              103.88289660215378,
              1.395348347107562
            ]
          ]
        ]
      },
      "properties": {
        "id": "1b2058020f"
      }
    },
    {
      "type": "Feature",
      "geometry": {
        "type": "Polygon",
        "coordinates": [
          [
            [
              103.88289660215378,
              1.395348347107562
            ],
            [
              103.88377100229263,
              1.3952089135931347
            ],
            [
              103.88289660215378,
              1.395348347107562
            ]
          ]
        ]
      },
      "properties": {
        "id": "dc2a5a24e7"
      }
    },
    {
      "type": "Feature",
      "geometry": {
        "type": "Polygon",
        "coordinates": [
          [
            [
              103.88091176748276,
              1.38897193679567
            ],
            [
              103.88122290372849,
              1.3894009641026193
            ],
            [
              103.88149112462997,
              1.3902161157711006
            ],
            [
              103.88150185346603,
              1.3909776387860735
            ],
            [
              103.8813516497612,
              1.3915675508118592
            ],
            [
              103.88111561536789,
              1.3919536749670118
            ],
            [
              103.88091176748276,
              1.38897193679567
            ]
          ]
        ]
      },
      "properties": {
        "id": "4a3ca02c4a"
      }
    },
    {
      "type": "Feature",
      "geometry": {
        "type": "Polygon",
        "coordinates": [
          [
            [
              103.88052016496658,
              1.3882854929429387
            ],
            [
              103.88091176748276,
              1.3889665739542192
            ],
            [
              103.88052016496658,
              1.3882854929429387
            ]
          ]
        ]
      },
      "properties": {
        "id": "18abd6f189"
      }
    },
    {
      "type": "Feature",
      "geometry": {
        "type": "Polygon",
        "coordinates": [
          [
            [
              103.87963503599167,
              1.3858132208523726
            ],
            [
              103.8801982998848,
              1.3861403546178084
            ],
            [
              103.88031095266342,
              1.3862047087958524
            ],
            [
              103.88041287660599,
              1.386408497014782
            ],
            [
              103.87963503599167,
              1.3858132208523726
            ]
          ]
        ]
      },
      "properties": {
        "id": "8282ee8bd3"
      }
    },
    {
      "type": "Feature",
      "geometry": {
        "type": "Polygon",
        "coordinates": [
          [
            [
              103.8784521818161,
              1.3851160503818727
            ],
            [
              103.87963771820068,
              1.3858159022769083
            ],
            [
              103.8784521818161,
              1.3851160503818727
            ]
          ]
        ]
      },
      "properties": {
        "id": "99023c38c6"
      }
    },
    {
      "type": "Feature",
      "geometry": {
        "type": "Polygon",
        "coordinates": [
          [
            [
              103.87744903564453,
              1.3834401589889107
            ],
            [
              103.87750804424286,
              1.3835179203757502
            ],
            [
              103.87759655714035,
              1.3837217088257407
            ],
            [
              103.8776957988739,
              1.3839469486711267
            ],
            [
              103.87807935476303,
              1.3845395438764656
            ],
            [
              103.8784521818161,
              1.3851187318073244
            ],
            [
              103.87744903564453,
              1.3834401589889107
            ]
          ]
        ]
      },
      "properties": {
        "id": "8c90c8b8b6"
      }
    },
    {
      "type": "Feature",
      "geometry": {
        "type": "Polygon",
        "coordinates": [
          [
            [
              103.87726128101349,
              1.383166653401236
            ],
            [
              103.87744635343552,
              1.383437477561818
            ],
            [
              103.87726128101349,
              1.383166653401236
            ]
          ]
        ]
      },
      "properties": {
        "id": "0c2ab4b177"
      }
    },
    {
      "type": "Feature",
      "geometry": {
        "type": "Polygon",
        "coordinates": [
          [
            [
              103.87703865766525,
              1.38330608762639
            ],
            [
              103.87725323438644,
              1.3831720162561851
            ],
            [
              103.87703865766525,
              1.38330608762639
            ]
          ]
        ]
      },
      "properties": {
        "id": "4208a5fcee"
      }
    },
    {
      "type": "Feature",
      "geometry": {
        "type": "Polygon",
        "coordinates": [
          [
            [
              103.85144501924515,
              1.3922888521350156
            ],
            [
              103.85143965482712,
              1.3917954713289946
            ],
            [
              103.85144501924515,
              1.3922888521350156
            ]
          ]
        ]
      },
      "properties": {
        "id": "2749e33a5e"
      }
    },
    {
      "type": "Feature",
      "geometry": {
        "type": "Polygon",
        "coordinates": [
          [
            [
              103.85087102651596,
              1.39173111730321
            ],
            [
              103.85142356157303,
              1.3917954713289946
            ],
            [
              103.85087102651596,
              1.39173111730321
            ]
          ]
        ]
      },
      "properties": {
        "id": "ac213f7fca"
      }
    },
    {
      "type": "Feature",
      "geometry": {
        "type": "Polygon",
        "coordinates": [
          [
            [
              103.85086566209793,
              1.3895269908604495
            ],
            [
              103.85057061910629,
              1.3912699134003395
            ],
            [
              103.85073155164719,
              1.39173111730321
            ],
            [
              103.8508602976799,
              1.39173111730321
            ],
            [
              103.85086566209793,
              1.3895269908604495
            ]
          ]
        ]
      },
      "properties": {
        "id": "0e43a7fa7a"
      }
    },
    {
      "type": "Feature",
      "geometry": {
        "type": "Polygon",
        "coordinates": [
          [
            [
              103.85087102651596,
              1.3885295023050392
            ],
            [
              103.85087102651596,
              1.38953235370101
            ],
            [
              103.85087102651596,
              1.3885295023050392
            ]
          ]
        ]
      },
      "properties": {
        "id": "dfb376c096"
      }
    },
    {
      "type": "Feature",
      "geometry": {
        "type": "Polygon",
        "coordinates": [
          [
            [
              103.8535264134407,
              1.3866310551821166
            ],
            [
              103.8535264134407,
              1.3868509319043052
            ],
            [
              103.85351032018661,
              1.3868562947509342
            ],
            [
              103.85238915681839,
              1.387006454451567
            ],
            [
              103.85219603776932,
              1.3874944734127956
            ],
            [
              103.85183662176132,
              1.3876178188486061
            ],
            [
              103.85106950998306,
              1.387483747722426
            ],
            [
              103.85087102651596,
              1.388540227990689
            ],
            [
              103.8535264134407,
              1.3866310551821166
            ]
          ]
        ]
      },
      "properties": {
        "id": "ec2eea87ca"
      }
    },
    {
      "type": "Feature",
      "geometry": {
        "type": "Polygon",
        "coordinates": [
          [
            [
              103.85353177785873,
              1.386657869417627
            ],
            [
              103.85357469320297,
              1.38490421777607
            ],
            [
              103.85353177785873,
              1.386657869417627
            ]
          ]
        ]
      },
      "properties": {
        "id": "030f3fa3cd"
      }
    },
    {
      "type": "Feature",
      "geometry": {
        "type": "Polygon",
        "coordinates": [
          [
            [
              103.85576874017715,
              1.3795252720850746
            ],
            [
              103.85797888040543,
              1.379535997811448
            ],
            [
              103.85576874017715,
              1.3795252720850746
            ]
          ]
        ]
      },
      "properties": {
        "id": "6751a03794"
      }
    },
    {
      "type": "Feature",
      "geometry": {
        "type": "Polygon",
        "coordinates": [
          [
            [
              103.85577946901321,
              1.3795252720850746
            ],
            [
              103.85478168725967,
              1.3795038206322257
            ],
            [
              103.85478168725967,
              1.3795574492640046
            ],
            [
              103.85478168725967,
              1.3796432550723343
            ],
            [
              103.85471731424332,
              1.3848559521162973
            ],
            [
              103.853580057621,
              1.3848774035208018
            ],
            [
              103.85577946901321,
              1.3795252720850746
            ]
          ]
        ]
      },
      "properties": {
        "id": "ff5a1035e1"
      }
    },
    {
      "type": "Feature",
      "geometry": {
        "type": "Polygon",
        "coordinates": [
          [
            [
              103.85836511850357,
              1.3795145463586882
            ],
            [
              103.85800033807755,
              1.379535997811448
            ],
            [
              103.85836511850357,
              1.3795145463586882
            ]
          ]
        ]
      },
      "properties": {
        "id": "14a4ba03bf"
      }
    },
    {
      "type": "Feature",
      "geometry": {
        "type": "Polygon",
        "coordinates": [
          [
            [
              103.85895520448685,
              1.3772621427433487
            ],
            [
              103.85875135660172,
              1.3774444802581318
            ],
            [
              103.85837584733963,
              1.3794930949058648
            ],
            [
              103.85895520448685,
              1.3772621427433487
            ]
          ]
        ]
      },
      "properties": {
        "id": "b17808d25f"
      }
    },
    {
      "type": "Feature",
      "geometry": {
        "type": "Polygon",
        "coordinates": [
          [
            [
              103.86282831430435,
              1.3779754041187828
            ],
            [
              103.85956674814224,
              1.377047628002258
            ],
            [
              103.86282831430435,
              1.3779754041187828
            ]
          ]
        ]
      },
      "properties": {
        "id": "e68246dbc2"
      }
    },
    {
      "type": "Feature",
      "geometry": {
        "type": "Polygon",
        "coordinates": [
          [
            [
              103.86155158281326,
              1.3788280997684534
            ],
            [
              103.86202365159988,
              1.3785706822460118
            ],
            [
              103.86238843202591,
              1.378088024316422
            ],
            [
              103.86281222105026,
              1.377980766985462
            ],
            [
              103.86155158281326,
              1.3788280997684534
            ]
          ]
        ]
      },
      "properties": {
        "id": "8e60395d11"
      }
    },
    {
      "type": "Feature",
      "geometry": {
        "type": "Polygon",
        "coordinates": [
          [
            [
              103.86161059141159,
              1.3789621713837137
            ],
            [
              103.86154621839523,
              1.3788280997684534
            ],
            [
              103.86161059141159,
              1.3789621713837137
            ]
          ]
        ]
      },
      "properties": {
        "id": "aae584a294"
      }
    },
    {
      "type": "Feature",
      "geometry": {
        "type": "Polygon",
        "coordinates": [
          [
            [
              103.86250108480453,
              1.378275724634006
            ],
            [
              103.86210411787033,
              1.378769108255365
            ],
            [
              103.86161595582962,
              1.3789568085192485
            ],
            [
              103.86250108480453,
              1.378275724634006
            ]
          ]
        ]
      },
      "properties": {
        "id": "3f9174bd4f"
      }
    },
    {
      "type": "Feature",
      "geometry": {
        "type": "Polygon",
        "coordinates": [
          [
            [
              103.86477559804916,
              1.3784687878023663
            ],
            [
              103.86303216218948,
              1.3780236699184236
            ],
            [
              103.86301070451736,
              1.3780397585181046
            ],
            [
              103.86477559804916,
              1.3784687878023663
            ]
          ]
        ]
      },
      "properties": {
        "id": "de44929275"
      }
    },
    {
      "type": "Feature",
      "geometry": {
        "type": "Polygon",
        "coordinates": [
          [
            [
              103.87388974428177,
              1.378919268467711
            ],
            [
              103.87250572443008,
              1.3788495512274728
            ],
            [
              103.87035995721817,
              1.3787369310658375
            ],
            [
              103.86919051408768,
              1.3787530196606839
            ],
            [
              103.86537104845047,
              1.378581407976673
            ],
            [
              103.8647809624672,
              1.3784741506679383
            ],
            [
              103.87388974428177,
              1.378919268467711
            ]
          ]
        ]
      },
      "properties": {
        "id": "3542de27c6"
      }
    },
    {
      "type": "Feature",
      "geometry": {
        "type": "Polygon",
        "coordinates": [
          [
            [
              103.8738951086998,
              1.378919268467749
            ],
            [
              103.87528449296951,
              1.3789943485703533
            ],
            [
              103.876271545887,
              1.379037251485046
            ],
            [
              103.8738951086998,
              1.378919268467749
            ]
          ]
        ]
      },
      "properties": {
        "id": "f19721c936"
      }
    },
    {
      "type": "Feature",
      "geometry": {
        "type": "Polygon",
        "coordinates": [
          [
            [
              103.87689918279648,
              1.3791498716324577
            ],
            [
              103.87628763914108,
              1.379031888620746
            ],
            [
              103.87689918279648,
              1.3791498716324577
            ]
          ]
        ]
      },
      "properties": {
        "id": "31c40cacc0"
      }
    },
    {
      "type": "Feature",
      "geometry": {
        "type": "Polygon",
        "coordinates": [
          [
            [
              103.87693136930466,
              1.3811984848119956
            ],
            [
              103.87685626745224,
              1.37957890071665
            ],
            [
              103.87689381837845,
              1.3791552344965288
            ],
            [
              103.87693136930466,
              1.3811984848119956
            ]
          ]
        ]
      },
      "properties": {
        "id": "4ca2ed05f1"
      }
    },
    {
      "type": "Feature",
      "geometry": {
        "type": "Polygon",
        "coordinates": [
          [
            [
              103.87706011533737,
              1.3833007247727132
            ],
            [
              103.8770279288292,
              1.3822174278825186
            ],
            [
              103.87694209814072,
              1.3811448562172257
            ],
            [
              103.87706011533737,
              1.3833007247727132
            ]
          ]
        ]
      },
      "properties": {
        "id": "9b66cd44b1"
      }
    },
    {
      "type": "Feature",
      "geometry": {
        "type": "Polygon",
        "coordinates": [
          [
            [
              103.88730078935623,
              1.400933725132259
            ],
            [
              103.88545542955399,
              1.4011482377048219
            ],
            [
              103.88319164514542,
              1.4012179542770165
            ],
            [
              103.88730078935623,
              1.400933725132259
            ]
          ]
        ]
      },
      "properties": {
        "id": "8d9710da58"
      }
    },
    {
      "type": "Feature",
      "geometry": {
        "type": "Polygon",
        "coordinates": [
          [
            [
              103.87681871652603,
              1.3785438679206317
            ],
            [
              103.87681871652603,
              1.379112331585284
            ],
            [
              103.87681871652603,
              1.3785438679206317
            ]
          ]
        ]
      },
      "properties": {
        "id": "6e3d746aad"
      }
    },
    {
      "type": "Feature",
      "geometry": {
        "type": "Polygon",
        "coordinates": [
          [
            [
              103.87719422578812,
              1.3753046950166126
            ],
            [
              103.877172768116,
              1.376205657458206
            ],
            [
              103.87704402208328,
              1.3770529908724867
            ],
            [
              103.87681871652603,
              1.3785545936513943
            ],
            [
              103.87719422578812,
              1.3753046950166126
            ]
          ]
        ]
      },
      "properties": {
        "id": "1bca3933a7"
      }
    },
    {
      "type": "Feature",
      "geometry": {
        "type": "Polygon",
        "coordinates": [
          [
            [
              103.87700110673904,
              1.3728377723055831
            ],
            [
              103.87927561998367,
              1.3723872904920582
            ],
            [
              103.87912541627884,
              1.3716364872809481
            ],
            [
              103.87896448373795,
              1.3713897947458717
            ],
            [
              103.87866407632828,
              1.37126108558705
            ],
            [
              103.87853533029556,
              1.3712825371140058
            ],
            [
              103.87826710939407,
              1.3698131070734902
            ],
            [
              103.87700110673904,
              1.3728377723055831
            ]
          ]
        ]
      },
      "properties": {
        "id": "30bf002567"
      }
    },
    {
      "type": "Feature",
      "geometry": {
        "type": "Polygon",
        "coordinates": [
          [
            [
              103.87699037790298,
              1.3728592238183919
            ],
            [
              103.87709766626358,
              1.3736314781514463
            ],
            [
              103.877172768116,
              1.3747898591830026
            ],
            [
              103.87720495462418,
              1.3753046950166379
            ],
            [
              103.87699037790298,
              1.3728592238183919
            ]
          ]
        ]
      },
      "properties": {
        "id": "7be0b0f522"
      }
    },
    {
      "type": "Feature",
      "geometry": {
        "type": "Polygon",
        "coordinates": [
          [
            [
              103.8705262541771,
              1.3426874821934318
            ],
            [
              103.87053698301315,
              1.3437064415530382
            ],
            [
              103.8708159327507,
              1.3450793545442414
            ],
            [
              103.87150794267654,
              1.3465756143149121
            ],
            [
              103.87219458818436,
              1.3480343326262427
            ],
            [
              103.8705262541771,
              1.3426874821934318
            ]
          ]
        ]
      },
      "properties": {
        "id": "4242ab7632"
      }
    },
    {
      "type": "Feature",
      "geometry": {
        "type": "Polygon",
        "coordinates": [
          [
            [
              103.87053698301315,
              1.3426874821936992
            ],
            [
              103.87143820524216,
              1.3431379695419108
            ],
            [
              103.87382000684738,
              1.3432452284221064
            ],
            [
              103.8747426867485,
              1.343459746168376
            ],
            [
              103.87669533491135,
              1.3441032992941475
            ],
            [
              103.87053698301315,
              1.3426874821936992
            ]
          ]
        ]
      },
      "properties": {
        "id": "f1dd016a4a"
      }
    },
    {
      "type": "Feature",
      "geometry": {
        "type": "Polygon",
        "coordinates": [
          [
            [
              103.8782188296318,
              1.3434811979419647
            ],
            [
              103.87708157300949,
              1.3440818475260166
            ],
            [
              103.87665241956711,
              1.3441032992941475
            ],
            [
              103.8782188296318,
              1.3434811979419647
            ]
          ]
        ]
      },
      "properties": {
        "id": "e2b5ce3329"
      }
    },
    {
      "type": "Feature",
      "geometry": {
        "type": "Polygon",
        "coordinates": [
          [
            [
              103.88454884290695,
              1.3406066586035619
            ],
            [
              103.88364762067795,
              1.340756821189912
            ],
            [
              103.88171643018723,
              1.3417650554597518
            ],
            [
              103.87817591428757,
              1.3434811979419647
            ],
            [
              103.88454884290695,
              1.3406066586035619
            ]
          ]
        ]
      },
      "properties": {
        "id": "5094b60272"
      }
    },
    {
      "type": "Feature",
      "geometry": {
        "type": "Polygon",
        "coordinates": [
          [
            [
              103.88469368219376,
              1.3405583920561346
            ],
            [
              103.88455957174301,
              1.3406066586037018
            ],
            [
              103.88469368219376,
              1.3405583920561346
            ]
          ]
        ]
      },
      "properties": {
        "id": "e1c05950ea"
      }
    },
    {
      "type": "Feature",
      "geometry": {
        "type": "Polygon",
        "coordinates": [
          [
            [
              103.88322919607162,
              1.3396788681337535
            ],
            [
              103.88450056314468,
              1.340429681257953
            ],
            [
              103.88469368219376,
              1.3405530291063412
            ],
            [
              103.88322919607162,
              1.3396788681337535
            ]
          ]
        ]
      },
      "properties": {
        "id": "ca68df0ad4"
      }
    },
    {
      "type": "Feature",
      "geometry": {
        "type": "Polygon",
        "coordinates": [
          [
            [
              103.88244062662125,
              1.3390192249847483
            ],
            [
              103.8832238316536,
              1.3396735051820392
            ],
            [
              103.88244062662125,
              1.3390192249847483
            ]
          ]
        ]
      },
      "properties": {
        "id": "f183fe45c2"
      }
    },
    {
      "type": "Feature",
      "geometry": {
        "type": "Polygon",
        "coordinates": [
          [
            [
              103.88244599103928,
              1.338847610477855
            ],
            [
              103.88243526220322,
              1.3390192249847483
            ],
            [
              103.88244599103928,
              1.338847610477855
            ]
          ]
        ]
      },
      "properties": {
        "id": "0e07304105"
      }
    },
    {
      "type": "Feature",
      "geometry": {
        "type": "Polygon",
        "coordinates": [
          [
            [
              103.88648808002472,
              1.3386786774360178
            ],
            [
              103.88646394014359,
              1.338686721866859
            ],
            [
              103.88605087995529,
              1.3384614777934345
            ],
            [
              103.8849726319313,
              1.3382308707445687
            ],
            [
              103.88494580984116,
              1.3383005891569812
            ],
            [
              103.8832238316536,
              1.3379895377632294
            ],
            [
              103.88315409421921,
              1.338305952111698
            ],
            [
              103.88244599103928,
              1.338836884570775
            ],
            [
              103.88648808002472,
              1.3386786774360178
            ]
          ]
        ]
      },
      "properties": {
        "id": "1c6c7f94da"
      }
    },
    {
      "type": "Feature",
      "geometry": {
        "type": "Polygon",
        "coordinates": [
          [
            [
              103.88732761144638,
              1.3372065461493172
            ],
            [
              103.88722032308578,
              1.3374693310339356
            ],
            [
              103.8864853978157,
              1.3386759959590537
            ],
            [
              103.88732761144638,
              1.3372065461493172
            ]
          ]
        ]
      },
      "properties": {
        "id": "cada718353"
      }
    },
    {
      "type": "Feature",
      "geometry": {
        "type": "Polygon",
        "coordinates": [
          [
            [
              103.88821810483932,
              1.3349219253554379
            ],
            [
              103.88732761144638,
              1.3372011831922976
            ],
            [
              103.88821810483932,
              1.3349219253554379
            ]
          ]
        ]
      },
      "properties": {
        "id": "405e56e0ea"
      }
    },
    {
      "type": "Feature",
      "geometry": {
        "type": "Polygon",
        "coordinates": [
          [
            [
              103.88885110616684,
              1.3333666658537868
            ],
            [
              103.8886633515358,
              1.3339619549515886
            ],
            [
              103.88820737600327,
              1.3349380142416867
            ],
            [
              103.88885110616684,
              1.3333666658537868
            ]
          ]
        ]
      },
      "properties": {
        "id": "f206ea029a"
      }
    },
    {
      "type": "Feature",
      "geometry": {
        "type": "Polygon",
        "coordinates": [
          [
            [
              103.89058381319046,
              1.333983406808279
            ],
            [
              103.8894733786583,
              1.3335168288830228
            ],
            [
              103.88885378837585,
              1.3333559399189217
            ],
            [
              103.88859629631042,
              1.3331843250163802
            ],
            [
              103.89058381319046,
              1.333983406808279
            ]
          ]
        ]
      },
      "properties": {
        "id": "0edd7fa254"
      }
    },
    {
      "type": "Feature",
      "geometry": {
        "type": "Polygon",
        "coordinates": [
          [
            [
              103.89217168092728,
              1.3347717624119624
            ],
            [
              103.89055162668228,
              1.3339673179157836
            ],
            [
              103.89217168092728,
              1.3347717624119624
            ]
          ]
        ]
      },
      "properties": {
        "id": "6a0338b8a3"
      }
    },
    {
      "type": "Feature",
      "geometry": {
        "type": "Polygon",
        "coordinates": [
          [
            [
              103.89434963464737,
              1.3360856878563814
            ],
            [
              103.8935449719429,
              1.3355601177629188
            ],
            [
              103.89276176691055,
              1.3350667253279884
            ],
            [
              103.89218240976334,
              1.334771762411988
            ],
            [
              103.89434963464737,
              1.3360856878563814
            ]
          ]
        ]
      },
      "properties": {
        "id": "b06593a075"
      }
    },
    {
      "type": "Feature",
      "geometry": {
        "type": "Polygon",
        "coordinates": [
          [
            [
              103.89624863862991,
              1.337978811852778
            ],
            [
              103.8960126042366,
              1.3376570345059937
            ],
            [
              103.89577120542526,
              1.337356708944108
            ],
            [
              103.89542788267136,
              1.3369652130673706
            ],
            [
              103.89510065317154,
              1.3366434355877026
            ],
            [
              103.8943549990654,
              1.3360803248968174
            ],
            [
              103.89624863862991,
              1.337978811852778
            ]
          ]
        ]
      },
      "properties": {
        "id": "25e37320e9"
      }
    },
    {
      "type": "Feature",
      "geometry": {
        "type": "Polygon",
        "coordinates": [
          [
            [
              103.89924198389053,
              1.3446395934365465
            ],
            [
              103.8990917801857,
              1.3455405673299432
            ],
            [
              103.90437036752701,
              1.348929942326453
            ],
            [
              103.90977770090103,
              1.3587119094693154
            ],
            [
              103.89924198389053,
              1.3446395934365465
            ]
          ]
        ]
      },
      "properties": {
        "id": "1bd4322342"
      }
    },
    {
      "type": "Feature",
      "geometry": {
        "type": "Polygon",
        "coordinates": [
          [
            [
              103.89827638864517,
              1.3405208514077214
            ],
            [
              103.89884501695633,
              1.341722151882766
            ],
            [
              103.89928489923477,
              1.3425265938354172
            ],
            [
              103.89947801828384,
              1.3431272436541304
            ],
            [
              103.89945656061172,
              1.343363213185375
            ],
            [
              103.8992527127266,
              1.3438673298348724
            ],
            [
              103.8992527127266,
              1.3446610451997794
            ],
            [
              103.89827638864517,
              1.3405208514077214
            ]
          ]
        ]
      },
      "properties": {
        "id": "d136a3302b"
      }
    },
    {
      "type": "Feature",
      "geometry": {
        "type": "Polygon",
        "coordinates": [
          [
            [
              103.89767557382584,
              1.3401132671840554
            ],
            [
              103.89827370643616,
              1.3405315773138473
            ],
            [
              103.8998293876648,
              1.3396735051888073
            ],
            [
              103.90099883079529,
              1.3391801135808212
            ],
            [
              103.89767557382584,
              1.3401132671840554
            ]
          ]
        ]
      },
      "properties": {
        "id": "7309eafba2"
      }
    },
    {
      "type": "Feature",
      "geometry": {
        "type": "Polygon",
        "coordinates": [
          [
            [
              103.89623790979385,
              1.337968085941894
            ],
            [
              103.89687091112137,
              1.3387081736825457
            ],
            [
              103.89766484498978,
              1.3401025412825096
            ],
            [
              103.89623790979385,
              1.337968085941894
            ]
          ]
        ]
      },
      "properties": {
        "id": "8194fd9d2e"
      }
    },
    {
      "type": "Feature",
      "geometry": {
        "type": "Polygon",
        "coordinates": [
          [
            [
              103.90977770090103,
              1.3586261029117743
            ],
            [
              103.91990572214127,
              1.3752725177823026
            ],
            [
              103.92012029886246,
              1.3754441297043718
            ],
            [
              103.92170816659927,
              1.3789621713873015
            ],
            [
              103.92758756875992,
              1.3847326065403898
            ],
            [
              103.90977770090103,
              1.3586261029117743
            ]
          ]
        ]
      },
      "properties": {
        "id": "f59e26400f"
      }
    },
    {
      "type": "Feature",
      "geometry": {
        "type": "Polygon",
        "coordinates": [
          [
            [
              103.92604261636734,
              1.391639949100908
            ],
            [
              103.92602115869522,
              1.3913610816247655
            ],
            [
              103.92363935709,
              1.3882935372127803
            ],
            [
              103.9235320687294,
              1.3880146693414601
            ],
            [
              103.92763048410416,
              1.384711155134575
            ],
            [
              103.92604261636734,
              1.391639949100908
            ]
          ]
        ]
      },
      "properties": {
        "id": "1ece695d84"
      }
    },
    {
      "type": "Feature",
      "geometry": {
        "type": "Polygon",
        "coordinates": [
          [
            [
              103.92250210046768,
              1.3959087625009043
            ],
            [
              103.92305999994278,
              1.3954582850702857
            ],
            [
              103.92288833856583,
              1.3950292588656914
            ],
            [
              103.92602115869522,
              1.391725754471568
            ],
            [
              103.92603188753128,
              1.391650674772436
            ],
            [
              103.92250210046768,
              1.3959087625009043
            ]
          ]
        ]
      },
      "properties": {
        "id": "5ac9c1d57a"
      }
    },
    {
      "type": "Feature",
      "geometry": {
        "type": "Polygon",
        "coordinates": [
          [
            [
              103.87681871652603,
              1.3700812513116614
            ],
            [
              103.8782349228859,
              1.3698131070764417
            ],
            [
              103.87681871652603,
              1.3700812513116614
            ]
          ]
        ]
      },
      "properties": {
        "id": "11b1f9f61f"
      }
    },
    {
      "type": "Feature",
      "geometry": {
        "type": "Polygon",
        "coordinates": [
          [
            [
              103.87643247842789,
              1.3691481092436122
            ],
            [
              103.87660413980484,
              1.3701348801551125
            ],
            [
              103.87680798768997,
              1.370091977080451
            ],
            [
              103.87643247842789,
              1.3691481092436122
            ]
          ]
        ]
      },
      "properties": {
        "id": "b4f6900e40"
      }
    },
    {
      "type": "Feature",
      "geometry": {
        "type": "Polygon",
        "coordinates": [
          [
            [
              103.85179907083511,
              1.392567719506556
            ],
            [
              103.85144501924515,
              1.3925838080074615
            ],
            [
              103.85144501924515,
              1.3922942149743673
            ],
            [
              103.85179907083511,
              1.392567719506556
            ]
          ]
        ]
      },
      "properties": {
        "id": "9dce77445a"
      }
    },
    {
      "type": "Feature",
      "geometry": {
        "type": "Polygon",
        "coordinates": [
          [
            [
              103.80362123250961,
              1.36374767647253
            ],
            [
              103.80452245473862,
              1.3639621924049674
            ],
            [
              103.80593866109848,
              1.3660215443829968
            ],
            [
              103.80941480398178,
              1.3665792852400833
            ],
            [
              103.81207555532455,
              1.3686386349745876
            ],
            [
              103.8113459944725,
              1.370054436891386
            ],
            [
              103.80362123250961,
              1.36374767647253
            ]
          ]
        ]
      },
      "properties": {
        "id": "2b1fb07b9d"
      }
    },
    {
      "type": "Feature",
      "geometry": {
        "type": "Polygon",
        "coordinates": [
          [
            [
              103.81911367177963,
              1.383440158996277
            ],
            [
              103.8173970580101,
              1.3802653470967263
            ],
            [
              103.8145861029625,
              1.3817240449829418
            ],
            [
              103.81151765584946,
              1.3815309820788222
            ],
            [
              103.80844920873642,
              1.3786135851747496
            ],
            [
              103.80971521139145,
              1.3762110203342994
            ],
            [
              103.81003707647324,
              1.3762324718168166
            ],
            [
              103.81911367177963,
              1.383440158996277
            ]
          ]
        ]
      },
      "properties": {
        "id": "01bba7942e"
      }
    },
    {
      "type": "Feature",
      "geometry": {
        "type": "Polygon",
        "coordinates": [
          [
            [
              103.81799787282944,
              1.3908837891402033
            ],
            [
              103.81632417440414,
              1.38667932081273
            ],
            [
              103.81722539663315,
              1.3862717444039283
            ],
            [
              103.81857722997665,
              1.38667932081273
            ],
            [
              103.81926387548447,
              1.3850919175620051
            ],
            [
              103.81913512945175,
              1.3834616104138473
            ],
            [
              103.81799787282944,
              1.3908837891402033
            ]
          ]
        ]
      },
      "properties": {
        "id": "7562161edb"
      }
    },
    {
      "type": "Feature",
      "geometry": {
        "type": "Polygon",
        "coordinates": [
          [
            [
              103.8111099600792,
              1.3739157105916144
            ],
            [
              103.81149619817734,
              1.3736582925389362
            ],
            [
              103.81239742040634,
              1.370955401312506
            ],
            [
              103.81136745214462,
              1.370140243041842
            ],
            [
              103.8111099600792,
              1.3739157105916144
            ]
          ]
        ]
      },
      "properties": {
        "id": "9e69bfc15e"
      }
    },
    {
      "type": "Feature",
      "geometry": {
        "type": "Polygon",
        "coordinates": [
          [
            [
              103.81035894155502,
              1.3757819906436137
            ],
            [
              103.81072372198105,
              1.3741087741129145
            ],
            [
              103.81113141775131,
              1.373894259088271
            ],
            [
              103.81035894155502,
              1.3757819906436137
            ]
          ]
        ]
      },
      "properties": {
        "id": "4737883bf7"
      }
    },
    {
      "type": "Feature",
      "geometry": {
        "type": "Polygon",
        "coordinates": [
          [
            [
              103.81005853414536,
              1.376275374781253
            ],
            [
              103.8103374838829,
              1.3759750540139646
            ],
            [
              103.8103374838829,
              1.3758034421299856
            ],
            [
              103.81005853414536,
              1.376275374781253
            ]
          ]
        ]
      },
      "properties": {
        "id": "d084b6e423"
      }
    },
    {
      "type": "Feature",
      "geometry": {
        "type": "Polygon",
        "coordinates": [
          [
            [
              103.86003345251083,
              1.3662789632572252
            ],
            [
              103.86074155569077,
              1.3682096039266576
            ],
            [
              103.86084884405136,
              1.369196375224481
            ],
            [
              103.86003345251083,
              1.3662789632572252
            ]
          ]
        ]
      },
      "properties": {
        "id": "c1c7ddf451"
      }
    },
    {
      "type": "Feature",
      "geometry": {
        "type": "Polygon",
        "coordinates": [
          [
            [
              103.85693281888962,
              1.3572692863197482
            ],
            [
              103.8568577170372,
              1.3567329949651434
            ],
            [
              103.85664314031601,
              1.3549525068155293
            ],
            [
              103.85674506425858,
              1.3535259701883335
            ],
            [
              103.85897666215897,
              1.346704324790013
            ],
            [
              103.85693281888962,
              1.3572692863197482
            ]
          ]
        ]
      },
      "properties": {
        "id": "32be10a045"
      }
    },
    {
      "type": "Feature",
      "geometry": {
        "type": "Polygon",
        "coordinates": [
          [
            [
              103.85767310857773,
              1.359543160341498
            ],
            [
              103.86007636785507,
              1.3663647695422183
            ],
            [
              103.85767310857773,
              1.359543160341498
            ]
          ]
        ]
      },
      "properties": {
        "id": "0944397c23"
      }
    },
    {
      "type": "Feature",
      "geometry": {
        "type": "Polygon",
        "coordinates": [
          [
            [
              103.85692209005356,
              1.3572478346678345
            ],
            [
              103.85769456624985,
              1.3595860636043595
            ],
            [
              103.85692209005356,
              1.3572478346678345
            ]
          ]
        ]
      },
      "properties": {
        "id": "da92e14b50"
      }
    },
    {
      "type": "Feature",
      "geometry": {
        "type": "Polygon",
        "coordinates": [
          [
            [
              103.84807080030441,
              1.3922781264744413
            ],
            [
              103.84700864553452,
              1.3918061970078126
            ],
            [
              103.8450238108635,
              1.3906263729281247
            ],
            [
              103.84201973676682,
              1.3882452716261222
            ],
            [
              103.84807080030441,
              1.3922781264744413
            ]
          ]
        ]
      },
      "properties": {
        "id": "a07daf26dd"
      }
    },
    {
      "type": "Feature",
      "geometry": {
        "type": "Polygon",
        "coordinates": [
          [
            [
              103.84807080030441,
              1.3922781264744413
            ],
            [
              103.85010927915573,
              1.3926427991794037
            ],
            [
              103.85139673948288,
              1.3925998965111535
            ],
            [
              103.85142892599106,
              1.3925891708439762
            ],
            [
              103.84807080030441,
              1.3922781264744413
            ]
          ]
        ]
      },
      "properties": {
        "id": "4f9d113136"
      }
    },
    {
      "type": "Feature",
      "geometry": {
        "type": "Polygon",
        "coordinates": [
          [
            [
              103.86022925376892,
              1.3434382943899017
            ],
            [
              103.86128067970276,
              1.3436742638911092
            ],
            [
              103.86022925376892,
              1.3434382943899017
            ]
          ]
        ]
      },
      "properties": {
        "id": "aea9510038"
      }
    },
    {
      "type": "Feature",
      "geometry": {
        "type": "Polygon",
        "coordinates": [
          [
            [
              103.86067986488342,
              1.3485867146878492
            ],
            [
              103.86059403419495,
              1.347535579760442
            ],
            [
              103.86128067970276,
              1.3437171674343302
            ],
            [
              103.86067986488342,
              1.3485867146878492
            ]
          ]
        ]
      },
      "properties": {
        "id": "5bee91d59a"
      }
    },
    {
      "type": "Feature",
      "geometry": {
        "type": "Polygon",
        "coordinates": [
          [
            [
              103.86638760566711,
              1.349015749221642
            ],
            [
              103.86372685432434,
              1.349530590562344
            ],
            [
              103.86067986488342,
              1.3486296181446356
            ],
            [
              103.86638760566711,
              1.349015749221642
            ]
          ]
        ]
      },
      "properties": {
        "id": "8faa0b99dd"
      }
    },
    {
      "type": "Feature",
      "geometry": {
        "type": "Polygon",
        "coordinates": [
          [
            [
              103.86870503425598,
              1.3494233319586786
            ],
            [
              103.86679530143738,
              1.3489513940464049
            ],
            [
              103.86640906333923,
              1.3489942974967664
            ],
            [
              103.86870503425598,
              1.3494233319586786
            ]
          ]
        ]
      },
      "properties": {
        "id": "81652598cf"
      }
    },
    {
      "type": "Feature",
      "geometry": {
        "type": "Polygon",
        "coordinates": [
          [
            [
              103.87222409248352,
              1.3480933248804767
            ],
            [
              103.86887669563293,
              1.3494447836797883
            ],
            [
              103.86864066123962,
              1.3494018802373908
            ],
            [
              103.87222409248352,
              1.3480933248804767
            ]
          ]
        ]
      },
      "properties": {
        "id": "a39c6aa077"
      }
    },
    {
      "type": "Feature",
      "geometry": {
        "type": "Polygon",
        "coordinates": [
          [
            [
              103.86497139930725,
              1.3705746366198084
            ],
            [
              103.86402726173401,
              1.3701885089911086
            ],
            [
              103.86186003684998,
              1.3695020597197425
            ],
            [
              103.86083006858826,
              1.3692446411922838
            ],
            [
              103.86497139930725,
              1.3705746366198084
            ]
          ]
        ]
      },
      "properties": {
        "id": "8aa2bc6056"
      }
    },
    {
      "type": "Feature",
      "geometry": {
        "type": "Polygon",
        "coordinates": [
          [
            [
              103.86739611625671,
              1.371733019132282
            ],
            [
              103.866366147995,
              1.3714326977939821
            ],
            [
              103.86499285697937,
              1.3705746366198084
            ],
            [
              103.86739611625671,
              1.371733019132282
            ]
          ]
        ]
      },
      "properties": {
        "id": "acfeb5c6fb"
      }
    },
    {
      "type": "Feature",
      "geometry": {
        "type": "Polygon",
        "coordinates": [
          [
            [
              103.87640833854675,
              1.3692446411923092
            ],
            [
              103.87539982795715,
              1.3695235112624613
            ],
            [
              103.87389779090881,
              1.3704459274171712
            ],
            [
              103.8726532459259,
              1.3707677004108323
            ],
            [
              103.86896252632141,
              1.3716686645629788
            ],
            [
              103.86743903160095,
              1.3717544706550142
            ],
            [
              103.87640833854675,
              1.3692446411923092
            ]
          ]
        ]
      },
      "properties": {
        "id": "3398285403"
      }
    },
    {
      "type": "Feature",
      "geometry": {
        "type": "Polygon",
        "coordinates": [
          [
            [
              103.88140797615051,
              1.3211927041671987
            ],
            [
              103.88123631477356,
              1.3229088609807238
            ],
            [
              103.88102173805237,
              1.323809842832708
            ],
            [
              103.88057112693787,
              1.325483093974763
            ],
            [
              103.88003468513489,
              1.3270490844039868
            ],
            [
              103.88140797615051,
              1.3211927041671987
            ]
          ]
        ]
      },
      "properties": {
        "id": "1fe68b35e7"
      }
    },
    {
      "type": "Feature",
      "geometry": {
        "type": "Polygon",
        "coordinates": [
          [
            [
              103.87308239936829,
              1.3224154660183465
            ],
            [
              103.87095808982849,
              1.3253972862513832
            ],
            [
              103.86937022209167,
              1.3269418248171612
            ],
            [
              103.86825442314148,
              1.3277355456494797
            ],
            [
              103.87308239936829,
              1.3224154660183465
            ]
          ]
        ]
      },
      "properties": {
        "id": "d1f38e5bf0"
      }
    },
    {
      "type": "Feature",
      "geometry": {
        "type": "Polygon",
        "coordinates": [
          [
            [
              103.87303948402405,
              1.3225227258011198
            ],
            [
              103.8748848438263,
              1.3201630095099375
            ],
            [
              103.8756787776947,
              1.319605258059174
            ],
            [
              103.87773871421814,
              1.3195194501325693
            ],
            [
              103.87855410575867,
              1.3195194501325693
            ],
            [
              103.8797128200531,
              1.319819777862728
            ],
            [
              103.88145089149475,
              1.3206349529474835
            ],
            [
              103.88140797615051,
              1.3212141561346868
            ],
            [
              103.87303948402405,
              1.3225227258011198
            ]
          ]
        ]
      },
      "properties": {
        "id": "d4b1d40c63"
      }
    },
    {
      "type": "Feature",
      "geometry": {
        "type": "Polygon",
        "coordinates": [
          [
            [
              103.88005882501602,
              1.3270008175982222
            ],
            [
              103.87988716363907,
              1.3275585673855939
            ],
            [
              103.88260960578918,
              1.3273601371796897
            ],
            [
              103.88477683067322,
              1.3272099737757717
            ],
            [
              103.88462662696838,
              1.3257190651990045
            ],
            [
              103.88432621955872,
              1.3247215503261454
            ],
            [
              103.88418674468994,
              1.3243997712492026
            ],
            [
              103.88439059257507,
              1.3243354154288092
            ],
            [
              103.88005882501602,
              1.3270008175982222
            ]
          ]
        ]
      },
      "properties": {
        "id": "98a84ca95e"
      }
    },
    {
      "type": "Feature",
      "geometry": {
        "type": "Polygon",
        "coordinates": [
          [
            [
              103.88508796691895,
              1.3239385544994102
            ],
            [
              103.88434767723083,
              1.3243568673691228
            ],
            [
              103.88508796691895,
              1.3239385544994102
            ]
          ]
        ]
      },
      "properties": {
        "id": "5eed7869ff"
      }
    },
    {
      "type": "Feature",
      "geometry": {
        "type": "Polygon",
        "coordinates": [
          [
            [
              103.88530254364014,
              1.3224261919971163
            ],
            [
              103.885098695755,
              1.3239278285274723
            ],
            [
              103.88530254364014,
              1.3224261919971163
            ]
          ]
        ]
      },
      "properties": {
        "id": "bc6079ec72"
      }
    },
    {
      "type": "Feature",
      "geometry": {
        "type": "Polygon",
        "coordinates": [
          [
            [
              103.88534545898438,
              1.3220507827225314
            ],
            [
              103.88530254364014,
              1.3224476439539432
            ],
            [
              103.88534545898438,
              1.3220507827225314
            ]
          ]
        ]
      },
      "properties": {
        "id": "8a216339ca"
      }
    },
    {
      "type": "Feature",
      "geometry": {
        "type": "Polygon",
        "coordinates": [
          [
            [
              103.88876795768738,
              1.3332701324691456
            ],
            [
              103.8906991481781,
              1.3234237077936848
            ],
            [
              103.88876795768738,
              1.3332701324691456
            ]
          ]
        ]
      },
      "properties": {
        "id": "5a92c91c56"
      }
    },
    {
      "type": "Feature",
      "geometry": {
        "type": "Polygon",
        "coordinates": [
          [
            [
              103.86990666389465,
              1.3154435702133704
            ],
            [
              103.87237429618835,
              1.317116826987272
            ],
            [
              103.87282490730286,
              1.318811534625874
            ],
            [
              103.87359738349915,
              1.319176218397271
            ],
            [
              103.8746702671051,
              1.3192191223668646
            ],
            [
              103.87539982795715,
              1.3197125179640805
            ],
            [
              103.87545347213745,
              1.319755421924425
            ],
            [
              103.86990666389465,
              1.3154435702133704
            ]
          ]
        ]
      },
      "properties": {
        "id": "da7e8469b7"
      }
    },
    {
      "type": "Feature",
      "geometry": {
        "type": "Polygon",
        "coordinates": [
          [
            [
              103.86941313743591,
              1.3139419285634282
            ],
            [
              103.86988520622253,
              1.3154006661787792
            ],
            [
              103.86990666389465,
              1.315454296221923
            ],
            [
              103.86941313743591,
              1.3139419285634282
            ]
          ]
        ]
      },
      "properties": {
        "id": "3f1eb0e1be"
      }
    },
    {
      "type": "Feature",
      "geometry": {
        "type": "Polygon",
        "coordinates": [
          [
            [
              103.86925220489502,
              1.3135343399598076
            ],
            [
              103.86942386627197,
              1.3139741066082706
            ],
            [
              103.86925220489502,
              1.3135343399598076
            ]
          ]
        ]
      },
      "properties": {
        "id": "d4999e3a62"
      }
    },
    {
      "type": "Feature",
      "geometry": {
        "type": "Polygon",
        "coordinates": [
          [
            [
              103.86941313743591,
              1.3125689982649695
            ],
            [
              103.8692307472229,
              1.313545065976553
            ],
            [
              103.86941313743591,
              1.3125689982649695
            ]
          ]
        ]
      },
      "properties": {
        "id": "5a905241ce"
      }
    },
    {
      "type": "Feature",
      "geometry": {
        "type": "Polygon",
        "coordinates": [
          [
            [
              103.87077569961548,
              1.3107348480185435
            ],
            [
              103.87053966522217,
              1.3112067932396936
            ],
            [
              103.86970281600952,
              1.3120005190927724
            ],
            [
              103.86941313743591,
              1.3125582722442801
            ],
            [
              103.87077569961548,
              1.3107348480185435
            ]
          ]
        ]
      },
      "properties": {
        "id": "b205d3f32b"
      }
    },
    {
      "type": "Feature",
      "geometry": {
        "type": "Polygon",
        "coordinates": [
          [
            [
              103.87044310569763,
              1.309984025892522
            ],
            [
              103.87078642845154,
              1.310734848018569
            ],
            [
              103.87044310569763,
              1.309984025892522
            ]
          ]
        ]
      },
      "properties": {
        "id": "1c07ead790"
      }
    },
    {
      "type": "Feature",
      "geometry": {
        "type": "Polygon",
        "coordinates": [
          [
            [
              103.87068450450897,
              1.307828092538449
            ],
            [
              103.87072741985321,
              1.3085574632341272
            ],
            [
              103.87042701244354,
              1.3099518477972105
            ],
            [
              103.87068450450897,
              1.307828092538449
            ]
          ]
        ]
      },
      "properties": {
        "id": "a5b1b4b0d1"
      }
    },
    {
      "type": "Feature",
      "geometry": {
        "type": "Polygon",
        "coordinates": [
          [
            [
              103.86883914470673,
              1.3055541707742577
            ],
            [
              103.8698261976242,
              1.3068627486447408
            ],
            [
              103.87012660503387,
              1.3070343653640788
            ],
            [
              103.87066304683685,
              1.3078066404559519
            ],
            [
              103.86883914470673,
              1.3055541707742577
            ]
          ]
        ]
      },
      "properties": {
        "id": "3056ec8911"
      }
    },
    {
      "type": "Feature",
      "geometry": {
        "type": "Polygon",
        "coordinates": [
          [
            [
              103.86943995952606,
              1.3042670443355557
            ],
            [
              103.86883914470673,
              1.3055327186723467
            ],
            [
              103.86943995952606,
              1.3042670443355557
            ]
          ]
        ]
      },
      "properties": {
        "id": "e7c3d3d2ec"
      }
    },
    {
      "type": "Feature",
      "geometry": {
        "type": "Polygon",
        "coordinates": [
          [
            [
              103.87207925319672,
              1.302207640664569
            ],
            [
              103.8718432188034,
              1.3031086299778294
            ],
            [
              103.87188613414764,
              1.304095427427293
            ],
            [
              103.87102782726288,
              1.3043743048972598
            ],
            [
              103.86946141719818,
              1.3042884964482553
            ],
            [
              103.87207925319672,
              1.302207640664569
            ]
          ]
        ]
      },
      "properties": {
        "id": "b6aeced7c9"
      }
    },
    {
      "type": "Feature",
      "geometry": {
        "type": "Polygon",
        "coordinates": [
          [
            [
              103.88945996761322,
              1.3063049942258964
            ],
            [
              103.88488948345184,
              1.3055327186723467
            ],
            [
              103.88411700725555,
              1.3051680329118052
            ],
            [
              103.88141334056854,
              1.3024007098302468
            ],
            [
              103.88945996761322,
              1.3063049942258964
            ]
          ]
        ]
      },
      "properties": {
        "id": "e9b815948e"
      }
    },
    {
      "type": "Feature",
      "geometry": {
        "type": "Polygon",
        "coordinates": [
          [
            [
              103.87544810771942,
              1.2990541755333451
            ],
            [
              103.87677848339081,
              1.299075627690407
            ],
            [
              103.87836635112762,
              1.2996333837099356
            ],
            [
              103.88139188289642,
              1.3023792577014537
            ],
            [
              103.87544810771942,
              1.2990541755333451
            ]
          ]
        ]
      },
      "properties": {
        "id": "c332545684"
      }
    },
    {
      "type": "Feature",
      "geometry": {
        "type": "Polygon",
        "coordinates": [
          [
            [
              103.87207925319672,
              1.3021861885341348
            ],
            [
              103.87272298336029,
              1.3007703475220727
            ],
            [
              103.87358129024506,
              1.299826453072617
            ],
            [
              103.87495458126068,
              1.2992043406289238
            ],
            [
              103.8754266500473,
              1.2990541755333451
            ],
            [
              103.87207925319672,
              1.3021861885341348
            ]
          ]
        ]
      },
      "properties": {
        "id": "416d1d8fbf"
      }
    },
    {
      "type": "Feature",
      "geometry": {
        "type": "Polygon",
        "coordinates": [
          [
            [
              103.88894498348236,
              1.3109600946133082
            ],
            [
              103.88973891735077,
              1.3082785862284576
            ],
            [
              103.8899964094162,
              1.3070129132748136
            ],
            [
              103.88978183269501,
              1.3066053235437498
            ],
            [
              103.88950288295746,
              1.3063478984163603
            ],
            [
              103.88894498348236,
              1.3109600946133082
            ]
          ]
        ]
      },
      "properties": {
        "id": "4f459f5bcd"
      }
    },
    {
      "type": "Feature",
      "geometry": {
        "type": "Polygon",
        "coordinates": [
          [
            [
              103.88875186443329,
              1.3116787383733148
            ],
            [
              103.88894498348236,
              1.3109708206416817
            ],
            [
              103.88875186443329,
              1.3116787383733148
            ]
          ]
        ]
      },
      "properties": {
        "id": "0cfa0fa5f2"
      }
    },
    {
      "type": "Feature",
      "geometry": {
        "type": "Polygon",
        "coordinates": [
          [
            [
              103.89404118061066,
              1.3143602431158323
            ],
            [
              103.89404118061066,
              1.314070640742263
            ],
            [
              103.89404118061066,
              1.3143602431158323
            ]
          ]
        ]
      },
      "properties": {
        "id": "e35c86c6a1"
      }
    },
    {
      "type": "Feature",
      "geometry": {
        "type": "Polygon",
        "coordinates": [
          [
            [
              103.8920670747757,
              1.3136094220780057
            ],
            [
              103.89151990413666,
              1.3124295599913383
            ],
            [
              103.89121949672699,
              1.3122150395521313
            ],
            [
              103.8920670747757,
              1.3136094220780057
            ]
          ]
        ]
      },
      "properties": {
        "id": "24e25706b8"
      }
    },
    {
      "type": "Feature",
      "geometry": {
        "type": "Polygon",
        "coordinates": [
          [
            [
              103.8936334848404,
              1.3141671748705053
            ],
            [
              103.89398753643036,
              1.3141135447997163
            ],
            [
              103.89403581619263,
              1.3140813667566933
            ],
            [
              103.8936334848404,
              1.3141671748705053
            ]
          ]
        ]
      },
      "properties": {
        "id": "582a1f5a54"
      }
    },
    {
      "type": "Feature",
      "geometry": {
        "type": "Polygon",
        "coordinates": [
          [
            [
              103.89242112636566,
              1.3137220452480642
            ],
            [
              103.89208316802979,
              1.3136576891514968
            ],
            [
              103.89206171035767,
              1.3136040590697793
            ],
            [
              103.89242112636566,
              1.3137220452480642
            ]
          ]
        ]
      },
      "properties": {
        "id": "69acca44ab"
      }
    },
    {
      "type": "Feature",
      "geometry": {
        "type": "Polygon",
        "coordinates": [
          [
            [
              103.89242649078369,
              1.3137274082560235
            ],
            [
              103.89279127120972,
              1.3138882984898275
            ],
            [
              103.89303267002106,
              1.314065277735029
            ],
            [
              103.89321506023407,
              1.3141349968281821
            ],
            [
              103.89362812042236,
              1.3141671748705053
            ],
            [
              103.89242649078369,
              1.3137274082560235
            ]
          ]
        ]
      },
      "properties": {
        "id": "16dbde893e"
      }
    },
    {
      "type": "Feature",
      "geometry": {
        "type": "Polygon",
        "coordinates": [
          [
            [
              103.89789283275604,
              1.316194390701521
            ],
            [
              103.89737784862518,
              1.3160764046401023
            ],
            [
              103.89789283275604,
              1.316194390701521
            ]
          ]
        ]
      },
      "properties": {
        "id": "7ec81b1ed4"
      }
    },
    {
      "type": "Feature",
      "geometry": {
        "type": "Polygon",
        "coordinates": [
          [
            [
              103.89737248420715,
              1.3160764046401787
            ],
            [
              103.89724910259247,
              1.3160656786343234
            ],
            [
              103.89535009860992,
              1.3156741793888187
            ],
            [
              103.89399290084839,
              1.315443570215457
            ],
            [
              103.89737248420715,
              1.3160764046401787
            ]
          ]
        ]
      },
      "properties": {
        "id": "dcb123bc87"
      }
    },
    {
      "type": "Feature",
      "geometry": {
        "type": "Polygon",
        "coordinates": [
          [
            [
              103.86663973331451,
              1.2985875910740592
            ],
            [
              103.86618912220001,
              1.2982014521446195
            ],
            [
              103.86663973331451,
              1.2985875910740592
            ]
          ]
        ]
      },
      "properties": {
        "id": "65c9749faa"
      }
    },
    {
      "type": "Feature",
      "geometry": {
        "type": "Polygon",
        "coordinates": [
          [
            [
              103.7337738275528,
              1.333661628938675
            ],
            [
              103.73323738574982,
              1.336643435588097
            ],
            [
              103.73190701007843,
              1.3393892687249702
            ],
            [
              103.7337738275528,
              1.333661628938675
            ]
          ]
        ]
      },
      "properties": {
        "id": "a7d504dfcb"
      }
    },
    {
      "type": "Feature",
      "geometry": {
        "type": "Polygon",
        "coordinates": [
          [
            [
              103.73379528522491,
              1.3336401770791857
            ],
            [
              103.73345196247101,
              1.332889361879
            ],
            [
              103.73094141483307,
              1.3346055105714114
            ],
            [
              103.72958958148956,
              1.334348088343848
            ],
            [
              103.72886002063751,
              1.3346055105714114
            ],
            [
              103.72886002063751,
              1.333168236122943
            ],
            [
              103.72853815555573,
              1.33269629507622
            ],
            [
              103.73379528522491,
              1.3336401770791857
            ]
          ]
        ]
      },
      "properties": {
        "id": "c36d95aef2"
      }
    },
    {
      "type": "Feature",
      "geometry": {
        "type": "Polygon",
        "coordinates": [
          [
            [
              103.72798025608063,
              1.3435294644327271
            ],
            [
              103.72997581958771,
              1.343014621824752
            ],
            [
              103.73081266880035,
              1.3403760517574501
            ],
            [
              103.72798025608063,
              1.3435294644327271
            ]
          ]
        ]
      },
      "properties": {
        "id": "9d1a35cca1"
      }
    },
    {
      "type": "Feature",
      "geometry": {
        "type": "Polygon",
        "coordinates": [
          [
            [
              103.73340904712677,
              1.336192947045905
            ],
            [
              103.73431026935577,
              1.3339190512382462
            ],
            [
              103.73416006565094,
              1.3315164420640313
            ],
            [
              103.73104870319366,
              1.3339190512382462
            ],
            [
              103.73340904712677,
              1.336192947045905
            ]
          ]
        ]
      },
      "properties": {
        "id": "c3b5107ce8"
      }
    },
    {
      "type": "Feature",
      "geometry": {
        "type": "Polygon",
        "coordinates": [
          [
            [
              103.72847378253937,
              1.3302507809320638
            ],
            [
              103.73006165027618,
              1.3339405030953053
            ],
            [
              103.73102724552155,
              1.3339619549521866
            ],
            [
              103.72847378253937,
              1.3302507809320638
            ]
          ]
        ]
      },
      "properties": {
        "id": "b1b6487842"
      }
    },
    {
      "type": "Feature",
      "geometry": {
        "type": "Polygon",
        "coordinates": [
          [
            [
              103.73250782489777,
              1.338177241196014
            ],
            [
              103.7333232164383,
              1.3371153758773646
            ],
            [
              103.73340904712677,
              1.3361822211272225
            ],
            [
              103.73250782489777,
              1.338177241196014
            ]
          ]
        ]
      },
      "properties": {
        "id": "c4c97dec42"
      }
    },
    {
      "type": "Feature",
      "geometry": {
        "type": "Polygon",
        "coordinates": [
          [
            [
              103.73098433017731,
              1.3295643203854788
            ],
            [
              103.7291818857193,
              1.3292854457339158
            ],
            [
              103.72853815555573,
              1.3295214165949887
            ],
            [
              103.72847378253937,
              1.3302722328210559
            ],
            [
              103.73098433017731,
              1.3295643203854788
            ]
          ]
        ]
      },
      "properties": {
        "id": "e17b1ea2be"
      }
    },
    {
      "type": "Feature",
      "geometry": {
        "type": "Polygon",
        "coordinates": [
          [
            [
              103.73398840427399,
              1.325853139752601
            ],
            [
              103.73257219791412,
              1.3292210900406556
            ],
            [
              103.73096287250519,
              1.3295857722805011
            ],
            [
              103.73398840427399,
              1.325853139752601
            ]
          ]
        ]
      },
      "properties": {
        "id": "1257966a44"
      }
    },
    {
      "type": "Feature",
      "geometry": {
        "type": "Polygon",
        "coordinates": [
          [
            [
              103.73235762119293,
              1.3195248131328825
            ],
            [
              103.73308718204498,
              1.321562750585244
            ],
            [
              103.73343050479889,
              1.3235577824714375
            ],
            [
              103.73405277729034,
              1.3252739376486309
            ],
            [
              103.7340098619461,
              1.3258745916797725
            ],
            [
              103.73235762119293,
              1.3195248131328825
            ]
          ]
        ]
      },
      "properties": {
        "id": "57d26603a1"
      }
    },
    {
      "type": "Feature",
      "geometry": {
        "type": "Polygon",
        "coordinates": [
          [
            [
              103.72720777988434,
              1.309849950493025
            ],
            [
              103.72810900211334,
              1.3133680866985664
            ],
            [
              103.73240053653717,
              1.3195462651147594
            ],
            [
              103.72720777988434,
              1.309849950493025
            ]
          ]
        ]
      },
      "properties": {
        "id": "4cecdf3253"
      }
    },
    {
      "type": "Feature",
      "geometry": {
        "type": "Polygon",
        "coordinates": [
          [
            [
              103.74055445194244,
              1.29895227778794
            ],
            [
              103.72965395450592,
              1.3016981525205784
            ],
            [
              103.72720777988434,
              1.309935758752074
            ],
            [
              103.74055445194244,
              1.29895227778794
            ]
          ]
        ]
      },
      "properties": {
        "id": "3a6fc4c4f2"
      }
    },
    {
      "type": "Feature",
      "geometry": {
        "type": "Polygon",
        "coordinates": [
          [
            [
              103.74317228794098,
              1.3010974926781054
            ],
            [
              103.7445455789566,
              1.3009258755539845
            ],
            [
              103.74317228794098,
              1.3010974926781054
            ]
          ]
        ]
      },
      "properties": {
        "id": "c92b59c247"
      }
    },
    {
      "type": "Feature",
      "geometry": {
        "type": "Polygon",
        "coordinates": [
          [
            [
              103.74068319797516,
              1.2989093734715391
            ],
            [
              103.74317228794098,
              1.3011403969573194
            ],
            [
              103.74068319797516,
              1.2989093734715391
            ]
          ]
        ]
      },
      "properties": {
        "id": "b436a244e0"
      }
    },
    {
      "type": "Feature",
      "geometry": {
        "type": "Polygon",
        "coordinates": [
          [
            [
              103.75111162662506,
              1.3077905513970753
            ],
            [
              103.75257074832916,
              1.3066321386627548
            ],
            [
              103.75626146793365,
              1.2979225739935687
            ],
            [
              103.75587522983551,
              1.2973219132532123
            ],
            [
              103.75111162662506,
              1.3077905513970753
            ]
          ]
        ]
      },
      "properties": {
        "id": "63ff098e6d"
      }
    },
    {
      "type": "Feature",
      "geometry": {
        "type": "Polygon",
        "coordinates": [
          [
            [
              103.75214159488678,
              1.321991789836003
            ],
            [
              103.748579621315,
              1.316414273803279
            ],
            [
              103.74699175357819,
              1.313110662266039
            ],
            [
              103.74716341495514,
              1.3102789917585125
            ],
            [
              103.74527513980865,
              1.3084341137962376
            ],
            [
              103.74540388584137,
              1.307919263890098
            ],
            [
              103.7471204996109,
              1.3077905513970753
            ],
            [
              103.74930918216705,
              1.3088631553039562
            ],
            [
              103.75124037265778,
              1.3077047430646955
            ],
            [
              103.75214159488678,
              1.321991789836003
            ]
          ]
        ]
      },
      "properties": {
        "id": "a7e16e7da0"
      }
    },
    {
      "type": "Feature",
      "geometry": {
        "type": "Polygon",
        "coordinates": [
          [
            [
              103.7355762720108,
              1.351380800736425
            ],
            [
              103.73218595981598,
              1.3513378973281993
            ],
            [
              103.7355762720108,
              1.351380800736425
            ]
          ]
        ]
      },
      "properties": {
        "id": "48245135a3"
      }
    },
    {
      "type": "Feature",
      "geometry": {
        "type": "Polygon",
        "coordinates": [
          [
            [
              103.73358070850372,
              1.3640587245658202
            ],
            [
              103.732550740242,
              1.36251420948751
            ],
            [
              103.73169243335724,
              1.3622567902114886
            ],
            [
              103.73358070850372,
              1.3640587245658202
            ]
          ]
        ]
      },
      "properties": {
        "id": "155897c771"
      }
    },
    {
      "type": "Feature",
      "geometry": {
        "type": "Polygon",
        "coordinates": [
          [
            [
              103.73027622699738,
              1.361463080603971
            ],
            [
              103.72982561588287,
              1.3539979072047468
            ],
            [
              103.7227874994278,
              1.3564433975806178
            ],
            [
              103.71699392795563,
              1.355671137728716
            ],
            [
              103.73027622699738,
              1.361463080603971
            ]
          ]
        ]
      },
      "properties": {
        "id": "bf7a18ef1c"
      }
    },
    {
      "type": "Feature",
      "geometry": {
        "type": "Polygon",
        "coordinates": [
          [
            [
              103.73362362384796,
              1.3641016277484046
            ],
            [
              103.73306572437286,
              1.3645735627051034
            ],
            [
              103.7319928407669,
              1.363114854357929
            ],
            [
              103.73027622699738,
              1.3615274354467382
            ],
            [
              103.73362362384796,
              1.3641016277484046
            ]
          ]
        ]
      },
      "properties": {
        "id": "6c4437aa8e"
      }
    },
    {
      "type": "Feature",
      "geometry": {
        "type": "Polygon",
        "coordinates": [
          [
            [
              103.73218595981598,
              1.3513164456239084
            ],
            [
              103.73328030109406,
              1.349600308658253
            ],
            [
              103.73566210269928,
              1.3471226337780622
            ],
            [
              103.73689591884613,
              1.3460393205926136
            ],
            [
              103.73733580112457,
              1.3457711736902063
            ],
            [
              103.73218595981598,
              1.3513164456239084
            ]
          ]
        ]
      },
      "properties": {
        "id": "8399cb9304"
      }
    },
    {
      "type": "Feature",
      "geometry": {
        "type": "Polygon",
        "coordinates": [
          [
            [
              103.87147843837738,
              1.2802781055659194
            ],
            [
              103.86950433254242,
              1.2824233362090667
            ],
            [
              103.87147843837738,
              1.2802781055659194
            ]
          ]
        ]
      },
      "properties": {
        "id": "7e0048f23d"
      }
    },
    {
      "type": "Feature",
      "geometry": {
        "type": "Polygon",
        "coordinates": [
          [
            [
              103.8578125834465,
              1.2685543884857777
            ],
            [
              103.85786086320877,
              1.2688922639694542
            ],
            [
              103.85839730501175,
              1.2693695800537323
            ],
            [
              103.85834902524948,
              1.2694553896775318
            ],
            [
              103.85823100805283,
              1.269562651703245
            ],
            [
              103.85543078184128,
              1.2711447660657842
            ],
            [
              103.85269492864609,
              1.2727376056477673
            ],
            [
              103.85162204504013,
              1.2727805104040517
            ],
            [
              103.8578125834465,
              1.2685543884857777
            ]
          ]
        ]
      },
      "properties": {
        "id": "af52158919"
      }
    },
    {
      "type": "Feature",
      "geometry": {
        "type": "Polygon",
        "coordinates": [
          [
            [
              103.86430084705353,
              1.306921741898178
            ],
            [
              103.86387169361115,
              1.3081552367785965
            ],
            [
              103.86379659175873,
              1.3086379085232944
            ],
            [
              103.86430084705353,
              1.306921741898178
            ]
          ]
        ]
      },
      "properties": {
        "id": "009fb931ab"
      }
    },
    {
      "type": "Feature",
      "geometry": {
        "type": "Polygon",
        "coordinates": [
          [
            [
              103.86971890926361,
              1.3086486345610315
            ],
            [
              103.86961162090302,
              1.3099357587538296
            ],
            [
              103.87036263942719,
              1.309957210818121
            ],
            [
              103.87040555477142,
              1.3099464847859943
            ],
            [
              103.86971890926361,
              1.3086486345610315
            ]
          ]
        ]
      },
      "properties": {
        "id": "a7f4871c77"
      }
    },
    {
      "type": "Feature",
      "geometry": {
        "type": "Polygon",
        "coordinates": [
          [
            [
              103.86581361293793,
              1.3060314799993389
            ],
            [
              103.86707961559296,
              1.3053021085700722
            ],
            [
              103.86789500713348,
              1.3058384111121888
            ],
            [
              103.8686352968216,
              1.307168440922769
            ],
            [
              103.86950433254242,
              1.3080479763782993
            ],
            [
              103.86972963809967,
              1.3086271824855573
            ],
            [
              103.86581361293793,
              1.3060314799993389
            ]
          ]
        ]
      },
      "properties": {
        "id": "2b6bf8b8a5"
      }
    },
    {
      "type": "Feature",
      "geometry": {
        "type": "Polygon",
        "coordinates": [
          [
            [
              103.86456906795502,
              1.3070933586134958
            ],
            [
              103.86445105075836,
              1.3072971534476991
            ],
            [
              103.86456906795502,
              1.3070933586134958
            ]
          ]
        ]
      },
      "properties": {
        "id": "40b550d0ad"
      }
    },
    {
      "type": "Feature",
      "geometry": {
        "type": "Polygon",
        "coordinates": [
          [
            [
              103.86580288410187,
              1.3060314799993389
            ],
            [
              103.86549174785614,
              1.3066321386645106
            ],
            [
              103.8655561208725,
              1.307104084657823
            ],
            [
              103.86535227298737,
              1.3074687701373562
            ],
            [
              103.86504113674164,
              1.307629660773246
            ],
            [
              103.86445105075836,
              1.3072864274041989
            ],
            [
              103.86580288410187,
              1.3060314799993389
            ]
          ]
        ]
      },
      "properties": {
        "id": "4036e72ca8"
      }
    },
    {
      "type": "Feature",
      "geometry": {
        "type": "Polygon",
        "coordinates": [
          [
            [
              103.87128531932831,
              1.298952277790014
            ],
            [
              103.87152135372162,
              1.2986304953993277
            ],
            [
              103.86967599391937,
              1.2981799999835628
            ],
            [
              103.86765897274017,
              1.2982014521480418
            ],
            [
              103.86742293834686,
              1.2984803302696535
            ],
            [
              103.86697232723236,
              1.2986948518807422
            ],
            [
              103.86660754680634,
              1.2985661389162848
            ],
            [
              103.87128531932831,
              1.298952277790014
            ]
          ]
        ]
      },
      "properties": {
        "id": "5076635f29"
      }
    },
    {
      "type": "Feature",
      "geometry": {
        "type": "Polygon",
        "coordinates": [
          [
            [
              103.87225091457367,
              1.2993384166047373
            ],
            [
              103.8725084066391,
              1.2986304953993277
            ],
            [
              103.87225091457367,
              1.2993384166047373
            ]
          ]
        ]
      },
      "properties": {
        "id": "57afddc2dc"
      }
    },
    {
      "type": "Feature",
      "geometry": {
        "type": "Polygon",
        "coordinates": [
          [
            [
              103.87119948863983,
              1.2994242252222095
            ],
            [
              103.87220799922943,
              1.2993598687593821
            ],
            [
              103.87119948863983,
              1.2994242252222095
            ]
          ]
        ]
      },
      "properties": {
        "id": "85e53ed05f"
      }
    },
    {
      "type": "Feature",
      "geometry": {
        "type": "Polygon",
        "coordinates": [
          [
            [
              103.87132823467255,
              1.2988879213151514
            ],
            [
              103.8711565732956,
              1.2994242252222095
            ],
            [
              103.87132823467255,
              1.2988879213151514
            ]
          ]
        ]
      },
      "properties": {
        "id": "d5e0ebf36c"
      }
    },
    {
      "type": "Feature",
      "geometry": {
        "type": "Polygon",
        "coordinates": [
          [
            [
              103.87317359447479,
              1.2986948518807422
            ],
            [
              103.87252986431122,
              1.2986304953993277
            ],
            [
              103.87317359447479,
              1.2986948518807422
            ]
          ]
        ]
      },
      "properties": {
        "id": "d86cfe9d95"
      }
    },
    {
      "type": "Feature",
      "geometry": {
        "type": "Polygon",
        "coordinates": [
          [
            [
              103.87265861034393,
              1.2991882515171354
            ],
            [
              103.87276589870453,
              1.298973729947941
            ],
            [
              103.8730663061142,
              1.2989308256319088
            ],
            [
              103.87317359447479,
              1.2987592083605282
            ],
            [
              103.87265861034393,
              1.2991882515171354
            ]
          ]
        ]
      },
      "properties": {
        "id": "8d42358a3d"
      }
    },
    {
      "type": "Feature",
      "geometry": {
        "type": "Polygon",
        "coordinates": [
          [
            [
              103.87673556804657,
              1.298265808640372
            ],
            [
              103.8749760389328,
              1.298265808640372
            ],
            [
              103.87278735637665,
              1.299274060139722
            ],
            [
              103.87263715267181,
              1.2992097036730523
            ],
            [
              103.87673556804657,
              1.298265808640372
            ]
          ]
        ]
      },
      "properties": {
        "id": "3e95e603fd"
      }
    },
    {
      "type": "Feature",
      "geometry": {
        "type": "Polygon",
        "coordinates": [
          [
            [
              103.88431012630463,
              1.305066135415654
            ],
            [
              103.88072669506073,
              1.3010974926802172
            ],
            [
              103.8789027929306,
              1.299231155828842
            ],
            [
              103.87675702571869,
              1.2982658086404102
            ],
            [
              103.88431012630463,
              1.305066135415654
            ]
          ]
        ]
      },
      "properties": {
        "id": "2ed91d808a"
      }
    },
    {
      "type": "Feature",
      "geometry": {
        "type": "Polygon",
        "coordinates": [
          [
            [
              103.88473927974701,
              1.3054308211909786
            ],
            [
              103.88433158397675,
              1.305066135415654
            ],
            [
              103.88473927974701,
              1.3054308211909786
            ]
          ]
        ]
      },
      "properties": {
        "id": "967a1c4169"
      }
    },
    {
      "type": "Feature",
      "geometry": {
        "type": "Polygon",
        "coordinates": [
          [
            [
              103.90929758548737,
              1.3183771318369193
            ],
            [
              103.90458762645721,
              1.3174868740152332
            ],
            [
              103.90929758548737,
              1.3183771318369193
            ]
          ]
        ]
      },
      "properties": {
        "id": "a0ba7daa3a"
      }
    },
    {
      "type": "Feature",
      "geometry": {
        "type": "Polygon",
        "coordinates": [
          [
            [
              103.91331017017365,
              1.3191923073944705
            ],
            [
              103.9127629995346,
              1.3190421434960398
            ],
            [
              103.91008079051971,
              1.3185272957755012
            ],
            [
              103.90924394130707,
              1.3183771318369575
            ],
            [
              103.91331017017365,
              1.3191923073944705
            ]
          ]
        ]
      },
      "properties": {
        "id": "4354935749"
      }
    },
    {
      "type": "Feature",
      "geometry": {
        "type": "Polygon",
        "coordinates": [
          [
            [
              103.90922784805298,
              1.3350828142197206
            ],
            [
              103.90943169593811,
              1.3340960290592971
            ],
            [
              103.90922784805298,
              1.3350828142197206
            ]
          ]
        ]
      },
      "properties": {
        "id": "6af433a021"
      }
    },
    {
      "type": "Feature",
      "geometry": {
        "type": "Polygon",
        "coordinates": [
          [
            [
              103.90945315361023,
              1.3318435831890163
            ],
            [
              103.9095389842987,
              1.332766013651668
            ],
            [
              103.90954971313477,
              1.333388117722118
            ],
            [
              103.90943169593811,
              1.3340960290592971
            ],
            [
              103.90945315361023,
              1.3318435831890163
            ]
          ]
        ]
      },
      "properties": {
        "id": "e37c62944e"
      }
    },
    {
      "type": "Feature",
      "geometry": {
        "type": "Polygon",
        "coordinates": [
          [
            [
              103.91337990760803,
              1.3418508626193213
            ],
            [
              103.9140772819519,
              1.3425480456235348
            ],
            [
              103.91539692878723,
              1.3417543295722896
            ],
            [
              103.91671657562256,
              1.3410464204444383
            ],
            [
              103.91337990760803,
              1.3418508626193213
            ]
          ]
        ]
      },
      "properties": {
        "id": "2876667052"
      }
    },
    {
      "type": "Feature",
      "geometry": {
        "type": "Polygon",
        "coordinates": [
          [
            [
              103.9172637462616,
              1.3420546545949565
            ],
            [
              103.91671657562256,
              1.3410464204444383
            ],
            [
              103.9172637462616,
              1.3420546545949565
            ]
          ]
        ]
      },
      "properties": {
        "id": "a2239dfbaa"
      }
    },
    {
      "type": "Feature",
      "geometry": {
        "type": "Polygon",
        "coordinates": [
          [
            [
              103.91801476478577,
              1.3421190099521467
            ],
            [
              103.91795039176941,
              1.3420868322737678
            ],
            [
              103.9172637462616,
              1.3420653804879403
            ],
            [
              103.91801476478577,
              1.3421190099521467
            ]
          ]
        ]
      },
      "properties": {
        "id": "4c7d4efd6f"
      }
    },
    {
      "type": "Feature",
      "geometry": {
        "type": "Polygon",
        "coordinates": [
          [
            [
              103.91739249229431,
              1.341936669769018
            ],
            [
              103.91798257827759,
              1.341958121555978
            ],
            [
              103.91802549362183,
              1.3419688474493943
            ],
            [
              103.91739249229431,
              1.341936669769018
            ]
          ]
        ]
      },
      "properties": {
        "id": "745ddcc69c"
      }
    },
    {
      "type": "Feature",
      "geometry": {
        "type": "Polygon",
        "coordinates": [
          [
            [
              103.91802549362183,
              1.3421297358448634
            ],
            [
              103.91802549362183,
              1.3419688474493943
            ],
            [
              103.91802549362183,
              1.3421297358448634
            ]
          ]
        ]
      },
      "properties": {
        "id": "d408363534"
      }
    },
    {
      "type": "Feature",
      "geometry": {
        "type": "Polygon",
        "coordinates": [
          [
            [
              103.91753196716309,
              1.3411644053133016
            ],
            [
              103.9176070690155,
              1.341368197346136
            ],
            [
              103.91719937324524,
              1.3416041670471333
            ],
            [
              103.91737103462219,
              1.341936669769018
            ],
            [
              103.91753196716309,
              1.3411644053133016
            ]
          ]
        ]
      },
      "properties": {
        "id": "bda4229521"
      }
    },
    {
      "type": "Feature",
      "geometry": {
        "type": "Polygon",
        "coordinates": [
          [
            [
              103.91799330711365,
              1.3400703635843985
            ],
            [
              103.91810059547424,
              1.3402634298074525
            ],
            [
              103.91694188117981,
              1.3409284355698883
            ],
            [
              103.91712427139282,
              1.3413252937616822
            ],
            [
              103.91751050949097,
              1.3411429535193826
            ],
            [
              103.91799330711365,
              1.3400703635843985
            ]
          ]
        ]
      },
      "properties": {
        "id": "9064ece4d0"
      }
    },
    {
      "type": "Feature",
      "geometry": {
        "type": "Polygon",
        "coordinates": [
          [
            [
              103.91237139701843,
              1.3426982080907286
            ],
            [
              103.91335844993591,
              1.34182941083142
            ],
            [
              103.91237139701843,
              1.3426982080907286
            ]
          ]
        ]
      },
      "properties": {
        "id": "cb548d4ed2"
      }
    },
    {
      "type": "Feature",
      "geometry": {
        "type": "Polygon",
        "coordinates": [
          [
            [
              103.91238212585449,
              1.3426874822005308
            ],
            [
              103.9123284816742,
              1.3427625634309854
            ],
            [
              103.91098737716675,
              1.341443278617098
            ],
            [
              103.91238212585449,
              1.3426874822005308
            ]
          ]
        ]
      },
      "properties": {
        "id": "af20d8f6fd"
      }
    },
    {
      "type": "Feature",
      "geometry": {
        "type": "Polygon",
        "coordinates": [
          [
            [
              103.90421748161316,
              1.341282390176567
            ],
            [
              103.90552639961243,
              1.3426231268583784
            ],
            [
              103.91097664833069,
              1.341454004512766
            ],
            [
              103.90421748161316,
              1.341282390176567
            ]
          ]
        ]
      },
      "properties": {
        "id": "864b7061db"
      }
    },
    {
      "type": "Feature",
      "geometry": {
        "type": "Polygon",
        "coordinates": [
          [
            [
              103.9022970199585,
              1.3417436036780208
            ],
            [
              103.90103101730347,
              1.3391908394864
            ],
            [
              103.9022970199585,
              1.3417436036780208
            ]
          ]
        ]
      },
      "properties": {
        "id": "59971d0291"
      }
    },
    {
      "type": "Feature",
      "geometry": {
        "type": "Polygon",
        "coordinates": [
          [
            [
              103.90419602394104,
              1.341282390176567
            ],
            [
              103.9022970199585,
              1.3417650554666727
            ],
            [
              103.90419602394104,
              1.341282390176567
            ]
          ]
        ]
      },
      "properties": {
        "id": "0cab0ed8ac"
      }
    },
    {
      "type": "Feature",
      "geometry": {
        "type": "Polygon",
        "coordinates": [
          [
            [
              103.90944242477417,
              1.3318221313139043
            ],
            [
              103.9086377620697,
              1.3318972128767521
            ],
            [
              103.90803694725037,
              1.331865035064383
            ],
            [
              103.9073395729065,
              1.3315968866116206
            ],
            [
              103.90649199485779,
              1.3311463971453248
            ],
            [
              103.90661001205444,
              1.3309318783229338
            ],
            [
              103.90944242477417,
              1.3318221313139043
            ]
          ]
        ]
      },
      "properties": {
        "id": "9d2bf312b6"
      }
    },
    {
      "type": "Feature",
      "geometry": {
        "type": "Polygon",
        "coordinates": [
          [
            [
              103.90777945518494,
              1.3308246189047281
            ],
            [
              103.90761852264404,
              1.3312107527884087
            ],
            [
              103.9075219631195,
              1.331178574967083
            ],
            [
              103.90777945518494,
              1.3308246189047281
            ]
          ]
        ]
      },
      "properties": {
        "id": "0d1d93bc5c"
      }
    },
    {
      "type": "Feature",
      "geometry": {
        "type": "Polygon",
        "coordinates": [
          [
            [
              103.90799939632416,
              1.3306261889688278
            ],
            [
              103.90777945518494,
              1.330813892962713
            ],
            [
              103.90799939632416,
              1.3306261889688278
            ]
          ]
        ]
      },
      "properties": {
        "id": "ba30f3a8da"
      }
    },
    {
      "type": "Feature",
      "geometry": {
        "type": "Polygon",
        "coordinates": [
          [
            [
              103.9086377620697,
              1.330486751706969
            ],
            [
              103.90799939632416,
              1.3306208259973558
            ],
            [
              103.9086377620697,
              1.330486751706969
            ]
          ]
        ]
      },
      "properties": {
        "id": "cf0d426c8b"
      }
    },
    {
      "type": "Feature",
      "geometry": {
        "type": "Polygon",
        "coordinates": [
          [
            [
              103.90875577926636,
              1.3286740665860113
            ],
            [
              103.90866458415985,
              1.329853920957989
            ],
            [
              103.90863239765167,
              1.3304760257634272
            ],
            [
              103.90875577926636,
              1.3286740665860113
            ]
          ]
        ]
      },
      "properties": {
        "id": "55d6db2128"
      }
    },
    {
      "type": "Feature",
      "geometry": {
        "type": "Polygon",
        "coordinates": [
          [
            [
              103.90942096710205,
              1.3276390120592603
            ],
            [
              103.9087450504303,
              1.328636525755823
            ],
            [
              103.9087450504303,
              1.3286579776588476
            ],
            [
              103.90942096710205,
              1.3276390120592603
            ]
          ]
        ]
      },
      "properties": {
        "id": "031b5806ba"
      }
    },
    {
      "type": "Feature",
      "geometry": {
        "type": "Polygon",
        "coordinates": [
          [
            [
              103.91304731369019,
              1.3380860709657902
            ],
            [
              103.915354013443,
              1.3393946316838599
            ],
            [
              103.91612648963928,
              1.3409606132639917
            ],
            [
              103.91795039176941,
              1.3400596376826746
            ],
            [
              103.91304731369019,
              1.3380860709657902
            ]
          ]
        ]
      },
      "properties": {
        "id": "c2739bad8a"
      }
    },
    {
      "type": "Feature",
      "geometry": {
        "type": "Polygon",
        "coordinates": [
          [
            [
              103.91311168670654,
              1.336562991218148
            ],
            [
              103.91123414039612,
              1.3356191103369894
            ],
            [
              103.91045093536377,
              1.3353724141378125
            ],
            [
              103.90922784805298,
              1.335072088296725
            ],
            [
              103.91311168670654,
              1.336562991218148
            ]
          ]
        ]
      },
      "properties": {
        "id": "b8ab64bd4e"
      }
    },
    {
      "type": "Feature",
      "geometry": {
        "type": "Polygon",
        "coordinates": [
          [
            [
              103.91363203525543,
              1.336825776171632
            ],
            [
              103.9133369922638,
              1.337463968084435
            ],
            [
              103.91304731369019,
              1.338075345055377
            ],
            [
              103.91363203525543,
              1.336825776171632
            ]
          ]
        ]
      },
      "properties": {
        "id": "0df157b648"
      }
    },
    {
      "type": "Feature",
      "geometry": {
        "type": "Polygon",
        "coordinates": [
          [
            [
              103.91311705112457,
              1.3365683541766307
            ],
            [
              103.91339600086212,
              1.336702428135731
            ],
            [
              103.9136266708374,
              1.3368096872977362
            ],
            [
              103.91311705112457,
              1.3365683541766307
            ]
          ]
        ]
      },
      "properties": {
        "id": "e0d3c234cc"
      }
    },
    {
      "type": "Feature",
      "geometry": {
        "type": "Polygon",
        "coordinates": [
          [
            [
              103.84156107902527,
              1.4016469793475392
            ],
            [
              103.84074568748474,
              1.3990299251778924
            ],
            [
              103.84010195732117,
              1.3980002637204059
            ],
            [
              103.83709788322449,
              1.397742848285464
            ],
            [
              103.84156107902527,
              1.4016469793475392
            ]
          ]
        ]
      },
      "properties": {
        "id": "590e7b903d"
      }
    },
    {
      "type": "Feature",
      "geometry": {
        "type": "Polygon",
        "coordinates": [
          [
            [
              103.85821223258972,
              1.414217379006037
            ],
            [
              103.85005831718445,
              1.4068810789068102
            ],
            [
              103.84718298912048,
              1.404521445310673
            ],
            [
              103.84469389915466,
              1.403706298605358
            ],
            [
              103.84516596794128,
              1.4004886114689887
            ],
            [
              103.84443640708923,
              1.3999308785824867
            ],
            [
              103.84246230125427,
              1.4020760043423524
            ],
            [
              103.84233355522156,
              1.4025908342323326
            ],
            [
              103.84156107902527,
              1.4017327843527918
            ],
            [
              103.85821223258972,
              1.414217379006037
            ]
          ]
        ]
      },
      "properties": {
        "id": "ef672ee585"
      }
    },
    {
      "type": "Feature",
      "geometry": {
        "type": "Polygon",
        "coordinates": [
          [
            [
              103.86297583580017,
              1.4215107537781693
            ],
            [
              103.8612163066864,
              1.4185076022436145
            ],
            [
              103.8608729839325,
              1.4171347316719272
            ],
            [
              103.8601005077362,
              1.4171347316719272
            ],
            [
              103.85821223258972,
              1.4142602812777105
            ],
            [
              103.86297583580017,
              1.4215107537781693
            ]
          ]
        ]
      },
      "properties": {
        "id": "a61c0adf9b"
      }
    },
    {
      "type": "Feature",
      "geometry": {
        "type": "Polygon",
        "coordinates": [
          [
            [
              103.87718081474304,
              1.4321075572144004
            ],
            [
              103.87473464012146,
              1.431764341674601
            ],
            [
              103.86949896812439,
              1.4285466934914774
            ],
            [
              103.86503577232361,
              1.4240848805563255
            ],
            [
              103.8628900051117,
              1.4213391452242439
            ],
            [
              103.87718081474304,
              1.4321075572144004
            ]
          ]
        ]
      },
      "properties": {
        "id": "1baa4bc8b6"
      }
    },
    {
      "type": "Feature",
      "geometry": {
        "type": "Polygon",
        "coordinates": [
          [
            [
              103.88402581214905,
              1.4284179874703617
            ],
            [
              103.87990593910217,
              1.4312495182684999
            ],
            [
              103.88402581214905,
              1.4284179874703617
            ]
          ]
        ]
      },
      "properties": {
        "id": "17e354c67a"
      }
    },
    {
      "type": "Feature",
      "geometry": {
        "type": "Polygon",
        "coordinates": [
          [
            [
              103.87720227241516,
              1.4321075572144004
            ],
            [
              103.87934803962708,
              1.431592733885421
            ],
            [
              103.88001322746277,
              1.4311637143562894
            ],
            [
              103.87720227241516,
              1.4321075572144004
            ]
          ]
        ]
      },
      "properties": {
        "id": "71a5154060"
      }
    },
    {
      "type": "Feature",
      "geometry": {
        "type": "Polygon",
        "coordinates": [
          [
            [
              103.89503359794617,
              1.4218110687170022
            ],
            [
              103.88393998146057,
              1.4284608894782271
            ],
            [
              103.89503359794617,
              1.4218110687170022
            ]
          ]
        ]
      },
      "properties": {
        "id": "f1a847d195"
      }
    },
    {
      "type": "Feature",
      "geometry": {
        "type": "Polygon",
        "coordinates": [
          [
            [
              103.89514088630676,
              1.4159012925737813
            ],
            [
              103.89771580696106,
              1.4193227437603124
            ],
            [
              103.8970935344696,
              1.4205025533410727
            ],
            [
              103.89503359794617,
              1.4217896176512395
            ],
            [
              103.89514088630676,
              1.4159012925737813
            ]
          ]
        ]
      },
      "properties": {
        "id": "2524b04a52"
      }
    },
    {
      "type": "Feature",
      "geometry": {
        "type": "Polygon",
        "coordinates": [
          [
            [
              103.89793038368225,
              1.414496243758047
            ],
            [
              103.8951301574707,
              1.4158905670136872
            ],
            [
              103.89501214027405,
              1.4156438791139132
            ],
            [
              103.89793038368225,
              1.414496243758047
            ]
          ]
        ]
      },
      "properties": {
        "id": "e95edea7dc"
      }
    },
    {
      "type": "Feature",
      "geometry": {
        "type": "Polygon",
        "coordinates": [
          [
            [
              103.89421820640564,
              1.4150646987248494
            ],
            [
              103.89500141143799,
              1.415622427991015
            ],
            [
              103.89421820640564,
              1.4150646987248494
            ]
          ]
        ]
      },
      "properties": {
        "id": "d74e24f435"
      }
    },
    {
      "type": "Feature",
      "geometry": {
        "type": "Polygon",
        "coordinates": [
          [
            [
              103.89360666275024,
              1.413809807385726
            ],
            [
              103.89425039291382,
              1.4150539731607221
            ],
            [
              103.89360666275024,
              1.413809807385726
            ]
          ]
        ]
      },
      "properties": {
        "id": "9cef5e87b0"
      }
    },
    {
      "type": "Feature",
      "geometry": {
        "type": "Polygon",
        "coordinates": [
          [
            [
              103.8861608505249,
              1.4011965030185247
            ],
            [
              103.8863754272461,
              1.4028697003756063
            ],
            [
              103.8861608505249,
              1.4011965030185247
            ]
          ]
        ]
      },
      "properties": {
        "id": "bfecdf158c"
      }
    },
    {
      "type": "Feature",
      "geometry": {
        "type": "Polygon",
        "coordinates": [
          [
            [
              103.89326333999634,
              1.4095839290023966
            ],
            [
              103.89225482940674,
              1.4084255650596043
            ],
            [
              103.89135360717773,
              1.407245749340793
            ],
            [
              103.89028072357178,
              1.406516408416099
            ],
            [
              103.8878345489502,
              1.4051435307630467
            ],
            [
              103.88684749603271,
              1.4038564572304544
            ],
            [
              103.88633251190186,
              1.402826797894207
            ],
            [
              103.89326333999634,
              1.4095839290023966
            ]
          ]
        ]
      },
      "properties": {
        "id": "3bb8607bf9"
      }
    },
    {
      "type": "Feature",
      "geometry": {
        "type": "Polygon",
        "coordinates": [
          [
            [
              103.89500141143799,
              1.4121366178784824
            ],
            [
              103.89482975006104,
              1.412737250147951
            ],
            [
              103.8936710357666,
              1.413809807385726
            ],
            [
              103.89500141143799,
              1.4121366178784824
            ]
          ]
        ]
      },
      "properties": {
        "id": "eb4e0e47ed"
      }
    },
    {
      "type": "Feature",
      "geometry": {
        "type": "Polygon",
        "coordinates": [
          [
            [
              103.89326333999634,
              1.4095839290023966
            ],
            [
              103.89472246170044,
              1.4111498645274096
            ],
            [
              103.89502286911011,
              1.4120937155675737
            ],
            [
              103.89326333999634,
              1.4095839290023966
            ]
          ]
        ]
      },
      "properties": {
        "id": "b51ade5a6a"
      }
    },
    {
      "type": "Feature",
      "geometry": {
        "type": "Polygon",
        "coordinates": [
          [
            [
              103.90166401863098,
              1.4189902518607738
            ],
            [
              103.8997757434845,
              1.417595930470707
            ],
            [
              103.89893889427185,
              1.416587728327065
            ],
            [
              103.89793038368225,
              1.414506969324744
            ],
            [
              103.90166401863098,
              1.4189902518607738
            ]
          ]
        ]
      },
      "properties": {
        "id": "fd3abc8c9d"
      }
    },
    {
      "type": "Feature",
      "geometry": {
        "type": "Polygon",
        "coordinates": [
          [
            [
              103.8977587223053,
              1.4140350443428755
            ],
            [
              103.89779090881348,
              1.4142710068458069
            ],
            [
              103.89501214027405,
              1.4156224279911676
            ],
            [
              103.8977587223053,
              1.4140350443428755
            ]
          ]
        ]
      },
      "properties": {
        "id": "2e19bfeded"
      }
    },
    {
      "type": "Feature",
      "geometry": {
        "type": "Polygon",
        "coordinates": [
          [
            [
              103.89678239822388,
              1.411975734208656
            ],
            [
              103.8977587223053,
              1.4140135932050542
            ],
            [
              103.89678239822388,
              1.411975734208656
            ]
          ]
        ]
      },
      "properties": {
        "id": "38e1898de2"
      }
    },
    {
      "type": "Feature",
      "geometry": {
        "type": "Polygon",
        "coordinates": [
          [
            [
              103.90689969062805,
              1.420277317013304
            ],
            [
              103.90479683876038,
              1.420427474567762
            ],
            [
              103.90391707420349,
              1.420255865933305
            ],
            [
              103.9016854763031,
              1.4190331540440912
            ],
            [
              103.90689969062805,
              1.420277317013304
            ]
          ]
        ]
      },
      "properties": {
        "id": "66d0be0952"
      }
    },
    {
      "type": "Feature",
      "geometry": {
        "type": "Polygon",
        "coordinates": [
          [
            [
              103.91260743141174,
              1.4211139089780755
            ],
            [
              103.91106247901917,
              1.4215858325168373
            ],
            [
              103.90968918800354,
              1.4214356750376946
            ],
            [
              103.90777945518494,
              1.4211997132650316
            ],
            [
              103.90694260597229,
              1.420298768093112
            ],
            [
              103.91260743141174,
              1.4211139089780755
            ]
          ]
        ]
      },
      "properties": {
        "id": "e17e6c3be4"
      }
    },
    {
      "type": "Feature",
      "geometry": {
        "type": "Polygon",
        "coordinates": [
          [
            [
              103.9213514328003,
              1.4047037807194327
            ],
            [
              103.9172637462616,
              1.4083826626805933
            ],
            [
              103.91640543937683,
              1.4098306175457367
            ],
            [
              103.91481757164001,
              1.4127479757229555
            ],
            [
              103.9213514328003,
              1.4047037807194327
            ]
          ]
        ]
      },
      "properties": {
        "id": "c12d135df6"
      }
    },
    {
      "type": "Feature",
      "geometry": {
        "type": "Polygon",
        "coordinates": [
          [
            [
              103.9147961139679,
              1.4127479757229555
            ],
            [
              103.91404509544373,
              1.4166949838951326
            ],
            [
              103.91398072242737,
              1.417703185992097
            ],
            [
              103.91393780708313,
              1.4186684854607334
            ],
            [
              103.91344428062439,
              1.4193120182160954
            ],
            [
              103.91265034675598,
              1.4211353600501102
            ],
            [
              103.9147961139679,
              1.4127479757229555
            ]
          ]
        ]
      },
      "properties": {
        "id": "324f79e28a"
      }
    },
    {
      "type": "Feature",
      "geometry": {
        "type": "Polygon",
        "coordinates": [
          [
            [
              103.92447352409363,
              1.4029233284764615
            ],
            [
              103.92136216163635,
              1.404703780719369
            ],
            [
              103.92447352409363,
              1.4029233284764615
            ]
          ]
        ]
      },
      "properties": {
        "id": "c9083e75b9"
      }
    },
    {
      "type": "Feature",
      "geometry": {
        "type": "Polygon",
        "coordinates": [
          [
            [
              103.92253428697586,
              1.3958712227250065
            ],
            [
              103.92159014940262,
              1.3968579825252392
            ],
            [
              103.92428040504456,
              1.3988368636895139
            ],
            [
              103.92565369606018,
              1.3995662070085166
            ],
            [
              103.92253428697586,
              1.3958712227250065
            ]
          ]
        ]
      },
      "properties": {
        "id": "6fafed10a9"
      }
    },
    {
      "type": "Feature",
      "geometry": {
        "type": "Polygon",
        "coordinates": [
          [
            [
              103.92573952674866,
              1.4004886114694721
            ],
            [
              103.92558932304382,
              1.4007031240827843
            ],
            [
              103.9250099658966,
              1.4010463442232304
            ],
            [
              103.92458081245422,
              1.4013466618048753
            ],
            [
              103.92464518547058,
              1.4026766392034766
            ],
            [
              103.92449498176575,
              1.4029340540965536
            ],
            [
              103.92573952674866,
              1.4004886114694721
            ]
          ]
        ]
      },
      "properties": {
        "id": "3b940a2384"
      }
    },
    {
      "type": "Feature",
      "geometry": {
        "type": "Polygon",
        "coordinates": [
          [
            [
              103.92576098442078,
              1.4004457089444484
            ],
            [
              103.92580389976501,
              1.4000595861839438
            ],
            [
              103.9256751537323,
              1.3995876582791709
            ],
            [
              103.92576098442078,
              1.4004457089444484
            ]
          ]
        ]
      },
      "properties": {
        "id": "d982f62c76"
      }
    },
    {
      "type": "Feature",
      "geometry": {
        "type": "Polygon",
        "coordinates": [
          [
            [
              103.88737320899963,
              1.4009819904507708
            ],
            [
              103.88741612434387,
              1.4026551879611422
            ],
            [
              103.88842463493347,
              1.4040495183059205
            ],
            [
              103.88949751853943,
              1.4047359575548117
            ],
            [
              103.89106392860413,
              1.4054438478189966
            ],
            [
              103.89217972755432,
              1.4062804451273163
            ],
            [
              103.89499068260193,
              1.4093479660241122
            ],
            [
              103.89623522758484,
              1.4108924505412614
            ],
            [
              103.89681458473206,
              1.411986459787223
            ],
            [
              103.88737320899963,
              1.4009819904507708
            ]
          ]
        ]
      },
      "properties": {
        "id": "31c9c45345"
      }
    },
    {
      "type": "Feature",
      "geometry": {
        "type": "Polygon",
        "coordinates": [
          [
            [
              103.93802404403687,
              1.3445537863780423
            ],
            [
              103.9385175704956,
              1.3445216087317235
            ],
            [
              103.93802404403687,
              1.3445537863780423
            ]
          ]
        ]
      },
      "properties": {
        "id": "e7641c2f1e"
      }
    },
    {
      "type": "Feature",
      "geometry": {
        "type": "Polygon",
        "coordinates": [
          [
            [
              103.9150857925415,
              1.342097558156574
            ],
            [
              103.91804695129395,
              1.3454011309119112
            ],
            [
              103.92075061798096,
              1.346988560385546
            ],
            [
              103.92457008361816,
              1.3486617957382208
            ],
            [
              103.9150857925415,
              1.342097558156574
            ]
          ]
        ]
      },
      "properties": {
        "id": "406f78e1bf"
      }
    },
    {
      "type": "Feature",
      "geometry": {
        "type": "Polygon",
        "coordinates": [
          [
            [
              103.92459154129028,
              1.348704699193684
            ],
            [
              103.92557859420776,
              1.3502277713723057
            ],
            [
              103.92598628997803,
              1.3498416404876974
            ],
            [
              103.92523527145386,
              1.348490181908811
            ],
            [
              103.92826080322266,
              1.3463879115170807
            ],
            [
              103.93042802810669,
              1.3448219334143512
            ],
            [
              103.93330335617065,
              1.34187231439707
            ],
            [
              103.92459154129028,
              1.348704699193684
            ]
          ]
        ]
      },
      "properties": {
        "id": "8f93007665"
      }
    },
    {
      "type": "Feature",
      "geometry": {
        "type": "Polygon",
        "coordinates": [
          [
            [
              103.9354920387268,
              1.3396627792753155
            ],
            [
              103.93594264984131,
              1.340081089475652
            ],
            [
              103.9365005493164,
              1.3408855319677762
            ],
            [
              103.93754124641418,
              1.3428269187596142
            ],
            [
              103.93807768821716,
              1.3438887816012732
            ],
            [
              103.93803477287292,
              1.344553786378144
            ],
            [
              103.9354920387268,
              1.3396627792753155
            ]
          ]
        ]
      },
      "properties": {
        "id": "9cf41282e4"
      }
    },
    {
      "type": "Feature",
      "geometry": {
        "type": "Polygon",
        "coordinates": [
          [
            [
              103.93327116966248,
              1.3419044920782732
            ],
            [
              103.93547058105469,
              1.3396627792753155
            ],
            [
              103.93327116966248,
              1.3419044920782732
            ]
          ]
        ]
      },
      "properties": {
        "id": "e843172a24"
      }
    },
    {
      "type": "Feature",
      "geometry": {
        "type": "Polygon",
        "coordinates": [
          [
            [
              103.94059896469116,
              1.3447897557715565
            ],
            [
              103.93852829933167,
              1.3445323346139826
            ],
            [
              103.94059896469116,
              1.3447897557715565
            ]
          ]
        ]
      },
      "properties": {
        "id": "07a167aa87"
      }
    },
    {
      "type": "Feature",
      "geometry": {
        "type": "Polygon",
        "coordinates": [
          [
            [
              103.9410388469696,
              1.343180873091442
            ],
            [
              103.94060969352722,
              1.3447897557715565
            ],
            [
              103.9410388469696,
              1.343180873091442
            ]
          ]
        ]
      },
      "properties": {
        "id": "7d13a7711a"
      }
    },
    {
      "type": "Feature",
      "geometry": {
        "type": "Polygon",
        "coordinates": [
          [
            [
              103.93623232841492,
              1.3399523786524332
            ],
            [
              103.93733739852905,
              1.3392873726244974
            ],
            [
              103.93938660621643,
              1.3384936555162392
            ],
            [
              103.94023418426514,
              1.338322040972566
            ],
            [
              103.9408028125763,
              1.340885531967827
            ],
            [
              103.94104957580566,
              1.34318087309148
            ],
            [
              103.93623232841492,
              1.3399523786524332
            ]
          ]
        ]
      },
      "properties": {
        "id": "ea91ca969f"
      }
    },
    {
      "type": "Feature",
      "geometry": {
        "type": "Polygon",
        "coordinates": [
          [
            [
              103.93579244613647,
              1.3394268093872506
            ],
            [
              103.93622159957886,
              1.3399309268478912
            ],
            [
              103.93579244613647,
              1.3394268093872506
            ]
          ]
        ]
      },
      "properties": {
        "id": "cae80ec792"
      }
    },
    {
      "type": "Feature",
      "geometry": {
        "type": "Polygon",
        "coordinates": [
          [
            [
              103.94056677818298,
              1.3364235542825127
            ],
            [
              103.94049167633057,
              1.336445006117715
            ],
            [
              103.93961191177368,
              1.3364664579527268
            ],
            [
              103.93871068954468,
              1.3367882354556002
            ],
            [
              103.93583536148071,
              1.3394697130052147
            ],
            [
              103.94056677818298,
              1.3364235542825127
            ]
          ]
        ]
      },
      "properties": {
        "id": "9bfefbf80b"
      }
    },
    {
      "type": "Feature",
      "geometry": {
        "type": "Polygon",
        "coordinates": [
          [
            [
              103.90943169593811,
              1.327660463961267
            ],
            [
              103.91163378953934,
              1.3289422153546917
            ],
            [
              103.91474515199661,
              1.3304438479307914
            ],
            [
              103.90943169593811,
              1.327660463961267
            ]
          ]
        ]
      },
      "properties": {
        "id": "7d89dc9356"
      }
    },
    {
      "type": "Feature",
      "geometry": {
        "type": "Polygon",
        "coordinates": [
          [
            [
              103.91858339309692,
              1.3209835474760407
            ],
            [
              103.91843318939209,
              1.320924554559526
            ],
            [
              103.91635179519653,
              1.320259543403531
            ],
            [
              103.91449570655823,
              1.3196267100416996
            ],
            [
              103.91334772109985,
              1.3192083963751564
            ],
            [
              103.91858339309692,
              1.3209835474760407
            ]
          ]
        ]
      },
      "properties": {
        "id": "673c5fcc6d"
      }
    },
    {
      "type": "Feature",
      "geometry": {
        "type": "Polygon",
        "coordinates": [
          [
            [
              103.91646981239319,
              1.328228939553381
            ],
            [
              103.91837954521179,
              1.3280895021561454
            ],
            [
              103.91835808753967,
              1.327553204401158
            ],
            [
              103.91646981239319,
              1.328228939553381
            ]
          ]
        ]
      },
      "properties": {
        "id": "b1c6b9d428"
      }
    },
    {
      "type": "Feature",
      "geometry": {
        "type": "Polygon",
        "coordinates": [
          [
            [
              103.91477465629578,
              1.3304706627821463
            ],
            [
              103.91645908355713,
              1.3287437852596236
            ],
            [
              103.91646981239319,
              1.328239665506681
            ],
            [
              103.91477465629578,
              1.3304706627821463
            ]
          ]
        ]
      },
      "properties": {
        "id": "0f21e82f0d"
      }
    },
    {
      "type": "Feature",
      "geometry": {
        "type": "Polygon",
        "coordinates": [
          [
            [
              103.91895890235901,
              1.3239063765845762
            ],
            [
              103.9190125465393,
              1.3261802816184136
            ],
            [
              103.91818642616272,
              1.3269632767363175
            ],
            [
              103.91835808753967,
              1.327553204401158
            ],
            [
              103.91895890235901,
              1.3239063765845762
            ]
          ]
        ]
      },
      "properties": {
        "id": "e8a973c460"
      }
    },
    {
      "type": "Feature",
      "geometry": {
        "type": "Polygon",
        "coordinates": [
          [
            [
              103.91938805580139,
              1.3225978076477751
            ],
            [
              103.91896426677704,
              1.3238956506125492
            ],
            [
              103.91938805580139,
              1.3225978076477751
            ]
          ]
        ]
      },
      "properties": {
        "id": "303ae738e0"
      }
    },
    {
      "type": "Feature",
      "geometry": {
        "type": "Polygon",
        "coordinates": [
          [
            [
              103.91943097114563,
              1.3225388147696053
            ],
            [
              103.91938805580139,
              1.322608533625489
            ],
            [
              103.91943097114563,
              1.3225388147696053
            ]
          ]
        ]
      },
      "properties": {
        "id": "a65753bcf4"
      }
    },
    {
      "type": "Feature",
      "geometry": {
        "type": "Polygon",
        "coordinates": [
          [
            [
              103.9194256067276,
              1.321568113572988
            ],
            [
              103.91955435276031,
              1.3218898930172462
            ],
            [
              103.91943633556366,
              1.3225334517806149
            ],
            [
              103.9194256067276,
              1.321568113572988
            ]
          ]
        ]
      },
      "properties": {
        "id": "6f46b0fcd0"
      }
    },
    {
      "type": "Feature",
      "geometry": {
        "type": "Polygon",
        "coordinates": [
          [
            [
              103.91921639442444,
              1.3211766151930266
            ],
            [
              103.91942024230957,
              1.3215627505819874
            ],
            [
              103.91921639442444,
              1.3211766151930266
            ]
          ]
        ]
      },
      "properties": {
        "id": "4ce0d8b153"
      }
    },
    {
      "type": "Feature",
      "geometry": {
        "type": "Polygon",
        "coordinates": [
          [
            [
              103.9185780286789,
              1.3209835474760407
            ],
            [
              103.91909837722778,
              1.3211337112572106
            ],
            [
              103.91921103000641,
              1.3211658892091427
            ],
            [
              103.9185780286789,
              1.3209835474760407
            ]
          ]
        ]
      },
      "properties": {
        "id": "09139ebf9d"
      }
    },
    {
      "type": "Feature",
      "geometry": {
        "type": "Polygon",
        "coordinates": [
          [
            [
              103.93489927053452,
              1.3089355560465736
            ],
            [
              103.93479734659195,
              1.3092895152249688
            ],
            [
              103.93418312072754,
              1.3115929301761342
            ],
            [
              103.93489927053452,
              1.3089355560465736
            ]
          ]
        ]
      },
      "properties": {
        "id": "0e0d15ca48"
      }
    },
    {
      "type": "Feature",
      "geometry": {
        "type": "Polygon",
        "coordinates": [
          [
            [
              103.92104029655457,
              1.3024757922826578
            ],
            [
              103.93088936805725,
              1.3048998815866584
            ],
            [
              103.93365740776062,
              1.3052431152816997
            ],
            [
              103.93582731485367,
              1.3060770657001881
            ],
            [
              103.94245773553848,
              1.308629863988551
            ],
            [
              103.92104029655457,
              1.3024757922826578
            ]
          ]
        ]
      },
      "properties": {
        "id": "c9ee93f5c4"
      }
    },
    {
      "type": "Feature",
      "geometry": {
        "type": "Polygon",
        "coordinates": [
          [
            [
              103.9170491695404,
              1.301424637788618
            ],
            [
              103.92101883888245,
              1.3024757922826578
            ],
            [
              103.9170491695404,
              1.301424637788618
            ]
          ]
        ]
      },
      "properties": {
        "id": "042870ca8f"
      }
    },
    {
      "type": "Feature",
      "geometry": {
        "type": "Polygon",
        "coordinates": [
          [
            [
              103.91702771186829,
              1.3014031856517208
            ],
            [
              103.91237139701843,
              1.2994939447198908
            ],
            [
              103.90910983085632,
              1.2984642411462242
            ],
            [
              103.9003336429596,
              1.2958685281935765
            ],
            [
              103.88900399208069,
              1.2906770943132182
            ],
            [
              103.91702771186829,
              1.3014031856517208
            ]
          ]
        ]
      },
      "properties": {
        "id": "790a077f59"
      }
    },
    {
      "type": "Feature",
      "geometry": {
        "type": "Polygon",
        "coordinates": [
          [
            [
              103.93264889717102,
              1.3184790287923633
            ],
            [
              103.93337845802307,
              1.3144245991969041
            ],
            [
              103.9341938495636,
              1.3115500260763033
            ],
            [
              103.93264889717102,
              1.3184790287923633
            ]
          ]
        ]
      },
      "properties": {
        "id": "6fe0191e97"
      }
    },
    {
      "type": "Feature",
      "geometry": {
        "type": "Polygon",
        "coordinates": [
          [
            [
              103.9283037185669,
              1.3191654924093923
            ],
            [
              103.92882943153381,
              1.3186291927247624
            ],
            [
              103.92950534820557,
              1.3183288648509062
            ],
            [
              103.93046021461487,
              1.3182859608659698
            ],
            [
              103.93181204795837,
              1.3185326587692625
            ],
            [
              103.93239140510559,
              1.318618466729899
            ],
            [
              103.93264889717102,
              1.3184683027968513
            ],
            [
              103.9283037185669,
              1.3191654924093923
            ]
          ]
        ]
      },
      "properties": {
        "id": "d483490d40"
      }
    },
    {
      "type": "Feature",
      "geometry": {
        "type": "Polygon",
        "coordinates": [
          [
            [
              103.92588973045349,
              1.3231126545288636
            ],
            [
              103.92614722251892,
              1.3223618361305793
            ],
            [
              103.92732739448547,
              1.3225763556961134
            ],
            [
              103.92773509025574,
              1.3203238993336155
            ],
            [
              103.92790675163269,
              1.3196803399978743
            ],
            [
              103.92835736274719,
              1.3191225884388829
            ],
            [
              103.92588973045349,
              1.3231126545288636
            ]
          ]
        ]
      },
      "properties": {
        "id": "f4eac74e00"
      }
    },
    {
      "type": "Feature",
      "geometry": {
        "type": "Polygon",
        "coordinates": [
          [
            [
              103.92330944538116,
              1.3225227257997205
            ],
            [
              103.9215874671936,
              1.321916707966168
            ],
            [
              103.9200907945633,
              1.3214233128065962
            ],
            [
              103.91921639442444,
              1.3211712521981331
            ],
            [
              103.92330944538116,
              1.3225227257997205
            ]
          ]
        ]
      },
      "properties": {
        "id": "c7a99f8627"
      }
    },
    {
      "type": "Feature",
      "geometry": {
        "type": "Polygon",
        "coordinates": [
          [
            [
              103.92514407634735,
              1.3230161207407753
            ],
            [
              103.92443597316742,
              1.3228766830499872
            ],
            [
              103.9233148097992,
              1.3225227257997205
            ],
            [
              103.92514407634735,
              1.3230161207407753
            ]
          ]
        ]
      },
      "properties": {
        "id": "8f6a3073d1"
      }
    },
    {
      "type": "Feature",
      "geometry": {
        "type": "Polygon",
        "coordinates": [
          [
            [
              103.92588973045349,
              1.3231126545221463
            ],
            [
              103.92586827278137,
              1.3231448324484174
            ],
            [
              103.92514944076538,
              1.3230214837287608
            ],
            [
              103.92588973045349,
              1.3231126545221463
            ]
          ]
        ]
      },
      "properties": {
        "id": "f6f062db6f"
      }
    },
    {
      "type": "Feature",
      "geometry": {
        "type": "Polygon",
        "coordinates": [
          [
            [
              103.78771841526031,
              1.3952544976273606
            ],
            [
              103.79153788089752,
              1.3967989914496806
            ],
            [
              103.78771841526031,
              1.3952544976273606
            ]
          ]
        ]
      },
      "properties": {
        "id": "bea529e426"
      }
    },
    {
      "type": "Feature",
      "geometry": {
        "type": "Polygon",
        "coordinates": [
          [
            [
              103.78145277500153,
              1.3916935774524672
            ],
            [
              103.78458559513092,
              1.392208409617778
            ],
            [
              103.7872463464737,
              1.393023560316241
            ],
            [
              103.78763258457184,
              1.3952544976273606
            ],
            [
              103.78145277500153,
              1.3916935774524672
            ]
          ]
        ]
      },
      "properties": {
        "id": "a3c14be83d"
      }
    },
    {
      "type": "Feature",
      "geometry": {
        "type": "Polygon",
        "coordinates": [
          [
            [
              103.79209578037262,
              1.3998879760476541
            ],
            [
              103.78548681735992,
              1.3970564069880793
            ],
            [
              103.78454267978668,
              1.3943964450655946
            ],
            [
              103.78132402896881,
              1.3917793828211553
            ],
            [
              103.79209578037262,
              1.3998879760476541
            ]
          ]
        ]
      },
      "properties": {
        "id": "3cdcf14692"
      }
    },
    {
      "type": "Feature",
      "geometry": {
        "type": "Polygon",
        "coordinates": [
          [
            [
              103.96307855844498,
              1.3146578899622514
            ],
            [
              103.96305710077286,
              1.3148187801361084
            ],
            [
              103.96307855844498,
              1.3146578899622514
            ]
          ]
        ]
      },
      "properties": {
        "id": "9ea823fe3b"
      }
    },
    {
      "type": "Feature",
      "geometry": {
        "type": "Polygon",
        "coordinates": [
          [
            [
              103.95615845918655,
              1.3117511390369148
            ],
            [
              103.95860463380814,
              1.312641398904499
            ],
            [
              103.95860463380814,
              1.3128344672676973
            ],
            [
              103.96125465631485,
              1.3136496446368036
            ],
            [
              103.96219879388809,
              1.3146471639503021
            ],
            [
              103.96242409944534,
              1.3147222460330437
            ],
            [
              103.96276742219925,
              1.3145291778157182
            ],
            [
              103.96306246519089,
              1.3146257119325995
            ],
            [
              103.96349161863327,
              1.3138105348819558
            ],
            [
              103.95615845918655,
              1.3117511390369148
            ]
          ]
        ]
      },
      "properties": {
        "id": "e06cf52d5a"
      }
    },
    {
      "type": "Feature",
      "geometry": {
        "type": "Polygon",
        "coordinates": [
          [
            [
              103.94243627786636,
              1.3086513160639999
            ],
            [
              103.94554764032364,
              1.3096595634033623
            ],
            [
              103.95086914300919,
              1.3109037829651258
            ],
            [
              103.9523497223854,
              1.311011043243239
            ],
            [
              103.95616918802261,
              1.311718960963473
            ],
            [
              103.94243627786636,
              1.3086513160639999
            ]
          ]
        ]
      },
      "properties": {
        "id": "62337e1939"
      }
    },
    {
      "type": "Feature",
      "geometry": {
        "type": "Polygon",
        "coordinates": [
          [
            [
              103.93510311841965,
              1.3058196405188054
            ],
            [
              103.93449157476425,
              1.3074553625775676
            ],
            [
              103.93408387899399,
              1.3086942202144778
            ],
            [
              103.93489390611649,
              1.3089301930283348
            ],
            [
              103.93510311841965,
              1.3058196405188054
            ]
          ]
        ]
      },
      "properties": {
        "id": "cbfd692cc8"
      }
    },
    {
      "type": "Feature",
      "geometry": {
        "type": "Polygon",
        "coordinates": [
          [
            [
              103.96401733160019,
              1.3495171832387305
            ],
            [
              103.96539062261581,
              1.3487234694552845
            ],
            [
              103.96697849035263,
              1.34647103703903
            ],
            [
              103.96900624036789,
              1.3433712576022598
            ],
            [
              103.96997183561325,
              1.3419983436511271
            ],
            [
              103.96401733160019,
              1.3495171832387305
            ]
          ]
        ]
      },
      "properties": {
        "id": "bbbc8d69d8"
      }
    },
    {
      "type": "Feature",
      "geometry": {
        "type": "Polygon",
        "coordinates": [
          [
            [
              103.94670099020004,
              1.3415585819831075
            ],
            [
              103.94058555364609,
              1.336453050555579
            ],
            [
              103.94670099020004,
              1.3415585819831075
            ]
          ]
        ]
      },
      "properties": {
        "id": "9f4d34fb16"
      }
    },
    {
      "type": "Feature",
      "geometry": {
        "type": "Polygon",
        "coordinates": [
          [
            [
              103.95006984472275,
              1.3375256420736397
            ],
            [
              103.94674390554428,
              1.3415585819831075
            ],
            [
              103.95006984472275,
              1.3375256420736397
            ]
          ]
        ]
      },
      "properties": {
        "id": "2f25e59ed0"
      }
    },
    {
      "type": "Feature",
      "geometry": {
        "type": "Polygon",
        "coordinates": [
          [
            [
              103.95006984472275,
              1.3375041902482967
            ],
            [
              103.95251601934433,
              1.3391988839059565
            ],
            [
              103.953717648983,
              1.3418374552423888
            ],
            [
              103.95449012517929,
              1.3424595570129674
            ],
            [
              103.95006984472275,
              1.3375041902482967
            ]
          ]
        ]
      },
      "properties": {
        "id": "27a85dabd6"
      }
    },
    {
      "type": "Feature",
      "geometry": {
        "type": "Polygon",
        "coordinates": [
          [
            [
              103.95605653524399,
              1.339520661050407
            ],
            [
              103.95500510931015,
              1.3412153533135969
            ],
            [
              103.95451158285141,
              1.3424381052304093
            ],
            [
              103.95605653524399,
              1.339520661050407
            ]
          ]
        ]
      },
      "properties": {
        "id": "2375d750b6"
      }
    },
    {
      "type": "Feature",
      "geometry": {
        "type": "Polygon",
        "coordinates": [
          [
            [
              103.95622819662094,
              1.3392846911486147
            ],
            [
              103.95607799291611,
              1.339499209242099
            ],
            [
              103.95622819662094,
              1.3392846911486147
            ]
          ]
        ]
      },
      "properties": {
        "id": "ec3a3132b8"
      }
    },
    {
      "type": "Feature",
      "geometry": {
        "type": "Polygon",
        "coordinates": [
          [
            [
              103.9588674902916,
              1.3409793835750945
            ],
            [
              103.95624965429306,
              1.3392632393382333
            ],
            [
              103.9588674902916,
              1.3409793835750945
            ]
          ]
        ]
      },
      "properties": {
        "id": "6f85dd5ac8"
      }
    },
    {
      "type": "Feature",
      "geometry": {
        "type": "Polygon",
        "coordinates": [
          [
            [
              103.96024078130722,
              1.3387912994623614
            ],
            [
              103.96000474691391,
              1.3382550040385808
            ],
            [
              103.95948976278305,
              1.3388127512768648
            ],
            [
              103.95914644002914,
              1.3402500224213603
            ],
            [
              103.9588674902916,
              1.3410008353704383
            ],
            [
              103.96024078130722,
              1.3387912994623614
            ]
          ]
        ]
      },
      "properties": {
        "id": "cdc08ab2da"
      }
    },
    {
      "type": "Feature",
      "geometry": {
        "type": "Polygon",
        "coordinates": [
          [
            [
              103.96403878927231,
              1.3494957315187024
            ],
            [
              103.96365255117416,
              1.3496673452771601
            ],
            [
              103.96024078130722,
              1.3388127512768648
            ],
            [
              103.96403878927231,
              1.3494957315187024
            ]
          ]
        ]
      },
      "properties": {
        "id": "9508848846"
      }
    },
    {
      "type": "Feature",
      "geometry": {
        "type": "Polygon",
        "coordinates": [
          [
            [
              103.963802754879,
              1.3529709077661376
            ],
            [
              103.96296590566635,
              1.3562315624341754
            ],
            [
              103.96230071783066,
              1.3579476947060825
            ],
            [
              103.96090596914291,
              1.360285922965162
            ],
            [
              103.963802754879,
              1.3529709077661376
            ]
          ]
        ]
      },
      "properties": {
        "id": "959d027189"
      }
    },
    {
      "type": "Feature",
      "geometry": {
        "type": "Polygon",
        "coordinates": [
          [
            [
              103.96365255117416,
              1.349688796996705
            ],
            [
              103.96371692419052,
              1.3500963796209464
            ],
            [
              103.9641460776329,
              1.3515550958213303
            ],
            [
              103.963802754879,
              1.3529280043860028
            ],
            [
              103.96365255117416,
              1.349688796996705
            ]
          ]
        ]
      },
      "properties": {
        "id": "b5d717e9f3"
      }
    },
    {
      "type": "Feature",
      "geometry": {
        "type": "Polygon",
        "coordinates": [
          [
            [
              103.95648032426834,
              1.3815283006442358
            ],
            [
              103.95644813776016,
              1.3778386510156302
            ],
            [
              103.95644277334213,
              1.3774257102215237
            ],
            [
              103.956238925457,
              1.3771361153363162
            ],
            [
              103.95648032426834,
              1.3815283006442358
            ]
          ]
        ]
      },
      "properties": {
        "id": "416173c58e"
      }
    },
    {
      "type": "Feature",
      "geometry": {
        "type": "Polygon",
        "coordinates": [
          [
            [
              103.95667344331741,
              1.3771843811529665
            ],
            [
              103.95624965429306,
              1.377141478204878
            ],
            [
              103.95667344331741,
              1.3771843811529665
            ]
          ]
        ]
      },
      "properties": {
        "id": "bdb5f1893e"
      }
    },
    {
      "type": "Feature",
      "geometry": {
        "type": "Polygon",
        "coordinates": [
          [
            [
              103.95668417215347,
              1.3774954275034526
            ],
            [
              103.95668417215347,
              1.3771951068898614
            ],
            [
              103.95668417215347,
              1.3774954275034526
            ]
          ]
        ]
      },
      "properties": {
        "id": "6bf7505984"
      }
    },
    {
      "type": "Feature",
      "geometry": {
        "type": "Polygon",
        "coordinates": [
          [
            [
              103.96176964044571,
              1.3789326756299938
            ],
            [
              103.96023541688919,
              1.378412477714208
            ],
            [
              103.9590123295784,
              1.3778922796847741
            ],
            [
              103.9582559466362,
              1.377506153238948
            ],
            [
              103.9578965306282,
              1.377361355805625
            ],
            [
              103.95770877599716,
              1.3773399043332857
            ],
            [
              103.95730644464493,
              1.3774686131644978
            ],
            [
              103.95667880773544,
              1.3774954275034526
            ],
            [
              103.96176964044571,
              1.3789326756299938
            ]
          ]
        ]
      },
      "properties": {
        "id": "f0140444e4"
      }
    },
    {
      "type": "Feature",
      "geometry": {
        "type": "Polygon",
        "coordinates": [
          [
            [
              103.96205395460129,
              1.3791471902014847
            ],
            [
              103.96178036928177,
              1.3789326756301465
            ],
            [
              103.96205395460129,
              1.3791471902014847
            ]
          ]
        ]
      },
      "properties": {
        "id": "f80024e911"
      }
    },
    {
      "type": "Feature",
      "geometry": {
        "type": "Polygon",
        "coordinates": [
          [
            [
              103.96268159151077,
              1.3794796877489885
            ],
            [
              103.96242409944534,
              1.379420696252032
            ],
            [
              103.96205395460129,
              1.37915255306567
            ],
            [
              103.96268159151077,
              1.3794796877489885
            ]
          ]
        ]
      },
      "properties": {
        "id": "be512a88ab"
      }
    },
    {
      "type": "Feature",
      "geometry": {
        "type": "Polygon",
        "coordinates": [
          [
            [
              103.9666673541069,
              1.380262665660855
            ],
            [
              103.96463960409164,
              1.3794046076617146
            ],
            [
              103.9666673541069,
              1.380262665660855
            ]
          ]
        ]
      },
      "properties": {
        "id": "78c358ae53"
      }
    },
    {
      "type": "Feature",
      "geometry": {
        "type": "Polygon",
        "coordinates": [
          [
            [
              103.96156042814255,
              1.3814585834806237
            ],
            [
              103.95975798368454,
              1.3811904405240378
            ],
            [
              103.9577516913414,
              1.3813513263016177
            ],
            [
              103.95701140165329,
              1.381619469240036
            ],
            [
              103.95646423101425,
              1.3815229377856864
            ],
            [
              103.96156042814255,
              1.3814585834806237
            ]
          ]
        ]
      },
      "properties": {
        "id": "9edb15f1f8"
      }
    },
    {
      "type": "Feature",
      "geometry": {
        "type": "Polygon",
        "coordinates": [
          [
            [
              103.96624356508255,
              1.3816409206738653
            ],
            [
              103.96568566560745,
              1.3815175749270732
            ],
            [
              103.96550863981247,
              1.3818018064209374
            ],
            [
              103.96455377340317,
              1.3821664807405658
            ],
            [
              103.96398514509201,
              1.3819734178724117
            ],
            [
              103.96288007497787,
              1.3817803549885586
            ],
            [
              103.96154969930649,
              1.3814693091982444
            ],
            [
              103.96624356508255,
              1.3816409206738653
            ]
          ]
        ]
      },
      "properties": {
        "id": "c744e725b0"
      }
    },
    {
      "type": "Feature",
      "geometry": {
        "type": "Polygon",
        "coordinates": [
          [
            [
              103.96898478269577,
              1.384316985515868
            ],
            [
              103.96746128797531,
              1.38333022047445
            ],
            [
              103.96628111600876,
              1.3816570092490688
            ],
            [
              103.96898478269577,
              1.384316985515868
            ]
          ]
        ]
      },
      "properties": {
        "id": "ef125e9d50"
      }
    },
    {
      "type": "Feature",
      "geometry": {
        "type": "Polygon",
        "coordinates": [
          [
            [
              103.97325485944748,
              1.388821777222743
            ],
            [
              103.97254675626755,
              1.387277278174886
            ],
            [
              103.97046536207199,
              1.3859472920756868
            ],
            [
              103.96896332502365,
              1.384316985515868
            ],
            [
              103.97325485944748,
              1.388821777222743
            ]
          ]
        ]
      },
      "properties": {
        "id": "e6faa55206"
      }
    },
    {
      "type": "Feature",
      "geometry": {
        "type": "Polygon",
        "coordinates": [
          [
            [
              103.98657470941544,
              1.3917284358874018
            ],
            [
              103.98674100637436,
              1.3904842577090184
            ],
            [
              103.98657470941544,
              1.3917284358874018
            ]
          ]
        ]
      },
      "properties": {
        "id": "25bd9cb056"
      }
    },
    {
      "type": "Feature",
      "geometry": {
        "type": "Polygon",
        "coordinates": [
          [
            [
              103.98232609033585,
              1.3928170912551863
            ],
            [
              103.98288935422897,
              1.3924470557432629
            ],
            [
              103.9843162894249,
              1.392264719382703
            ],
            [
              103.98519605398178,
              1.3925811265876205
            ],
            [
              103.98543745279312,
              1.3921252856856863
            ],
            [
              103.98622065782547,
              1.3917767014070772
            ],
            [
              103.9865693449974,
              1.3917284358875162
            ],
            [
              103.98232609033585,
              1.3928170912551863
            ]
          ]
        ]
      },
      "properties": {
        "id": "57f02fe8f5"
      }
    },
    {
      "type": "Feature",
      "geometry": {
        "type": "Polygon",
        "coordinates": [
          [
            [
              103.98077577352524,
              1.3923773389011793
            ],
            [
              103.98152142763138,
              1.3925114097495062
            ],
            [
              103.9817950129509,
              1.3928814452513154
            ],
            [
              103.98232072591782,
              1.3928224540882532
            ],
            [
              103.98077577352524,
              1.3923773389011793
            ]
          ]
        ]
      },
      "properties": {
        "id": "4c281d3361"
      }
    },
    {
      "type": "Feature",
      "geometry": {
        "type": "Polygon",
        "coordinates": [
          [
            [
              103.97940248250961,
              1.3925596752530371
            ],
            [
              103.98049682378769,
              1.3923934274033825
            ],
            [
              103.98077577352524,
              1.392382701735264
            ],
            [
              103.97940248250961,
              1.3925596752530371
            ]
          ]
        ]
      },
      "properties": {
        "id": "7f76f7b555"
      }
    },
    {
      "type": "Feature",
      "geometry": {
        "type": "Polygon",
        "coordinates": [
          [
            [
              103.97382348775864,
              1.3902965583581703
            ],
            [
              103.97337287664413,
              1.3890094766915895
            ],
            [
              103.97323340177536,
              1.3887842373278414
            ],
            [
              103.97382348775864,
              1.3902965583581703
            ]
          ]
        ]
      },
      "properties": {
        "id": "e74aebf061"
      }
    },
    {
      "type": "Feature",
      "geometry": {
        "type": "Polygon",
        "coordinates": [
          [
            [
              103.97939175367355,
              1.3925596752531644
            ],
            [
              103.97839397192001,
              1.3923558875648532
            ],
            [
              103.97674173116684,
              1.3921950025353398
            ],
            [
              103.97535771131516,
              1.3915836393230445
            ],
            [
              103.97508949041367,
              1.391004452975733
            ],
            [
              103.97381275892258,
              1.3902965583581703
            ],
            [
              103.97939175367355,
              1.3925596752531644
            ]
          ]
        ]
      },
      "properties": {
        "id": "4a543dffd8"
      }
    },
    {
      "type": "Feature",
      "geometry": {
        "type": "Polygon",
        "coordinates": [
          [
            [
              103.93281787633896,
              1.398254997721423
            ],
            [
              103.93002837896347,
              1.399799489570514
            ],
            [
              103.92410606145859,
              1.3973540436734022
            ],
            [
              103.92256110906601,
              1.3958524528255438
            ],
            [
              103.93281787633896,
              1.398254997721423
            ]
          ]
        ]
      },
      "properties": {
        "id": "a2fdad0cba"
      }
    },
    {
      "type": "Feature",
      "geometry": {
        "type": "Polygon",
        "coordinates": [
          [
            [
              103.93874019384384,
              1.3896744689740204
            ],
            [
              103.94594997167587,
              1.3848264564373205
            ],
            [
              103.93874019384384,
              1.3896744689740204
            ]
          ]
        ]
      },
      "properties": {
        "id": "25dfe1eb1e"
      }
    },
    {
      "type": "Feature",
      "geometry": {
        "type": "Polygon",
        "coordinates": [
          [
            [
              103.93268913030624,
              1.3983408028508186
            ],
            [
              103.93440574407578,
              1.3966246996671323
            ],
            [
              103.93693774938583,
              1.3917767014076625
            ],
            [
              103.93878310918808,
              1.3896315662518022
            ],
            [
              103.93268913030624,
              1.3983408028508186
            ]
          ]
        ]
      },
      "properties": {
        "id": "4a271148f9"
      }
    },
    {
      "type": "Feature",
      "geometry": {
        "type": "Polygon",
        "coordinates": [
          [
            [
              103.96416753530502,
              1.3730281544761618
            ],
            [
              103.9667209982872,
              1.3802143999079177
            ],
            [
              103.96416753530502,
              1.3730281544761618
            ]
          ]
        ]
      },
      "properties": {
        "id": "1fef14a4ef"
      }
    },
    {
      "type": "Feature",
      "geometry": {
        "type": "Polygon",
        "coordinates": [
          [
            [
              103.9661630988121,
              1.36642107991038
            ],
            [
              103.96562665700912,
              1.3671182558455055
            ],
            [
              103.96476835012436,
              1.3685876875379375
            ],
            [
              103.96504729986191,
              1.3721164650764677
            ],
            [
              103.96417826414108,
              1.373028154476327
            ],
            [
              103.9661630988121,
              1.36642107991038
            ]
          ]
        ]
      },
      "properties": {
        "id": "72e8ce81c4"
      }
    },
    {
      "type": "Feature",
      "geometry": {
        "type": "Polygon",
        "coordinates": [
          [
            [
              103.96204322576523,
              1.3613585039798097
            ],
            [
              103.96095961332321,
              1.3602537455297012
            ],
            [
              103.96204322576523,
              1.3613585039798097
            ]
          ]
        ]
      },
      "properties": {
        "id": "7cd209bcde"
      }
    },
    {
      "type": "Feature",
      "geometry": {
        "type": "Polygon",
        "coordinates": [
          [
            [
              103.96498292684555,
              1.3643617282746927
            ],
            [
              103.96299809217453,
              1.3622809232688038
            ],
            [
              103.96203249692917,
              1.3613477781720267
            ],
            [
              103.96498292684555,
              1.3643617282746927
            ]
          ]
        ]
      },
      "properties": {
        "id": "575f145b8f"
      }
    },
    {
      "type": "Feature",
      "geometry": {
        "type": "Polygon",
        "coordinates": [
          [
            [
              103.96498292684555,
              1.3643510024802934
            ],
            [
              103.96554082632065,
              1.3648980179330565
            ],
            [
              103.96659225225449,
              1.3659705968909415
            ],
            [
              103.96614164113998,
              1.3664532572658052
            ],
            [
              103.96498292684555,
              1.3643510024802934
            ]
          ]
        ]
      },
      "properties": {
        "id": "eab71121f7"
      }
    },
    {
      "type": "Feature",
      "geometry": {
        "type": "Polygon",
        "coordinates": [
          [
            [
              103.97153824567795,
              1.340518169934218
            ],
            [
              103.97179573774338,
              1.3410330130677224
            ],
            [
              103.97153824567795,
              1.340518169934218
            ]
          ]
        ]
      },
      "properties": {
        "id": "cf4cd0cbf9"
      }
    },
    {
      "type": "Feature",
      "geometry": {
        "type": "Polygon",
        "coordinates": [
          [
            [
              103.96992892026901,
              1.3420841507956462
            ],
            [
              103.97145241498947,
              1.3405610735328186
            ],
            [
              103.96992892026901,
              1.3420841507956462
            ]
          ]
        ]
      },
      "properties": {
        "id": "e42b46a877"
      }
    },
    {
      "type": "Feature",
      "geometry": {
        "type": "Polygon",
        "coordinates": [
          [
            [
              103.97705286741257,
              1.3379654044657951
            ],
            [
              103.97265404462814,
              1.3398746158652972
            ],
            [
              103.97149533033371,
              1.3405396217338237
            ],
            [
              103.97705286741257,
              1.3379654044657951
            ]
          ]
        ]
      },
      "properties": {
        "id": "2929edd8f3"
      }
    },
    {
      "type": "Feature",
      "geometry": {
        "type": "Polygon",
        "coordinates": [
          [
            [
              103.97885531187057,
              1.3353697326520828
            ],
            [
              103.97889822721481,
              1.3365281319823372
            ],
            [
              103.97707432508469,
              1.3379439526438748
            ],
            [
              103.97885531187057,
              1.3353697326520828
            ]
          ]
        ]
      },
      "properties": {
        "id": "ac37306e20"
      }
    },
    {
      "type": "Feature",
      "geometry": {
        "type": "Polygon",
        "coordinates": [
          [
            [
              103.97289007902145,
              1.3268962394973296
            ],
            [
              103.97885531187057,
              1.3353911844964836
            ],
            [
              103.97289007902145,
              1.3268962394973296
            ]
          ]
        ]
      },
      "properties": {
        "id": "319a072c5d"
      }
    },
    {
      "type": "Feature",
      "geometry": {
        "type": "Polygon",
        "coordinates": [
          [
            [
              103.96302491426468,
              1.3148697286977082
            ],
            [
              103.96233826875687,
              1.3164571778244738
            ],
            [
              103.96707504987717,
              1.3185085252805115
            ],
            [
              103.96872729063034,
              1.3199458082447497
            ],
            [
              103.97291153669357,
              1.326896239497406
            ],
            [
              103.96302491426468,
              1.3148697286977082
            ]
          ]
        ]
      },
      "properties": {
        "id": "859614bbd9"
      }
    },
    {
      "type": "Feature",
      "geometry": {
        "type": "Polygon",
        "coordinates": [
          [
            [
              103.9822456240654,
              1.3165992973737017
            ],
            [
              103.97027224302292,
              1.3156554088792622
            ],
            [
              103.96353453397751,
              1.3137676308192867
            ],
            [
              103.9822456240654,
              1.3165992973737017
            ]
          ]
        ]
      },
      "properties": {
        "id": "74587265f3"
      }
    },
    {
      "type": "Feature",
      "geometry": {
        "type": "Polygon",
        "coordinates": [
          [
            [
              104.03249144554138,
              1.3250647812939755
            ],
            [
              104.03304934501648,
              1.3168272249317454
            ],
            [
              104.03231978416443,
              1.3157546244402587
            ],
            [
              104.03249144554138,
              1.3250647812939755
            ]
          ]
        ]
      },
      "properties": {
        "id": "2903a3d0f9"
      }
    },
    {
      "type": "Feature",
      "geometry": {
        "type": "Polygon",
        "coordinates": [
          [
            [
              103.98382544517517,
              1.3120648752297837
            ],
            [
              103.98502707481384,
              1.3128800528498354
            ],
            [
              103.98481249809265,
              1.3153684881503869
            ],
            [
              103.98399710655212,
              1.3168701289418083
            ],
            [
              103.98228049278259,
              1.3166127048703629
            ],
            [
              103.98382544517517,
              1.3120648752297837
            ]
          ]
        ]
      },
      "properties": {
        "id": "d371a32773"
      }
    },
    {
      "type": "Feature",
      "geometry": {
        "type": "Polygon",
        "coordinates": [
          [
            [
              103.99755835533142,
              1.3110351768037432
            ],
            [
              103.99039149284363,
              1.3139526545764844
            ],
            [
              103.99755835533142,
              1.3110351768037432
            ]
          ]
        ]
      },
      "properties": {
        "id": "5c8a448734"
      }
    },
    {
      "type": "Feature",
      "geometry": {
        "type": "Polygon",
        "coordinates": [
          [
            [
              104.00854468345642,
              1.3140813667527367
            ],
            [
              104.0045964717865,
              1.3112496973441046
            ],
            [
              104.00232195854187,
              1.310477423312781
            ],
            [
              104.00034785270691,
              1.3103058068290203
            ],
            [
              103.99760127067566,
              1.3109922726934546
            ],
            [
              104.00854468345642,
              1.3140813667527367
            ]
          ]
        ]
      },
      "properties": {
        "id": "7f13cfd0ac"
      }
    },
    {
      "type": "Feature",
      "geometry": {
        "type": "Polygon",
        "coordinates": [
          [
            [
              104.03227686882019,
              1.3157546244402587
            ],
            [
              104.01365160942078,
              1.3155830083188014
            ],
            [
              104.01077628135681,
              1.3149394477582415
            ],
            [
              104.00850176811218,
              1.3140813667527367
            ],
            [
              104.03227686882019,
              1.3157546244402587
            ]
          ]
        ]
      },
      "properties": {
        "id": "949b9e008d"
      }
    },
    {
      "type": "Feature",
      "geometry": {
        "type": "Polygon",
        "coordinates": [
          [
            [
              103.98682951927185,
              1.3934954895386924
            ],
            [
              103.99893164634705,
              1.389162317671992
            ],
            [
              103.99948954582214,
              1.388604582101458
            ],
            [
              104.00026202201843,
              1.3871887912160827
            ],
            [
              103.98682951927185,
              1.3934954895386924
            ]
          ]
        ]
      },
      "properties": {
        "id": "55ece4f32d"
      }
    },
    {
      "type": "Feature",
      "geometry": {
        "type": "Polygon",
        "coordinates": [
          [
            [
              103.98640036582947,
              1.3925945336675651
            ],
            [
              103.98674368858337,
              1.3934096842324704
            ],
            [
              103.98640036582947,
              1.3925945336675651
            ]
          ]
        ]
      },
      "properties": {
        "id": "d2b63298d2"
      }
    },
    {
      "type": "Feature",
      "geometry": {
        "type": "Polygon",
        "coordinates": [
          [
            [
              103.98961901664734,
              1.390191982994743
            ],
            [
              103.989919424057,
              1.3906210100800456
            ],
            [
              103.98979067802429,
              1.3909213289933504
            ],
            [
              103.98824572563171,
              1.3909213289933504
            ],
            [
              103.98751616477966,
              1.3922084096173581
            ],
            [
              103.98640036582947,
              1.3925516309984496
            ],
            [
              103.98961901664734,
              1.390191982994743
            ]
          ]
        ]
      },
      "properties": {
        "id": "0fce1c8898"
      }
    },
    {
      "type": "Feature",
      "geometry": {
        "type": "Polygon",
        "coordinates": [
          [
            [
              103.98953318595886,
              1.3902348857067832
            ],
            [
              103.98661494255066,
              1.3916935774520347
            ],
            [
              103.98953318595886,
              1.3902348857067832
            ]
          ]
        ]
      },
      "properties": {
        "id": "6f698c5115"
      }
    },
    {
      "type": "Feature",
      "geometry": {
        "type": "Polygon",
        "coordinates": [
          [
            [
              104.00871634483337,
              1.3738459931958982
            ],
            [
              104.00682806968689,
              1.373760187178924
            ],
            [
              104.00502562522888,
              1.3764630752324203
            ],
            [
              104.00227904319763,
              1.3833275390435151
            ],
            [
              104.00103449821472,
              1.3848291378582684
            ],
            [
              104.00030493736267,
              1.3871458884487515
            ],
            [
              104.00871634483337,
              1.3738459931958982
            ]
          ]
        ]
      },
      "properties": {
        "id": "ed478fa821"
      }
    },
    {
      "type": "Feature",
      "geometry": {
        "type": "Polygon",
        "coordinates": [
          [
            [
              104.01275038719177,
              1.3701992347583714
            ],
            [
              104.01227831840515,
              1.3698989132276989
            ],
            [
              104.01116251945496,
              1.3689550453153794
            ],
            [
              104.00957465171814,
              1.368740529828792
            ],
            [
              104.00614142417908,
              1.3703708470452756
            ],
            [
              104.00652766227722,
              1.372473096554527
            ],
            [
              104.00884509086609,
              1.3726447086778237
            ],
            [
              104.01275038719177,
              1.3701992347583714
            ]
          ]
        ]
      },
      "properties": {
        "id": "d3d86877e9"
      }
    },
    {
      "type": "Feature",
      "geometry": {
        "type": "Polygon",
        "coordinates": [
          [
            [
              104.00880217552185,
              1.3738030901877865
            ],
            [
              104.00888800621033,
              1.3726876117067235
            ],
            [
              104.00880217552185,
              1.3738030901877865
            ]
          ]
        ]
      },
      "properties": {
        "id": "6356a3fe8d"
      }
    },
    {
      "type": "Feature",
      "geometry": {
        "type": "Polygon",
        "coordinates": [
          [
            [
              104.01485323905945,
              1.3686976267286224
            ],
            [
              104.01901602745056,
              1.366809889585872
            ],
            [
              104.01991724967957,
              1.3674534365059108
            ],
            [
              104.01485323905945,
              1.3686976267286224
            ]
          ]
        ]
      },
      "properties": {
        "id": "1b55169355"
      }
    },
    {
      "type": "Feature",
      "geometry": {
        "type": "Polygon",
        "coordinates": [
          [
            [
              104.02000308036804,
              1.3674105333832736
            ],
            [
              104.02737647294998,
              1.3639943697951118
            ],
            [
              104.03432875871658,
              1.3600472736327494
            ],
            [
              104.02000308036804,
              1.3674105333832736
            ]
          ]
        ]
      },
      "properties": {
        "id": "12011b5385"
      }
    },
    {
      "type": "Feature",
      "geometry": {
        "type": "Polygon",
        "coordinates": [
          [
            [
              104.0144670009613,
              1.369813107069152
            ],
            [
              104.01485323905945,
              1.3687834329270916
            ],
            [
              104.0144670009613,
              1.369813107069152
            ]
          ]
        ]
      },
      "properties": {
        "id": "9608a51d13"
      }
    },
    {
      "type": "Feature",
      "geometry": {
        "type": "Polygon",
        "coordinates": [
          [
            [
              104.01279330253601,
              1.3701563316848546
            ],
            [
              104.0135657787323,
              1.3701134286105874
            ],
            [
              104.01442408561707,
              1.3698560101488007
            ],
            [
              104.01279330253601,
              1.3701563316848546
            ]
          ]
        ]
      },
      "properties": {
        "id": "fd7ae773bc"
      }
    },
    {
      "type": "Feature",
      "geometry": {
        "type": "Polygon",
        "coordinates": [
          [
            [
              103.84508550167084,
              1.2889609154847843
            ],
            [
              103.84445250034332,
              1.2893148774615968
            ],
            [
              103.84418427944183,
              1.2897868266874597
            ],
            [
              103.84409844875336,
              1.2901086102003856
            ],
            [
              103.84508550167084,
              1.2889609154847843
            ]
          ]
        ]
      },
      "properties": {
        "id": "3e1ca04f3f"
      }
    },
    {
      "type": "Feature",
      "geometry": {
        "type": "Polygon",
        "coordinates": [
          [
            [
              103.84934484958649,
              1.288800023660868
            ],
            [
              103.84888350963593,
              1.2891968901414548
            ],
            [
              103.84819686412811,
              1.2894864953720397
            ],
            [
              103.84733855724335,
              1.289743922216013
            ],
            [
              103.84688794612885,
              1.289743922216013
            ],
            [
              103.84510695934296,
              1.288939463242178
            ],
            [
              103.84934484958649,
              1.288800023660868
            ]
          ]
        ]
      },
      "properties": {
        "id": "a272279a81"
      }
    },
    {
      "type": "Feature",
      "geometry": {
        "type": "Polygon",
        "coordinates": [
          [
            [
              103.85379731655121,
              1.2871160219608824
            ],
            [
              103.85338962078094,
              1.2873841751723016
            ],
            [
              103.85227382183075,
              1.286107765633654
            ],
            [
              103.85132968425751,
              1.285721624807077
            ],
            [
              103.85035336017609,
              1.2859146952276743
            ],
            [
              103.84990274906158,
              1.2863866450831727
            ],
            [
              103.85379731655121,
              1.2871160219608824
            ]
          ]
        ]
      },
      "properties": {
        "id": "a324babe6e"
      }
    },
    {
      "type": "Feature",
      "geometry": {
        "type": "Polygon",
        "coordinates": [
          [
            [
              103.84934484958649,
              1.28878929753891
            ],
            [
              103.84954869747162,
              1.2880384688897997
            ],
            [
              103.84951651096344,
              1.2873734490443767
            ],
            [
              103.8495808839798,
              1.2870194867978657
            ],
            [
              103.84988129138947,
              1.2864080973472667
            ],
            [
              103.84934484958649,
              1.28878929753891
            ]
          ]
        ]
      },
      "properties": {
        "id": "695b82978e"
      }
    },
    {
      "type": "Feature",
      "geometry": {
        "type": "Polygon",
        "coordinates": [
          [
            [
              103.85382950305939,
              1.2871267480898887
            ],
            [
              103.85409772396088,
              1.2889180109993938
            ],
            [
              103.85382950305939,
              1.2871267480898887
            ]
          ]
        ]
      },
      "properties": {
        "id": "da97f98db2"
      }
    },
    {
      "type": "Feature",
      "geometry": {
        "type": "Polygon",
        "coordinates": [
          [
            [
              103.86181175708771,
              1.2884567877362707
            ],
            [
              103.86407554149628,
              1.2884675138596156
            ],
            [
              103.86477291584015,
              1.2888107497831571
            ],
            [
              103.8649982213974,
              1.2892397946225322
            ],
            [
              103.86507332324982,
              1.2897224699803784
            ],
            [
              103.86181175708771,
              1.2884567877362707
            ]
          ]
        ]
      },
      "properties": {
        "id": "41578d5c73"
      }
    },
    {
      "type": "Feature",
      "geometry": {
        "type": "Polygon",
        "coordinates": [
          [
            [
              103.86950969696045,
              1.282412610053598
            ],
            [
              103.86776089668274,
              1.2837533782983055
            ],
            [
              103.86705815792084,
              1.2840697995015182
            ],
            [
              103.865105509758,
              1.2850029736693664
            ],
            [
              103.86169373989105,
              1.286193574698681
            ],
            [
              103.86182248592377,
              1.2884675138596156
            ],
            [
              103.86950969696045,
              1.282412610053598
            ]
          ]
        ]
      },
      "properties": {
        "id": "24f700eb19"
      }
    },
    {
      "type": "Feature",
      "geometry": {
        "type": "Polygon",
        "coordinates": [
          [
            [
              103.842953145504,
              1.290312406404988
            ],
            [
              103.84285122156143,
              1.2903955337992281
            ],
            [
              103.84280562400818,
              1.2905135210637868
            ],
            [
              103.84240597486496,
              1.2905001134400818
            ],
            [
              103.842953145504,
              1.290312406404988
            ]
          ]
        ]
      },
      "properties": {
        "id": "11666653e2"
      }
    },
    {
      "type": "Feature",
      "geometry": {
        "type": "Polygon",
        "coordinates": [
          [
            [
              103.84397506713867,
              1.2805945271927313
            ],
            [
              103.84414672851562,
              1.2807661456891086
            ],
            [
              103.84397506713867,
              1.2805945271927313
            ]
          ]
        ]
      },
      "properties": {
        "id": "3a5348e2a4"
      }
    },
    {
      "type": "Feature",
      "geometry": {
        "type": "Polygon",
        "coordinates": [
          [
            [
              103.84260714054108,
              1.2709141528238694
            ],
            [
              103.84253203868866,
              1.2709463314138845
            ],
            [
              103.84204924106598,
              1.27131102207276
            ],
            [
              103.84177029132843,
              1.2717937008067524
            ],
            [
              103.84171664714813,
              1.2722012961118272
            ],
            [
              103.84177029132843,
              1.272437272311639
            ],
            [
              103.84260714054108,
              1.2709141528238694
            ]
          ]
        ]
      },
      "properties": {
        "id": "0bc4e0b136"
      }
    },
    {
      "type": "Feature",
      "geometry": {
        "type": "Polygon",
        "coordinates": [
          [
            [
              103.84539663791656,
              1.2725230818334956
            ],
            [
              103.8439267873764,
              1.272437272311639
            ],
            [
              103.84263932704926,
              1.2709248790205963
            ],
            [
              103.84539663791656,
              1.2725230818334956
            ]
          ]
        ]
      },
      "properties": {
        "id": "6a556ce41a"
      }
    },
    {
      "type": "Feature",
      "geometry": {
        "type": "Polygon",
        "coordinates": [
          [
            [
              103.82349908351898,
              1.2630947435876605
            ],
            [
              103.82427155971527,
              1.2630732911293492
            ],
            [
              103.82349908351898,
              1.2630947435876605
            ]
          ]
        ]
      },
      "properties": {
        "id": "e0d5c4f375"
      }
    },
    {
      "type": "Feature",
      "geometry": {
        "type": "Polygon",
        "coordinates": [
          [
            [
              103.80519568920135,
              1.2837748305871441
            ],
            [
              103.80169808864594,
              1.2839464488702845
            ],
            [
              103.80519568920135,
              1.2837748305871441
            ]
          ]
        ]
      },
      "properties": {
        "id": "9b62a595bf"
      }
    },
    {
      "type": "Feature",
      "geometry": {
        "type": "Polygon",
        "coordinates": [
          [
            [
              103.81231963634491,
              1.2830883573394212
            ],
            [
              103.8105171918869,
              1.283388689407971
            ],
            [
              103.80661189556122,
              1.2836675691543498
            ],
            [
              103.80519568920135,
              1.2837748305871441
            ],
            [
              103.81231963634491,
              1.2830883573394212
            ]
          ]
        ]
      },
      "properties": {
        "id": "4c8d7e7740"
      }
    },
    {
      "type": "Feature",
      "geometry": {
        "type": "Polygon",
        "coordinates": [
          [
            [
              103.82819563150406,
              1.3060314799986137
            ],
            [
              103.82827073335648,
              1.3068788377168106
            ],
            [
              103.82842361927032,
              1.3069324679401773
            ],
            [
              103.82868647575378,
              1.3068359335331021
            ],
            [
              103.82870256900787,
              1.3068332520217372
            ],
            [
              103.82819563150406,
              1.3060314799986137
            ]
          ]
        ]
      },
      "properties": {
        "id": "c3aeebfebb"
      }
    },
    {
      "type": "Feature",
      "geometry": {
        "type": "Polygon",
        "coordinates": [
          [
            [
              103.8302019238472,
              1.2957773564220305
            ],
            [
              103.8313177227974,
              1.2929456664290901
            ],
            [
              103.83157521486282,
              1.2924308133635531
            ],
            [
              103.83170396089554,
              1.2921733867916319
            ],
            [
              103.8302019238472,
              1.2957773564220305
            ]
          ]
        ]
      },
      "properties": {
        "id": "ac37c92360"
      }
    },
    {
      "type": "Feature",
      "geometry": {
        "type": "Polygon",
        "coordinates": [
          [
            [
              103.83117824792862,
              1.2961045022208915
            ],
            [
              103.83019119501114,
              1.2957934455604339
            ],
            [
              103.83015900850296,
              1.2958256238374184
            ],
            [
              103.83117824792862,
              1.2961045022208915
            ]
          ]
        ]
      },
      "properties": {
        "id": "b7e0b96f6f"
      }
    },
    {
      "type": "Feature",
      "geometry": {
        "type": "Polygon",
        "coordinates": [
          [
            [
              103.83000880479813,
              1.29911316896871
            ],
            [
              103.83063107728958,
              1.296978678481197
            ],
            [
              103.83077055215836,
              1.2967534306362454
            ],
            [
              103.8311567902565,
              1.296125954402749
            ],
            [
              103.83000880479813,
              1.29911316896871
            ]
          ]
        ]
      },
      "properties": {
        "id": "2583dc4b52"
      }
    },
    {
      "type": "Feature",
      "geometry": {
        "type": "Polygon",
        "coordinates": [
          [
            [
              103.82936507463455,
              1.3018483174597628
            ],
            [
              103.82918268442154,
              1.3011940273062164
            ],
            [
              103.82923632860184,
              1.3008293409174643
            ],
            [
              103.83000880479813,
              1.299102442890478
            ],
            [
              103.82936507463455,
              1.3018483174597628
            ]
          ]
        ]
      },
      "properties": {
        "id": "33a6976ba3"
      }
    },
    {
      "type": "Feature",
      "geometry": {
        "type": "Polygon",
        "coordinates": [
          [
            [
              103.82889300584793,
              1.30234171647965
            ],
            [
              103.82945090532303,
              1.3019663041906882
            ],
            [
              103.82936507463455,
              1.3018590435264303
            ],
            [
              103.82889300584793,
              1.30234171647965
            ]
          ]
        ]
      },
      "properties": {
        "id": "668eae32e9"
      }
    },
    {
      "type": "Feature",
      "geometry": {
        "type": "Polygon",
        "coordinates": [
          [
            [
              103.82972985506058,
              1.304143694688055
            ],
            [
              103.82907539606094,
              1.3027064026497834
            ],
            [
              103.82885009050369,
              1.3023738946733678
            ],
            [
              103.82893592119217,
              1.3023202643504752
            ],
            [
              103.82972985506058,
              1.304143694688055
            ]
          ]
        ]
      },
      "properties": {
        "id": "5e229ccc2a"
      }
    },
    {
      "type": "Feature",
      "geometry": {
        "type": "Polygon",
        "coordinates": [
          [
            [
              103.82820636034012,
              1.3060422060474701
            ],
            [
              103.83013755083084,
              1.3050446833084886
            ],
            [
              103.82971912622452,
              1.3041329686311072
            ],
            [
              103.82820636034012,
              1.3060422060474701
            ]
          ]
        ]
      },
      "properties": {
        "id": "3d849abc9f"
      }
    },
    {
      "type": "Feature",
      "geometry": {
        "type": "Polygon",
        "coordinates": [
          [
            [
              103.79877716302872,
              1.2927847748458785
            ],
            [
              103.79905611276627,
              1.28776495269154
            ],
            [
              103.7990990281105,
              1.2864134604207453
            ],
            [
              103.79944235086441,
              1.2855768219895585
            ],
            [
              103.80004316568375,
              1.2850405151586801
            ],
            [
              103.8003221154213,
              1.284761635562118
            ],
            [
              103.80203872919083,
              1.2847401832842078
            ],
            [
              103.79877716302872,
              1.2927847748458785
            ]
          ]
        ]
      },
      "properties": {
        "id": "86bf10ba69"
      }
    },
    {
      "type": "Feature",
      "geometry": {
        "type": "Polygon",
        "coordinates": [
          [
            [
              103.79686743021011,
              1.2969465002195808
            ],
            [
              103.79826217889786,
              1.2951659690661703
            ],
            [
              103.79873424768448,
              1.2943293335137798
            ],
            [
              103.79877716302872,
              1.2927847748458785
            ],
            [
              103.79686743021011,
              1.2969465002195808
            ]
          ]
        ]
      },
      "properties": {
        "id": "5843870992"
      }
    },
    {
      "type": "Feature",
      "geometry": {
        "type": "Polygon",
        "coordinates": [
          [
            [
              103.79194289445877,
              1.3077798253668442
            ],
            [
              103.79181414842606,
              1.3076403868246724
            ],
            [
              103.79168540239334,
              1.3075009482747526
            ],
            [
              103.79194289445877,
              1.3077798253668442
            ]
          ]
        ]
      },
      "properties": {
        "id": "69864357b9"
      }
    },
    {
      "type": "Feature",
      "geometry": {
        "type": "Polygon",
        "coordinates": [
          [
            [
              103.79444271326065,
              1.306149466543591
            ],
            [
              103.79197508096695,
              1.3078012774495702
            ],
            [
              103.79444271326065,
              1.306149466543591
            ]
          ]
        ]
      },
      "properties": {
        "id": "7d4f5e10d0"
      }
    },
    {
      "type": "Feature",
      "geometry": {
        "type": "Polygon",
        "coordinates": [
          [
            [
              103.79710346460342,
              1.3061387404952054
            ],
            [
              103.79563361406326,
              1.3074794961894696
            ],
            [
              103.79452854394913,
              1.306085110252552
            ],
            [
              103.79445344209671,
              1.306149466543591
            ],
            [
              103.79710346460342,
              1.3061387404952054
            ]
          ]
        ]
      },
      "properties": {
        "id": "13710128a6"
      }
    },
    {
      "type": "Feature",
      "geometry": {
        "type": "Polygon",
        "coordinates": [
          [
            [
              103.80227476358414,
              1.3069968242125656
            ],
            [
              103.79962474107742,
              1.3081766888581166
            ],
            [
              103.79712492227554,
              1.3061172883888543
            ],
            [
              103.80227476358414,
              1.3069968242125656
            ]
          ]
        ]
      },
      "properties": {
        "id": "35b4d71e0f"
      }
    },
    {
      "type": "Feature",
      "geometry": {
        "type": "Polygon",
        "coordinates": [
          [
            [
              103.86622935533524,
              1.2942542508245702
            ],
            [
              103.87144356966019,
              1.2950908864017308
            ],
            [
              103.87846022844315,
              1.2953054083001254
            ],
            [
              103.88129264116287,
              1.2953912170543869
            ],
            [
              103.86622935533524,
              1.2942542508245702
            ]
          ]
        ]
      },
      "properties": {
        "id": "c5566b15c3"
      }
    },
    {
      "type": "Feature",
      "geometry": {
        "type": "Polygon",
        "coordinates": [
          [
            [
              103.88131409883499,
              1.2953912170543869
            ],
            [
              103.8851335644722,
              1.29551993018034
            ],
            [
              103.88511210680008,
              1.2941684420318114
            ],
            [
              103.88483315706253,
              1.293267449532653
            ],
            [
              103.88444691896439,
              1.2928169531631035
            ],
            [
              103.88470441102982,
              1.2873251814777598
            ],
            [
              103.88131409883499,
              1.2953912170543869
            ]
          ]
        ]
      },
      "properties": {
        "id": "832753d26a"
      }
    },
    {
      "type": "Feature",
      "geometry": {
        "type": "Polygon",
        "coordinates": [
          [
            [
              104.0324404835701,
              1.3251237741227704
            ],
            [
              104.02317076921463,
              1.324952158648136
            ],
            [
              104.02076750993729,
              1.3275263895183664
            ],
            [
              104.03252631425858,
              1.354469844140641
            ],
            [
              104.03484374284744,
              1.3597898540933655
            ],
            [
              104.03432875871658,
              1.3600472736327494
            ],
            [
              104.0324404835701,
              1.3251237741227704
            ]
          ]
        ]
      },
      "properties": {
        "id": "2b44b890d6"
      }
    }
  ]
}